近頃は,電子契約,増えており,押印逆さに,した日は遠く,#DIV/0!,#DIV/0!,#DIV/0!,#DIV/0!,#DIV/0!,#DIV/0!,,,,,,,,,,,,,,,
,,,,山本,,,,,,,,,,,,,,,,,,,,,
,,,,海原,,,,,,,,,,,,,,,,,,,,,
,,,,山下,,,,,,,,,,,,,,,,,,,,,
,,,,大氏,,,,,,,,,,,,,,,,,,,,,
税額を,確認しては,貼っていた,一万円の,収入印紙,#DIV/0!,#DIV/0!,#DIV/0!,#DIV/0!,#DIV/0!,#DIV/0!,,,,,,,,,,,,,,,
,,,,山本,,,,,,,,,,,,,,,,,,,,,
,,,,海原,,,,,,,,,,,,,,,,,,,,,
,,,,山下,,,,,,,,,,,,,,,,,,,,,
,,,,大氏,,,,,,,,,,,,,,,,,,,,,
転勤も,異動もあった,これまでに,積んだスキルを,見せてください,#DIV/0!,#DIV/0!,#DIV/0!,#DIV/0!,#DIV/0!,#DIV/0!,,,,,,,,,,,,,,,
,,,,山本,,,,,,,,,,,,,,,,,,,,,
,,,,海原,,,,,,,,,,,,,,,,,,,,,
,,,,山下,,,,,,,,,,,,,,,,,,,,,
,,,,大氏,,,,,,,,,,,,,,,,,,,,,
書架にある,古い文書を,開くたび,手書きの文字が,息をしている,#DIV/0!,#DIV/0!,#DIV/0!,#DIV/0!,#DIV/0!,#DIV/0!,,,,,,,,,,,,,,,
,,,,山本,,,,,,,,,,,,,,,,,,,,,
,,,,海原,,,,,,,,,,,,,,,,,,,,,
,,,,山下,,,,,,,,,,,,,,,,,,,,,
,,,,大氏,,,,,,,,,,,,,,,,,,,,,
クリップの,形のままに,錆がつき,平成一桁,稟議書捨てる,#DIV/0!,#DIV/0!,#DIV/0!,#DIV/0!,#DIV/0!,#DIV/0!,,,,,,,,,,,,,,,
,,,,山本,,,,,,,,,,,,,,,,,,,,,
,,,,海原,,,,,,,,,,,,,,,,,,,,,
,,,,山下,,,,,,,,,,,,,,,,,,,,,
,,,,大氏,,,,,,,,,,,,,,,,,,,,,
朱の色は,時間をかけて,淡くなり,書類にならぶ,印影をよむ,#DIV/0!,#DIV/0!,#DIV/0!,#DIV/0!,#DIV/0!,#DIV/0!,,,,,,,,,,,,,,,
,,,,山本,,,,,,,,,,,,,,,,,,,,,
,,,,海原,,,,,,,,,,,,,,,,,,,,,
,,,,山下,,,,,,,,,,,,,,,,,,,,,
,,,,大氏,,,,,,,,,,,,,,,,,,,,,
リスキリング,予算一兆,円という,ななめ読みして,研ぐ米二合,#DIV/0!,#DIV/0!,#DIV/0!,#DIV/0!,#DIV/0!,#DIV/0!,,,,,,,,,,,,,,,
,,,,山本,,,,,,,,,,,,,,,,,,,,,
,,,,海原,,,,,,,,,,,,,,,,,,,,,
,,,,山下,,,,,,,,,,,,,,,,,,,,,
,,,,大氏,,,,,,,,,,,,,,,,,,,,,
涼やかな,青空出社の,足元は,白のオニツカ,タイガーにする,#DIV/0!,#DIV/0!,#DIV/0!,#DIV/0!,#DIV/0!,#DIV/0!,,,,,,,,,,,,,,,
,,,,山本,,,,,,,,,,,,,,,,,,,,,
,,,,海原,,,,,,,,,,,,,,,,,,,,,
,,,,山下,,,,,,,,,,,,,,,,,,,,,
,,,,大氏,,,,,,,,,,,,,,,,,,,,,
田子の浦に,うちいでて見れば,白妙の,富士の高嶺に,雪はふりつつ,#DIV/0!,#DIV/0!,#DIV/0!,#DIV/0!,#DIV/0!,#DIV/0!,,,,,,,,,,,,,,,
,,,,山本,,,,,,,,,,,,,,,,,,,,,
,,,,海原,,,,,,,,,,,,,,,,,,,,,
,,,,山下,,,,,,,,,,,,,,,,,,,,,
,,,,大氏,,,,,,,,,,,,,,,,,,,,,
天の原,富士のけぶりの,春の色の,霞になびく,あけぼのの空,#DIV/0!,#DIV/0!,#DIV/0!,#DIV/0!,#DIV/0!,#DIV/0!,,,,,,,,,,,,,,,
,,,,山本,,,,,,,,,,,,,,,,,,,,,
,,,,海原,,,,,,,,,,,,,,,,,,,,,
,,,,山下,,,,,,,,,,,,,,,,,,,,,
,,,,大氏,,,,,,,,,,,,,,,,,,,,,
道すがら,富士のけぶりも,わかざりき,晴るる間もなき,空のけしきに,#DIV/0!,#DIV/0!,#DIV/0!,#DIV/0!,#DIV/0!,#DIV/0!,,,,,,,,,,,,,,,
,,,,山本,,,,,,,,,,,,,,,,,,,,,
,,,,海原,,,,,,,,,,,,,,,,,,,,,
,,,,山下,,,,,,,,,,,,,,,,,,,,,
,,,,大氏,,,,,,,,,,,,,,,,,,,,,
しるしなき,けぶりを雲に,まがへつつ,夜を経て富士の,山と燃えなむ,#DIV/0!,#DIV/0!,#DIV/0!,#DIV/0!,#DIV/0!,#DIV/0!,,,,,,,,,,,,,,,
,,,,山本,,,,,,,,,,,,,,,,,,,,,
,,,,海原,,,,,,,,,,,,,,,,,,,,,
,,,,山下,,,,,,,,,,,,,,,,,,,,,
,,,,大氏,,,,,,,,,,,,,,,,,,,,,
けぶり立つ,思ひならねど,人しれず,わびては富士の,ねをのみぞ泣く,#DIV/0!,#DIV/0!,#DIV/0!,#DIV/0!,#DIV/0!,#DIV/0!,,,,,,,,,,,,,,,
,,,,山本,,,,,,,,,,,,,,,,,,,,,
,,,,海原,,,,,,,,,,,,,,,,,,,,,
,,,,山下,,,,,,,,,,,,,,,,,,,,,
,,,,大氏,,,,,,,,,,,,,,,,,,,,,
富士の嶺の,煙もなほぞ,立ちのぼる,うへなきものは,おもひなりけり,#DIV/0!,#DIV/0!,#DIV/0!,#DIV/0!,#DIV/0!,#DIV/0!,,,,,,,,,,,,,,,
,,,,山本,,,,,,,,,,,,,,,,,,,,,
,,,,海原,,,,,,,,,,,,,,,,,,,,,
,,,,山下,,,,,,,,,,,,,,,,,,,,,
,,,,大氏,,,,,,,,,,,,,,,,,,,,,
世の中を,心たかくも,いとふかな,富士のけぶりを,身の思ひにて,#DIV/0!,#DIV/0!,#DIV/0!,#DIV/0!,#DIV/0!,#DIV/0!,,,,,,,,,,,,,,,
,,,,山本,,,,,,,,,,,,,,,,,,,,,
,,,,海原,,,,,,,,,,,,,,,,,,,,,
,,,,山下,,,,,,,,,,,,,,,,,,,,,
,,,,大氏,,,,,,,,,,,,,,,,,,,,,
風になびく,富士の煙の,空に消えて,行方もしらぬ,わが思かな,#DIV/0!,#DIV/0!,#DIV/0!,#DIV/0!,#DIV/0!,#DIV/0!,,,,,,,,,,,,,,,
,,,,山本,,,,,,,,,,,,,,,,,,,,,
,,,,海原,,,,,,,,,,,,,,,,,,,,,
,,,,山下,,,,,,,,,,,,,,,,,,,,,
,,,,大氏,,,,,,,,,,,,,,,,,,,,,
時知らぬ,山は富士の嶺,いつとてか,鹿の子まだらに,雪の降るらむ,#DIV/0!,#DIV/0!,#DIV/0!,#DIV/0!,#DIV/0!,#DIV/0!,,,,,,,,,,,,,,,
,,,,山本,,,,,,,,,,,,,,,,,,,,,
,,,,海原,,,,,,,,,,,,,,,,,,,,,
,,,,山下,,,,,,,,,,,,,,,,,,,,,
,,,,大氏,,,,,,,,,,,,,,,,,,,,,
見わたせば,雲居はるかに,雪白し,富士の高嶺の,あけぼのの空,#DIV/0!,#DIV/0!,#DIV/0!,#DIV/0!,#DIV/0!,#DIV/0!,,,,,,,,,,,,,,,
,,,,山本,,,,,,,,,,,,,,,,,,,,,
,,,,海原,,,,,,,,,,,,,,,,,,,,,
,,,,山下,,,,,,,,,,,,,,,,,,,,,
,,,,大氏,,,,,,,,,,,,,,,,,,,,,
ここからは,富士が見えなくて,さびしいと,わたしがいるのに,妻がつぶやく,#DIV/0!,#DIV/0!,#DIV/0!,#DIV/0!,#DIV/0!,#DIV/0!,,,,,,,,,,,,,,,
,,,,山本,,,,,,,,,,,,,,,,,,,,,
,,,,海原,,,,,,,,,,,,,,,,,,,,,
,,,,山下,,,,,,,,,,,,,,,,,,,,,
,,,,大氏,,,,,,,,,,,,,,,,,,,,,
富士山は,背中を押して,くれました,職なきときも,離職のときも,#DIV/0!,#DIV/0!,#DIV/0!,#DIV/0!,#DIV/0!,#DIV/0!,,,,,,,,,,,,,,,
,,,,山本,,,,,,,,,,,,,,,,,,,,,
,,,,海原,,,,,,,,,,,,,,,,,,,,,
,,,,山下,,,,,,,,,,,,,,,,,,,,,
,,,,大氏,,,,,,,,,,,,,,,,,,,,,
人間は,ちっぽけなものだと,五合目で,言うな父さん,富士山顔で,#DIV/0!,#DIV/0!,#DIV/0!,#DIV/0!,#DIV/0!,#DIV/0!,,,,,,,,,,,,,,,
,,,,山本,,,,,,,,,,,,,,,,,,,,,
,,,,海原,,,,,,,,,,,,,,,,,,,,,
,,,,山下,,,,,,,,,,,,,,,,,,,,,
,,,,大氏,,,,,,,,,,,,,,,,,,,,,
参考書,開くその手は,そのままに,車窓の富士に,誓う合格,#DIV/0!,#DIV/0!,#DIV/0!,#DIV/0!,#DIV/0!,#DIV/0!,,,,,,,,,,,,,,,
,,,,山本,,,,,,,,,,,,,,,,,,,,,
,,,,海原,,,,,,,,,,,,,,,,,,,,,
,,,,山下,,,,,,,,,,,,,,,,,,,,,
,,,,大氏,,,,,,,,,,,,,,,,,,,,,
江戸川に,富士を見にゆく,何もかも,リセットしてし,まいたくなるとき,#DIV/0!,#DIV/0!,#DIV/0!,#DIV/0!,#DIV/0!,#DIV/0!,,,,,,,,,,,,,,,
,,,,山本,,,,,,,,,,,,,,,,,,,,,
,,,,海原,,,,,,,,,,,,,,,,,,,,,
,,,,山下,,,,,,,,,,,,,,,,,,,,,
,,,,大氏,,,,,,,,,,,,,,,,,,,,,
山のなか,小さくなってく,友の背と,大きくなった,蝉の鳴き声,#DIV/0!,#DIV/0!,#DIV/0!,#DIV/0!,#DIV/0!,#DIV/0!,,,,,,,,,,,,,,,
,,,,山本,,,,,,,,,,,,,,,,,,,,,
,,,,海原,,,,,,,,,,,,,,,,,,,,,
,,,,山下,,,,,,,,,,,,,,,,,,,,,
,,,,大氏,,,,,,,,,,,,,,,,,,,,,
念願の,あの頂に,立つために,富士を横目に,今日も漕ぎ抜く,#DIV/0!,#DIV/0!,#DIV/0!,#DIV/0!,#DIV/0!,#DIV/0!,,,,,,,,,,,,,,,
,,,,山本,,,,,,,,,,,,,,,,,,,,,
,,,,海原,,,,,,,,,,,,,,,,,,,,,
,,,,山下,,,,,,,,,,,,,,,,,,,,,
,,,,大氏,,,,,,,,,,,,,,,,,,,,,
富士山の,晴れたる夜は,山小屋の,明り点々,空へと続く,#DIV/0!,#DIV/0!,#DIV/0!,#DIV/0!,#DIV/0!,#DIV/0!,,,,,,,,,,,,,,,
,,,,山本,,,,,,,,,,,,,,,,,,,,,
,,,,海原,,,,,,,,,,,,,,,,,,,,,
,,,,山下,,,,,,,,,,,,,,,,,,,,,
,,,,大氏,,,,,,,,,,,,,,,,,,,,,
大きいな,とても大きい,大きいぜ,こんな器に,私はなりたい,#DIV/0!,#DIV/0!,#DIV/0!,#DIV/0!,#DIV/0!,#DIV/0!,,,,,,,,,,,,,,,
,,,,山本,,,,,,,,,,,,,,,,,,,,,
,,,,海原,,,,,,,,,,,,,,,,,,,,,
,,,,山下,,,,,,,,,,,,,,,,,,,,,
,,,,大氏,,,,,,,,,,,,,,,,,,,,,
教室の,窓の向こうに,見える富士,履修の日々が,離愁に変わる,#DIV/0!,#DIV/0!,#DIV/0!,#DIV/0!,#DIV/0!,#DIV/0!,,,,,,,,,,,,,,,
,,,,山本,,,,,,,,,,,,,,,,,,,,,
,,,,海原,,,,,,,,,,,,,,,,,,,,,
,,,,山下,,,,,,,,,,,,,,,,,,,,,
,,,,大氏,,,,,,,,,,,,,,,,,,,,,
地面蹴り,目指すはゴール,一番に,明日で引退,悔いはない,#DIV/0!,#DIV/0!,#DIV/0!,#DIV/0!,#DIV/0!,#DIV/0!,,,,,,,,,,,,,,,
,,,,山本,,,,,,,,,,,,,,,,,,,,,
,,,,海原,,,,,,,,,,,,,,,,,,,,,
,,,,山下,,,,,,,,,,,,,,,,,,,,,
,,,,大氏,,,,,,,,,,,,,,,,,,,,,
自己ベスト,記録更新,目標に,今日も頑張る,全力疾走,#DIV/0!,#DIV/0!,#DIV/0!,#DIV/0!,#DIV/0!,#DIV/0!,,,,,,,,,,,,,,,
,,,,山本,,,,,,,,,,,,,,,,,,,,,
,,,,海原,,,,,,,,,,,,,,,,,,,,,
,,,,山下,,,,,,,,,,,,,,,,,,,,,
,,,,大氏,,,,,,,,,,,,,,,,,,,,,
打席立つ,相手を睨み,白球を,投げては伝う,大粒の汗,#DIV/0!,#DIV/0!,#DIV/0!,#DIV/0!,#DIV/0!,#DIV/0!,,,,,,,,,,,,,,,
,,,,山本,,,,,,,,,,,,,,,,,,,,,
,,,,海原,,,,,,,,,,,,,,,,,,,,,
,,,,山下,,,,,,,,,,,,,,,,,,,,,
,,,,大氏,,,,,,,,,,,,,,,,,,,,,
ベンチから,声援おくる,後輩に,野球部の夏,過ぎていく,#DIV/0!,#DIV/0!,#DIV/0!,#DIV/0!,#DIV/0!,#DIV/0!,,,,,,,,,,,,,,,
,,,,山本,,,,,,,,,,,,,,,,,,,,,
,,,,海原,,,,,,,,,,,,,,,,,,,,,
,,,,山下,,,,,,,,,,,,,,,,,,,,,
,,,,大氏,,,,,,,,,,,,,,,,,,,,,
おかしいぞ,ボール蹴り上げ,早3年,モテると聞いて,入部したのに,#DIV/0!,#DIV/0!,#DIV/0!,#DIV/0!,#DIV/0!,#DIV/0!,,,,,,,,,,,,,,,
,,,,山本,,,,,,,,,,,,,,,,,,,,,
,,,,海原,,,,,,,,,,,,,,,,,,,,,
,,,,山下,,,,,,,,,,,,,,,,,,,,,
,,,,大氏,,,,,,,,,,,,,,,,,,,,,
青空と,吐く息白い,運動場,ボール追いかけ,ホイッスル鳴る,#DIV/0!,#DIV/0!,#DIV/0!,#DIV/0!,#DIV/0!,#DIV/0!,,,,,,,,,,,,,,,
,,,,山本,,,,,,,,,,,,,,,,,,,,,
,,,,海原,,,,,,,,,,,,,,,,,,,,,
,,,,山下,,,,,,,,,,,,,,,,,,,,,
,,,,大氏,,,,,,,,,,,,,,,,,,,,,
球拾い,早くはきたい,憧れの,スコート夢見て,毎日努力,#DIV/0!,#DIV/0!,#DIV/0!,#DIV/0!,#DIV/0!,#DIV/0!,,,,,,,,,,,,,,,
,,,,山本,,,,,,,,,,,,,,,,,,,,,
,,,,海原,,,,,,,,,,,,,,,,,,,,,
,,,,山下,,,,,,,,,,,,,,,,,,,,,
,,,,大氏,,,,,,,,,,,,,,,,,,,,,
漫画読み,はじめたテニス,楽しくて,今ではハマリ,目指せ優勝,#DIV/0!,#DIV/0!,#DIV/0!,#DIV/0!,#DIV/0!,#DIV/0!,,,,,,,,,,,,,,,
,,,,山本,,,,,,,,,,,,,,,,,,,,,
,,,,海原,,,,,,,,,,,,,,,,,,,,,
,,,,山下,,,,,,,,,,,,,,,,,,,,,
,,,,大氏,,,,,,,,,,,,,,,,,,,,,
合奏中,一人で吹いて,講師言う,ホルン持ち上げ,緊張の一音,#DIV/0!,#DIV/0!,#DIV/0!,#DIV/0!,#DIV/0!,#DIV/0!,,,,,,,,,,,,,,,
,,,,山本,,,,,,,,,,,,,,,,,,,,,
,,,,海原,,,,,,,,,,,,,,,,,,,,,
,,,,山下,,,,,,,,,,,,,,,,,,,,,
,,,,大氏,,,,,,,,,,,,,,,,,,,,,
コンクール,ゴールド金賞,聞きたくて,休日返上,今日も練習,#DIV/0!,#DIV/0!,#DIV/0!,#DIV/0!,#DIV/0!,#DIV/0!,,,,,,,,,,,,,,,
,,,,山本,,,,,,,,,,,,,,,,,,,,,
,,,,海原,,,,,,,,,,,,,,,,,,,,,
,,,,山下,,,,,,,,,,,,,,,,,,,,,
,,,,大氏,,,,,,,,,,,,,,,,,,,,,
歌声が,混じり奏でる,ハーモニー,目指すは優勝,最後の舞台,#DIV/0!,#DIV/0!,#DIV/0!,#DIV/0!,#DIV/0!,#DIV/0!,,,,,,,,,,,,,,,
,,,,山本,,,,,,,,,,,,,,,,,,,,,
,,,,海原,,,,,,,,,,,,,,,,,,,,,
,,,,山下,,,,,,,,,,,,,,,,,,,,,
,,,,大氏,,,,,,,,,,,,,,,,,,,,,
合唱部,花粉大敵,声変わる,完全防備,クシャミを一つ,#DIV/0!,#DIV/0!,#DIV/0!,#DIV/0!,#DIV/0!,#DIV/0!,,,,,,,,,,,,,,,
,,,,山本,,,,,,,,,,,,,,,,,,,,,
,,,,海原,,,,,,,,,,,,,,,,,,,,,
,,,,山下,,,,,,,,,,,,,,,,,,,,,
,,,,大氏,,,,,,,,,,,,,,,,,,,,,
静けさに,届けと祈る,私の気持ち,君のボール,リングに入る,#DIV/0!,#DIV/0!,#DIV/0!,#DIV/0!,#DIV/0!,#DIV/0!,,,,,,,,,,,,,,,
,,,,山本,,,,,,,,,,,,,,,,,,,,,
,,,,海原,,,,,,,,,,,,,,,,,,,,,
,,,,山下,,,,,,,,,,,,,,,,,,,,,
,,,,大氏,,,,,,,,,,,,,,,,,,,,,
ダンダンと,鳴り響く音,体育館,暑さに負けず,汗拭う俺,#DIV/0!,#DIV/0!,#DIV/0!,#DIV/0!,#DIV/0!,#DIV/0!,,,,,,,,,,,,,,,
,,,,山本,,,,,,,,,,,,,,,,,,,,,
,,,,海原,,,,,,,,,,,,,,,,,,,,,
,,,,山下,,,,,,,,,,,,,,,,,,,,,
,,,,大氏,,,,,,,,,,,,,,,,,,,,,
一本を,とるため己,鍛え抜く,防具を脱いで,涼やかな顔,#DIV/0!,#DIV/0!,#DIV/0!,#DIV/0!,#DIV/0!,#DIV/0!,,,,,,,,,,,,,,,
,,,,山本,,,,,,,,,,,,,,,,,,,,,
,,,,海原,,,,,,,,,,,,,,,,,,,,,
,,,,山下,,,,,,,,,,,,,,,,,,,,,
,,,,大氏,,,,,,,,,,,,,,,,,,,,,
間を読んで,一触即発,ズイズイと,こわばる空気,剣で切り裂く,#DIV/0!,#DIV/0!,#DIV/0!,#DIV/0!,#DIV/0!,#DIV/0!,,,,,,,,,,,,,,,
,,,,山本,,,,,,,,,,,,,,,,,,,,,
,,,,海原,,,,,,,,,,,,,,,,,,,,,
,,,,山下,,,,,,,,,,,,,,,,,,,,,
,,,,大氏,,,,,,,,,,,,,,,,,,,,,
永遠と,ラリーが続き,汗つたう,生き飲む会場,響くピンポン,#DIV/0!,#DIV/0!,#DIV/0!,#DIV/0!,#DIV/0!,#DIV/0!,,,,,,,,,,,,,,,
,,,,山本,,,,,,,,,,,,,,,,,,,,,
,,,,海原,,,,,,,,,,,,,,,,,,,,,
,,,,山下,,,,,,,,,,,,,,,,,,,,,
,,,,大氏,,,,,,,,,,,,,,,,,,,,,
楽しそう,気楽に入った,卓球部,意外とキツいぞ,反復横跳び,#DIV/0!,#DIV/0!,#DIV/0!,#DIV/0!,#DIV/0!,#DIV/0!,,,,,,,,,,,,,,,
,,,,山本,,,,,,,,,,,,,,,,,,,,,
,,,,海原,,,,,,,,,,,,,,,,,,,,,
,,,,山下,,,,,,,,,,,,,,,,,,,,,
,,,,大氏,,,,,,,,,,,,,,,,,,,,,
強敵だ,怯まず挑む,全員で,仲間と繋ぐ,バレーのボール,#DIV/0!,#DIV/0!,#DIV/0!,#DIV/0!,#DIV/0!,#DIV/0!,,,,,,,,,,,,,,,
,,,,山本,,,,,,,,,,,,,,,,,,,,,
,,,,海原,,,,,,,,,,,,,,,,,,,,,
,,,,山下,,,,,,,,,,,,,,,,,,,,,
,,,,大氏,,,,,,,,,,,,,,,,,,,,,
寒い冬,身体にあたる,ボールが痛い,だけど辞めない,春はもうすぐ,#DIV/0!,#DIV/0!,#DIV/0!,#DIV/0!,#DIV/0!,#DIV/0!,,,,,,,,,,,,,,,
,,,,山本,,,,,,,,,,,,,,,,,,,,,
,,,,海原,,,,,,,,,,,,,,,,,,,,,
,,,,山下,,,,,,,,,,,,,,,,,,,,,
,,,,大氏,,,,,,,,,,,,,,,,,,,,,
和英辞書,片手に教えた,折鶴は,海をも越える,友情の証,#DIV/0!,#DIV/0!,#DIV/0!,#DIV/0!,#DIV/0!,#DIV/0!,,,,,,,,,,,,,,,
,,,,山本,,,,,,,,,,,,,,,,,,,,,
,,,,海原,,,,,,,,,,,,,,,,,,,,,
,,,,山下,,,,,,,,,,,,,,,,,,,,,
,,,,大氏,,,,,,,,,,,,,,,,,,,,,
さびしいな,みんなとお別れ,いやだけど,新しい一歩,踏み出していこう,#DIV/0!,#DIV/0!,#DIV/0!,#DIV/0!,#DIV/0!,#DIV/0!,,,,,,,,,,,,,,,
,,,,山本,,,,,,,,,,,,,,,,,,,,,
,,,,海原,,,,,,,,,,,,,,,,,,,,,
,,,,山下,,,,,,,,,,,,,,,,,,,,,
,,,,大氏,,,,,,,,,,,,,,,,,,,,,
泣き笑い,仲間とともに,輝いた,思い出胸に,夢へ羽ばたけ,#DIV/0!,#DIV/0!,#DIV/0!,#DIV/0!,#DIV/0!,#DIV/0!,,,,,,,,,,,,,,,
,,,,山本,,,,,,,,,,,,,,,,,,,,,
,,,,海原,,,,,,,,,,,,,,,,,,,,,
,,,,山下,,,,,,,,,,,,,,,,,,,,,
,,,,大氏,,,,,,,,,,,,,,,,,,,,,
ありがとう,いつも一緒に,いてくれて,離れていても,心はともに,#DIV/0!,#DIV/0!,#DIV/0!,#DIV/0!,#DIV/0!,#DIV/0!,,,,,,,,,,,,,,,
,,,,山本,,,,,,,,,,,,,,,,,,,,,
,,,,海原,,,,,,,,,,,,,,,,,,,,,
,,,,山下,,,,,,,,,,,,,,,,,,,,,
,,,,大氏,,,,,,,,,,,,,,,,,,,,,
巡りあい,今でも続く,腐れ縁,出会いなければ,わたしはいない,#DIV/0!,#DIV/0!,#DIV/0!,#DIV/0!,#DIV/0!,#DIV/0!,,,,,,,,,,,,,,,
,,,,山本,,,,,,,,,,,,,,,,,,,,,
,,,,海原,,,,,,,,,,,,,,,,,,,,,
,,,,山下,,,,,,,,,,,,,,,,,,,,,
,,,,大氏,,,,,,,,,,,,,,,,,,,,,
時忘れ,気付けば長居,してしまう,それが友との,語り合いなり,#DIV/0!,#DIV/0!,#DIV/0!,#DIV/0!,#DIV/0!,#DIV/0!,,,,,,,,,,,,,,,
,,,,山本,,,,,,,,,,,,,,,,,,,,,
,,,,海原,,,,,,,,,,,,,,,,,,,,,
,,,,山下,,,,,,,,,,,,,,,,,,,,,
,,,,大氏,,,,,,,,,,,,,,,,,,,,,
価値観が,違うからこそ,言い合って,理解し合って,深まる絆,#DIV/0!,#DIV/0!,#DIV/0!,#DIV/0!,#DIV/0!,#DIV/0!,,,,,,,,,,,,,,,
,,,,山本,,,,,,,,,,,,,,,,,,,,,
,,,,海原,,,,,,,,,,,,,,,,,,,,,
,,,,山下,,,,,,,,,,,,,,,,,,,,,
,,,,大氏,,,,,,,,,,,,,,,,,,,,,
なつかしき,ベーゴマ握り,友達と,夢中にあそぶ,十三の秋,#DIV/0!,#DIV/0!,#DIV/0!,#DIV/0!,#DIV/0!,#DIV/0!,,,,,,,,,,,,,,,
,,,,山本,,,,,,,,,,,,,,,,,,,,,
,,,,海原,,,,,,,,,,,,,,,,,,,,,
,,,,山下,,,,,,,,,,,,,,,,,,,,,
,,,,大氏,,,,,,,,,,,,,,,,,,,,,
思い出の,手紙の返事,まちわびて,日々わすれない,ポストのチェック,#DIV/0!,#DIV/0!,#DIV/0!,#DIV/0!,#DIV/0!,#DIV/0!,,,,,,,,,,,,,,,
,,,,山本,,,,,,,,,,,,,,,,,,,,,
,,,,海原,,,,,,,,,,,,,,,,,,,,,
,,,,山下,,,,,,,,,,,,,,,,,,,,,
,,,,大氏,,,,,,,,,,,,,,,,,,,,,
登校時,「行きたくないな」と,言ってても,行ったら行ったで,楽しい学校,#DIV/0!,#DIV/0!,#DIV/0!,#DIV/0!,#DIV/0!,#DIV/0!,,,,,,,,,,,,,,,
,,,,山本,,,,,,,,,,,,,,,,,,,,,
,,,,海原,,,,,,,,,,,,,,,,,,,,,
,,,,山下,,,,,,,,,,,,,,,,,,,,,
,,,,大氏,,,,,,,,,,,,,,,,,,,,,
電車にて,幼なじみの,あの人に,小さいままだと,言われた私,#DIV/0!,#DIV/0!,#DIV/0!,#DIV/0!,#DIV/0!,#DIV/0!,,,,,,,,,,,,,,,
,,,,山本,,,,,,,,,,,,,,,,,,,,,
,,,,海原,,,,,,,,,,,,,,,,,,,,,
,,,,山下,,,,,,,,,,,,,,,,,,,,,
,,,,大氏,,,,,,,,,,,,,,,,,,,,,
暑い夏,汗水たらし,がむしゃらに,最高の仲間と,最後の舞台,#DIV/0!,#DIV/0!,#DIV/0!,#DIV/0!,#DIV/0!,#DIV/0!,,,,,,,,,,,,,,,
,,,,山本,,,,,,,,,,,,,,,,,,,,,
,,,,海原,,,,,,,,,,,,,,,,,,,,,
,,,,山下,,,,,,,,,,,,,,,,,,,,,
,,,,大氏,,,,,,,,,,,,,,,,,,,,,
友達と,話した時間,永遠に,私の記憶,残り続けて,#DIV/0!,#DIV/0!,#DIV/0!,#DIV/0!,#DIV/0!,#DIV/0!,,,,,,,,,,,,,,,
,,,,山本,,,,,,,,,,,,,,,,,,,,,
,,,,海原,,,,,,,,,,,,,,,,,,,,,
,,,,山下,,,,,,,,,,,,,,,,,,,,,
,,,,大氏,,,,,,,,,,,,,,,,,,,,,
帰り道,雨でも友達,一緒なら,晴れにも負けない,楽しい時間,#DIV/0!,#DIV/0!,#DIV/0!,#DIV/0!,#DIV/0!,#DIV/0!,,,,,,,,,,,,,,,
,,,,山本,,,,,,,,,,,,,,,,,,,,,
,,,,海原,,,,,,,,,,,,,,,,,,,,,
,,,,山下,,,,,,,,,,,,,,,,,,,,,
,,,,大氏,,,,,,,,,,,,,,,,,,,,,
スマートフォン,人と人とを,繋げれる,友達つくる,近道になる,#DIV/0!,#DIV/0!,#DIV/0!,#DIV/0!,#DIV/0!,#DIV/0!,,,,,,,,,,,,,,,
,,,,山本,,,,,,,,,,,,,,,,,,,,,
,,,,海原,,,,,,,,,,,,,,,,,,,,,
,,,,山下,,,,,,,,,,,,,,,,,,,,,
,,,,大氏,,,,,,,,,,,,,,,,,,,,,
制服も,この風景も,友達も,ここにしかない,宝物です,#DIV/0!,#DIV/0!,#DIV/0!,#DIV/0!,#DIV/0!,#DIV/0!,,,,,,,,,,,,,,,
,,,,山本,,,,,,,,,,,,,,,,,,,,,
,,,,海原,,,,,,,,,,,,,,,,,,,,,
,,,,山下,,,,,,,,,,,,,,,,,,,,,
,,,,大氏,,,,,,,,,,,,,,,,,,,,,
読書中,友達が来て,中断に,話に夢中で,内容忘れる,#DIV/0!,#DIV/0!,#DIV/0!,#DIV/0!,#DIV/0!,#DIV/0!,,,,,,,,,,,,,,,
,,,,山本,,,,,,,,,,,,,,,,,,,,,
,,,,海原,,,,,,,,,,,,,,,,,,,,,
,,,,山下,,,,,,,,,,,,,,,,,,,,,
,,,,大氏,,,,,,,,,,,,,,,,,,,,,
友達と,大きな夢を,かたりあう,心ははずみ,笑顔にかわる,#DIV/0!,#DIV/0!,#DIV/0!,#DIV/0!,#DIV/0!,#DIV/0!,,,,,,,,,,,,,,,
,,,,山本,,,,,,,,,,,,,,,,,,,,,
,,,,海原,,,,,,,,,,,,,,,,,,,,,
,,,,山下,,,,,,,,,,,,,,,,,,,,,
,,,,大氏,,,,,,,,,,,,,,,,,,,,,
友達に,負けたくなくて,嘘をつく,おれの父さん,社長なんだぜ,#DIV/0!,#DIV/0!,#DIV/0!,#DIV/0!,#DIV/0!,#DIV/0!,,,,,,,,,,,,,,,
,,,,山本,,,,,,,,,,,,,,,,,,,,,
,,,,海原,,,,,,,,,,,,,,,,,,,,,
,,,,山下,,,,,,,,,,,,,,,,,,,,,
,,,,大氏,,,,,,,,,,,,,,,,,,,,,
リアルより,ある意味多い,友達も,ほんとに安心,できるものかな,#DIV/0!,#DIV/0!,#DIV/0!,#DIV/0!,#DIV/0!,#DIV/0!,,,,,,,,,,,,,,,
,,,,山本,,,,,,,,,,,,,,,,,,,,,
,,,,海原,,,,,,,,,,,,,,,,,,,,,
,,,,山下,,,,,,,,,,,,,,,,,,,,,
,,,,大氏,,,,,,,,,,,,,,,,,,,,,
沖縄に,毎月行きたい,海を見る,君の横顔,見ていたいから,#DIV/0!,#DIV/0!,#DIV/0!,#DIV/0!,#DIV/0!,#DIV/0!,,,,,,,,,,,,,,,
,,,,山本,,,,,,,,,,,,,,,,,,,,,
,,,,海原,,,,,,,,,,,,,,,,,,,,,
,,,,山下,,,,,,,,,,,,,,,,,,,,,
,,,,大氏,,,,,,,,,,,,,,,,,,,,,
あっけなく,春過ぎ去れば,沖縄の,蛇口に熱湯,あふれだす夏,#DIV/0!,#DIV/0!,#DIV/0!,#DIV/0!,#DIV/0!,#DIV/0!,,,,,,,,,,,,,,,
,,,,山本,,,,,,,,,,,,,,,,,,,,,
,,,,海原,,,,,,,,,,,,,,,,,,,,,
,,,,山下,,,,,,,,,,,,,,,,,,,,,
,,,,大氏,,,,,,,,,,,,,,,,,,,,,
沖縄の,海は青くて,風の中,わたしは空気を,お土産にした,#DIV/0!,#DIV/0!,#DIV/0!,#DIV/0!,#DIV/0!,#DIV/0!,,,,,,,,,,,,,,,
,,,,山本,,,,,,,,,,,,,,,,,,,,,
,,,,海原,,,,,,,,,,,,,,,,,,,,,
,,,,山下,,,,,,,,,,,,,,,,,,,,,
,,,,大氏,,,,,,,,,,,,,,,,,,,,,
沖縄の,方言で聞く,「ありがとう」,他の県より,あたたかい気がする,#DIV/0!,#DIV/0!,#DIV/0!,#DIV/0!,#DIV/0!,#DIV/0!,,,,,,,,,,,,,,,
,,,,山本,,,,,,,,,,,,,,,,,,,,,
,,,,海原,,,,,,,,,,,,,,,,,,,,,
,,,,山下,,,,,,,,,,,,,,,,,,,,,
,,,,大氏,,,,,,,,,,,,,,,,,,,,,
沖縄に,行ったことすら,ないけれど,歌聴くだけで,得した気分,#DIV/0!,#DIV/0!,#DIV/0!,#DIV/0!,#DIV/0!,#DIV/0!,,,,,,,,,,,,,,,
,,,,山本,,,,,,,,,,,,,,,,,,,,,
,,,,海原,,,,,,,,,,,,,,,,,,,,,
,,,,山下,,,,,,,,,,,,,,,,,,,,,
,,,,大氏,,,,,,,,,,,,,,,,,,,,,
二十三,沖縄に行き,人生で,初めて青い,海を見た日,#DIV/0!,#DIV/0!,#DIV/0!,#DIV/0!,#DIV/0!,#DIV/0!,,,,,,,,,,,,,,,
,,,,山本,,,,,,,,,,,,,,,,,,,,,
,,,,海原,,,,,,,,,,,,,,,,,,,,,
,,,,山下,,,,,,,,,,,,,,,,,,,,,
,,,,大氏,9,5,7,10,1,1,,,,,,,,,,,,,,,
珊瑚には,天然色の,熱帯魚,マリンブルーに,透ける沖縄,#DIV/0!,#DIV/0!,#DIV/0!,#DIV/0!,#DIV/0!,#DIV/0!,,,,,,,,,,,,,,,
,,,,山本,,,,,,,,,,,,,,,,,,,,,
,,,,海原,,,,,,,,,,,,,,,,,,,,,
,,,,山下,,,,,,,,,,,,,,,,,,,,,
,,,,大氏,6,6,7,2,2,1,,,,,,,,,,,,,,,
沖縄の,水色の海,珊瑚たち,安心をする,水色ならば,#DIV/0!,#DIV/0!,#DIV/0!,#DIV/0!,#DIV/0!,#DIV/0!,,,,,,,,,,,,,,,
,,,,山本,,,,,,,,,,,,,,,,,,,,,
,,,,海原,,,,,,,,,,,,,,,,,,,,,
,,,,山下,,,,,,,,,,,,,,,,,,,,,
,,,,大氏,2,4,6,5,2,1,,,,,,,,,,,,,,,
沖縄の,命(ぬち)どぅ宝,その言葉,摩文仁(まぶに)の丘で,幾度呟く,#DIV/0!,#DIV/0!,#DIV/0!,#DIV/0!,#DIV/0!,#DIV/0!,,,,,,,,,,,,,,,
,,,,山本,,,,,,,,,,,,,,,,,,,,,
,,,,海原,,,,,,,,,,,,,,,,,,,,,
,,,,山下,,,,,,,,,,,,,,,,,,,,,
,,,,大氏,,,,,,,,,,,,,,,,,,,,,
自らの,人生を語る,沖縄の,おばあの強い,瞳忘れない,#DIV/0!,#DIV/0!,#DIV/0!,#DIV/0!,#DIV/0!,#DIV/0!,,,,,,,,,,,,,,,
,,,,山本,,,,,,,,,,,,,,,,,,,,,
,,,,海原,,,,,,,,,,,,,,,,,,,,,
,,,,山下,,,,,,,,,,,,,,,,,,,,,
,,,,大氏,,,,,,,,,,,,,,,,,,,,,
わが子をね,“思い産んだ子”で,思産子(うみなしぐれ),うちなーぐちは,心がほっこり,#DIV/0!,#DIV/0!,#DIV/0!,#DIV/0!,#DIV/0!,#DIV/0!,,,,,,,,,,,,,,,
,,,,山本,,,,,,,,,,,,,,,,,,,,,
,,,,海原,,,,,,,,,,,,,,,,,,,,,
,,,,山下,,,,,,,,,,,,,,,,,,,,,
,,,,大氏,,,,,,,,,,,,,,,,,,,,,
沖縄に,降らぬ雪への,憧れか,雪払いなる,組踊あり,#DIV/0!,#DIV/0!,#DIV/0!,#DIV/0!,#DIV/0!,#DIV/0!,,,,,,,,,,,,,,,
,,,,山本,,,,,,,,,,,,,,,,,,,,,
,,,,海原,,,,,,,,,,,,,,,,,,,,,
,,,,山下,,,,,,,,,,,,,,,,,,,,,
,,,,大氏,,,,,,,,,,,,,,,,,,,,,
太陽の,恵みたっぷり,沖縄の,届いたマンゴー,とろける笑顔,#DIV/0!,#DIV/0!,#DIV/0!,#DIV/0!,#DIV/0!,#DIV/0!,,,,,,,,,,,,,,,
,,,,山本,,,,,,,,,,,,,,,,,,,,,
,,,,海原,,,,,,,,,,,,,,,,,,,,,
,,,,山下,,,,,,,,,,,,,,,,,,,,,
,,,,大氏,,,,,,,,,,,,,,,,,,,,,
三線が,響き渡れば,泡盛を,片手に踊る,グソーの世界,#DIV/0!,#DIV/0!,#DIV/0!,#DIV/0!,#DIV/0!,#DIV/0!,,,,,,,,,,,,,,,
,,,,山本,,,,,,,,,,,,,,,,,,,,,
,,,,海原,,,,,,,,,,,,,,,,,,,,,
,,,,山下,,,,,,,,,,,,,,,,,,,,,
,,,,大氏,,,,,,,,,,,,,,,,,,,,,
琉球の,思い溢れる,朱の城,失せてなお立つ,龍の目に涙,#DIV/0!,#DIV/0!,#DIV/0!,#DIV/0!,#DIV/0!,#DIV/0!,,,,,,,,,,,,,,,
,,,,山本,,,,,,,,,,,,,,,,,,,,,
,,,,海原,,,,,,,,,,,,,,,,,,,,,
,,,,山下,,,,,,,,,,,,,,,,,,,,,
,,,,大氏,,,,,,,,,,,,,,,,,,,,,
行ったこと,ないけど君は,琉球だ,凪に浮かんだ,優しさの島,#DIV/0!,#DIV/0!,#DIV/0!,#DIV/0!,#DIV/0!,#DIV/0!,,,,,,,,,,,,,,,
,,,,山本,,,,,,,,,,,,,,,,,,,,,
,,,,海原,,,,,,,,,,,,,,,,,,,,,
,,,,山下,,,,,,,,,,,,,,,,,,,,,
,,,,大氏,,,,,,,,,,,,,,,,,,,,,
場内に,響く琉球,太鼓から,生きる鼓動が,僕に生まれた,#DIV/0!,#DIV/0!,#DIV/0!,#DIV/0!,#DIV/0!,#DIV/0!,,,,,,,,,,,,,,,
,,,,山本,,,,,,,,,,,,,,,,,,,,,
,,,,海原,,,,,,,,,,,,,,,,,,,,,
,,,,山下,,,,,,,,,,,,,,,,,,,,,
,,,,大氏,,,,,,,,,,,,,,,,,,,,,
東(ひんがし)の,空に旗振り,エイサーの,太鼓響きて,夏来(きた)る,#DIV/0!,#DIV/0!,#DIV/0!,#DIV/0!,#DIV/0!,#DIV/0!,,,,,,,,,,,,,,,
,,,,山本,,,,,,,,,,,,,,,,,,,,,
,,,,海原,,,,,,,,,,,,,,,,,,,,,
,,,,山下,,,,,,,,,,,,,,,,,,,,,
,,,,大氏,,,,,,,,,,,,,,,,,,,,,
滑走路,有刺鉄線,プラカード,風はフェンスを,抜けてくるのに,#DIV/0!,#DIV/0!,#DIV/0!,#DIV/0!,#DIV/0!,#DIV/0!,,,,,,,,,,,,,,,
,,,,山本,,,,,,,,,,,,,,,,,,,,,
,,,,海原,,,,,,,,,,,,,,,,,,,,,
,,,,山下,,,,,,,,,,,,,,,,,,,,,
,,,,大氏,,,,,,,,,,,,,,,,,,,,,
戦争の,悲しさ苦しみ,乗り越えて,ハイビスカスが,眩しく咲いて,#DIV/0!,#DIV/0!,#DIV/0!,#DIV/0!,#DIV/0!,#DIV/0!,,,,,,,,,,,,,,,
,,,,山本,,,,,,,,,,,,,,,,,,,,,
,,,,海原,,,,,,,,,,,,,,,,,,,,,
,,,,山下,,,,,,,,,,,,,,,,,,,,,
,,,,大氏,,,,,,,,,,,,,,,,,,,,,
負けたって,どうでもいいよ,お揃いの,Ｔシャツ作る,口実だから,#DIV/0!,#DIV/0!,#DIV/0!,#DIV/0!,#DIV/0!,#DIV/0!,,,,,,,,,,,,,,,
,,,,山本,,,,,,,,,,,,,,,,,,,,,
,,,,海原,,,,,,,,,,,,,,,,,,,,,
,,,,山下,,,,,,,,,,,,,,,,,,,,,
,,,,大氏,,,,,,,,,,,,,,,,,,,,,
体育祭,勝利に喜び,ハイタッチ,私がするのは,許されなかった,#DIV/0!,#DIV/0!,#DIV/0!,#DIV/0!,#DIV/0!,#DIV/0!,,,,,,,,,,,,,,,
,,,,山本,,,,,,,,,,,,,,,,,,,,,
,,,,海原,,,,,,,,,,,,,,,,,,,,,
,,,,山下,,,,,,,,,,,,,,,,,,,,,
,,,,大氏,,,,,,,,,,,,,,,,,,,,,
競技より,覚えてるのは,後夜祭,フォークダンスと,打ち上げ花火,#DIV/0!,#DIV/0!,#DIV/0!,#DIV/0!,#DIV/0!,#DIV/0!,,,,,,,,,,,,,,,
,,,,山本,,,,,,,,,,,,,,,,,,,,,
,,,,海原,,,,,,,,,,,,,,,,,,,,,
,,,,山下,,,,,,,,,,,,,,,,,,,,,
,,,,大氏,,,,,,,,,,,,,,,,,,,,,
体育祭,トラック駆ける,君見つけ,幸と愁いで,半周ずつ,#DIV/0!,#DIV/0!,#DIV/0!,#DIV/0!,#DIV/0!,#DIV/0!,,,,,,,,,,,,,,,
,,,,山本,,,,,,,,,,,,,,,,,,,,,
,,,,海原,,,,,,,,,,,,,,,,,,,,,
,,,,山下,,,,,,,,,,,,,,,,,,,,,
,,,,大氏,,,,,,,,,,,,,,,,,,,,,
リレーバトン,君に繋ぐ,祈るように,青いハチマキ,砂の味,#DIV/0!,#DIV/0!,#DIV/0!,#DIV/0!,#DIV/0!,#DIV/0!,,,,,,,,,,,,,,,
,,,,山本,,,,,,,,,,,,,,,,,,,,,
,,,,海原,,,,,,,,,,,,,,,,,,,,,
,,,,山下,,,,,,,,,,,,,,,,,,,,,
,,,,大氏,,,,,,,,,,,,,,,,,,,,,
来年は,君から借りた,学ランで,君を真っ直ぐ,応援するんだ,#DIV/0!,#DIV/0!,#DIV/0!,#DIV/0!,#DIV/0!,#DIV/0!,,,,,,,,,,,,,,,
,,,,山本,,,,,,,,,,,,,,,,,,,,,
,,,,海原,,,,,,,,,,,,,,,,,,,,,
,,,,山下,,,,,,,,,,,,,,,,,,,,,
,,,,大氏,,,,,,,,,,,,,,,,,,,,,
体育祭,借り物の指示,「好きな人」,心拍数は,校内トップ,#DIV/0!,#DIV/0!,#DIV/0!,#DIV/0!,#DIV/0!,#DIV/0!,,,,,,,,,,,,,,,
,,,,山本,,,,,,,,,,,,,,,,,,,,,
,,,,海原,,,,,,,,,,,,,,,,,,,,,
,,,,山下,,,,,,,,,,,,,,,,,,,,,
,,,,大氏,,,,,,,,,,,,,,,,,,,,,
体育祭,君と同じ,赤色の,鉢巻巻いて,全力疾走,#DIV/0!,#DIV/0!,#DIV/0!,#DIV/0!,#DIV/0!,#DIV/0!,,,,,,,,,,,,,,,
,,,,山本,,,,,,,,,,,,,,,,,,,,,
,,,,海原,,,,,,,,,,,,,,,,,,,,,
,,,,山下,,,,,,,,,,,,,,,,,,,,,
,,,,大氏,,,,,,,,,,,,,,,,,,,,,
うれしくて,つい駆け寄った,学年で,一番速い,わたしの一番,#DIV/0!,#DIV/0!,#DIV/0!,#DIV/0!,#DIV/0!,#DIV/0!,,,,,,,,,,,,,,,
,,,,山本,,,,,,,,,,,,,,,,,,,,,
,,,,海原,,,,,,,,,,,,,,,,,,,,,
,,,,山下,,,,,,,,,,,,,,,,,,,,,
,,,,大氏,,,,,,,,,,,,,,,,,,,,,
真っ白い,体操服に,照りつける,君は太陽,体育の秋,#DIV/0!,#DIV/0!,#DIV/0!,#DIV/0!,#DIV/0!,#DIV/0!,,,,,,,,,,,,,,,
,,,,山本,,,,,,,,,,,,,,,,,,,,,
,,,,海原,,,,,,,,,,,,,,,,,,,,,
,,,,山下,,,,,,,,,,,,,,,,,,,,,
,,,,大氏,,,,,,,,,,,,,,,,,,,,,
旗を持ち,「若い力」を,全力で,歌う団長,ロケットが如く,#DIV/0!,#DIV/0!,#DIV/0!,#DIV/0!,#DIV/0!,#DIV/0!,,,,,,,,,,,,,,,
,,,,山本,,,,,,,,,,,,,,,,,,,,,
,,,,海原,,,,,,,,,,,,,,,,,,,,,
,,,,山下,,,,,,,,,,,,,,,,,,,,,
,,,,大氏,,,,,,,,,,,,,,,,,,,,,
体育祭,終わった後の,校庭は,なぜか悲しく,なぜか寂しい,#DIV/0!,#DIV/0!,#DIV/0!,#DIV/0!,#DIV/0!,#DIV/0!,,,,,,,,,,,,,,,
,,,,山本,,,,,,,,,,,,,,,,,,,,,
,,,,海原,,,,,,,,,,,,,,,,,,,,,
,,,,山下,,,,,,,,,,,,,,,,,,,,,
,,,,大氏,,,,,,,,,,,,,,,,,,,,,
懸命に,飛んで走って,応援し,燃えつきた秋,友と刻みし,#DIV/0!,#DIV/0!,#DIV/0!,#DIV/0!,#DIV/0!,#DIV/0!,,,,,,,,,,,,,,,
,,,,山本,,,,,,,,,,,,,,,,,,,,,
,,,,海原,,,,,,,,,,,,,,,,,,,,,
,,,,山下,,,,,,,,,,,,,,,,,,,,,
,,,,大氏,,,,,,,,,,,,,,,,,,,,,
体育祭,みんな輝く,奇跡の日,のはずだったけど,君だけ眩しい,#DIV/0!,#DIV/0!,#DIV/0!,#DIV/0!,#DIV/0!,#DIV/0!,,,,,,,,,,,,,,,
,,,,山本,,,,,,,,,,,,,,,,,,,,,
,,,,海原,,,,,,,,,,,,,,,,,,,,,
,,,,山下,,,,,,,,,,,,,,,,,,,,,
,,,,大氏,,,,,,,,,,,,,,,,,,,,,
もういっそ,雨天中止を,決めてくれ,明日も雨だし,気温は１２℃,#DIV/0!,#DIV/0!,#DIV/0!,#DIV/0!,#DIV/0!,#DIV/0!,,,,,,,,,,,,,,,
,,,,山本,,,,,,,,,,,,,,,,,,,,,
,,,,海原,,,,,,,,,,,,,,,,,,,,,
,,,,山下,,,,,,,,,,,,,,,,,,,,,
,,,,大氏,,,,,,,,,,,,,,,,,,,,,
歓声と,ともに起こせよ,砂ぼこり,その先に君,視線隠して,#DIV/0!,#DIV/0!,#DIV/0!,#DIV/0!,#DIV/0!,#DIV/0!,,,,,,,,,,,,,,,
,,,,山本,,,,,,,,,,,,,,,,,,,,,
,,,,海原,,,,,,,,,,,,,,,,,,,,,
,,,,山下,,,,,,,,,,,,,,,,,,,,,
,,,,大氏,,,,,,,,,,,,,,,,,,,,,
100メートル,リレーが終わった,その後も,歩くし食べるし,いつかは死ぬし,#DIV/0!,#DIV/0!,#DIV/0!,#DIV/0!,#DIV/0!,#DIV/0!,,,,,,,,,,,,,,,
,,,,山本,,,,,,,,,,,,,,,,,,,,,
,,,,海原,,,,,,,,,,,,,,,,,,,,,
,,,,山下,,,,,,,,,,,,,,,,,,,,,
,,,,大氏,,,,,,,,,,,,,,,,,,,,,
悔しさも,愛も闘志も,出し切って,笑顔咲き誇れ,君に勝利あれ,#DIV/0!,#DIV/0!,#DIV/0!,#DIV/0!,#DIV/0!,#DIV/0!,,,,,,,,,,,,,,,
,,,,山本,,,,,,,,,,,,,,,,,,,,,
,,,,海原,,,,,,,,,,,,,,,,,,,,,
,,,,山下,,,,,,,,,,,,,,,,,,,,,
,,,,大氏,,,,,,,,,,,,,,,,,,,,,
お揃いの,Ｔシャツを着て,お揃いの,思い出つくる,私の青春,#DIV/0!,#DIV/0!,#DIV/0!,#DIV/0!,#DIV/0!,#DIV/0!,,,,,,,,,,,,,,,
,,,,山本,,,,,,,,,,,,,,,,,,,,,
,,,,海原,,,,,,,,,,,,,,,,,,,,,
,,,,山下,,,,,,,,,,,,,,,,,,,,,
,,,,大氏,,,,,,,,,,,,,,,,,,,,,
「本当に,待ちに待ったの？」,「なわけない」,今日はつまらん,体育祭ね,#DIV/0!,#DIV/0!,#DIV/0!,#DIV/0!,#DIV/0!,#DIV/0!,,,,,,,,,,,,,,,
,,,,山本,,,,,,,,,,,,,,,,,,,,,
,,,,海原,,,,,,,,,,,,,,,,,,,,,
,,,,山下,,,,,,,,,,,,,,,,,,,,,
,,,,大氏,,,,,,,,,,,,,,,,,,,,,
,,,,,#DIV/0!,#DIV/0!,#DIV/0!,#DIV/0!,#DIV/0!,#DIV/0!,,,,,,,,,,,,,,,
,,,,,,,,,,,,,,,,,,,,,,,,,
,,,,,,,,,,,,,,,,,,,,,,,,,
,,,,,,,,,,,,,,,,,,,,,,,,,
,,,,,,,,,,,,,,,,,,,,,,,,,
,,,,,#DIV/0!,#DIV/0!,#DIV/0!,#DIV/0!,#DIV/0!,#DIV/0!,,,,,,,,,,,,,,,
,,,,,,,,,,,,,,,,,,,,,,,,,
,,,,,,,,,,,,,,,,,,,,,,,,,
,,,,,,,,,,,,,,,,,,,,,,,,,
,,,,,,,,,,,,,,,,,,,,,,,,,
,,,,,#DIV/0!,#DIV/0!,#DIV/0!,#DIV/0!,#DIV/0!,#DIV/0!,,,,,,,,,,,,,,,
,,,,,,,,,,,,,,,,,,,,,,,,,
,,,,,,,,,,,,,,,,,,,,,,,,,
,,,,,,,,,,,,,,,,,,,,,,,,,
,,,,,,,,,,,,,,,,,,,,,,,,,
,,,,,#DIV/0!,#DIV/0!,#DIV/0!,#DIV/0!,#DIV/0!,#DIV/0!,,,,,,,,,,,,,,,
,,,,,,,,,,,,,,,,,,,,,,,,,
,,,,,,,,,,,,,,,,,,,,,,,,,
,,,,,,,,,,,,,,,,,,,,,,,,,
,,,,,,,,,,,,,,,,,,,,,,,,,
,,,,,#DIV/0!,#DIV/0!,#DIV/0!,#DIV/0!,#DIV/0!,#DIV/0!,,,,,,,,,,,,,,,
,,,,,,,,,,,,,,,,,,,,,,,,,
,,,,,,,,,,,,,,,,,,,,,,,,,
,,,,,,,,,,,,,,,,,,,,,,,,,
,,,,,,,,,,,,,,,,,,,,,,,,,
,,,,,#DIV/0!,#DIV/0!,#DIV/0!,#DIV/0!,#DIV/0!,#DIV/0!,,,,,,,,,,,,,,,
,,,,,,,,,,,,,,,,,,,,,,,,,
,,,,,,,,,,,,,,,,,,,,,,,,,
,,,,,,,,,,,,,,,,,,,,,,,,,
,,,,,,,,,,,,,,,,,,,,,,,,,
,,,,,#DIV/0!,#DIV/0!,#DIV/0!,#DIV/0!,#DIV/0!,#DIV/0!,,,,,,,,,,,,,,,
,,,,,,,,,,,,,,,,,,,,,,,,,
,,,,,,,,,,,,,,,,,,,,,,,,,
,,,,,,,,,,,,,,,,,,,,,,,,,
,,,,,,,,,,,,,,,,,,,,,,,,,
,,,,,#DIV/0!,#DIV/0!,#DIV/0!,#DIV/0!,#DIV/0!,#DIV/0!,,,,,,,,,,,,,,,
,,,,,,,,,,,,,,,,,,,,,,,,,
,,,,,,,,,,,,,,,,,,,,,,,,,
,,,,,,,,,,,,,,,,,,,,,,,,,
,,,,,,,,,,,,,,,,,,,,,,,,,
,,,,,#DIV/0!,#DIV/0!,#DIV/0!,#DIV/0!,#DIV/0!,#DIV/0!,,,,,,,,,,,,,,,
,,,,,,,,,,,,,,,,,,,,,,,,,
,,,,,,,,,,,,,,,,,,,,,,,,,
,,,,,,,,,,,,,,,,,,,,,,,,,
,,,,,,,,,,,,,,,,,,,,,,,,,
,,,,,#DIV/0!,#DIV/0!,#DIV/0!,#DIV/0!,#DIV/0!,#DIV/0!,,,,,,,,,,,,,,,
,,,,,,,,,,,,,,,,,,,,,,,,,
,,,,,,,,,,,,,,,,,,,,,,,,,
,,,,,,,,,,,,,,,,,,,,,,,,,
,,,,,,,,,,,,,,,,,,,,,,,,,
,,,,,#DIV/0!,#DIV/0!,#DIV/0!,#DIV/0!,#DIV/0!,#DIV/0!,,,,,,,,,,,,,,,
,,,,,,,,,,,,,,,,,,,,,,,,,
,,,,,,,,,,,,,,,,,,,,,,,,,
,,,,,,,,,,,,,,,,,,,,,,,,,
,,,,,,,,,,,,,,,,,,,,,,,,,
,,,,,#DIV/0!,#DIV/0!,#DIV/0!,#DIV/0!,#DIV/0!,#DIV/0!,,,,,,,,,,,,,,,
,,,,,,,,,,,,,,,,,,,,,,,,,
,,,,,,,,,,,,,,,,,,,,,,,,,
,,,,,,,,,,,,,,,,,,,,,,,,,
,,,,,,,,,,,,,,,,,,,,,,,,,
,,,,,#DIV/0!,#DIV/0!,#DIV/0!,#DIV/0!,#DIV/0!,#DIV/0!,,,,,,,,,,,,,,,
,,,,,,,,,,,,,,,,,,,,,,,,,
,,,,,,,,,,,,,,,,,,,,,,,,,
,,,,,,,,,,,,,,,,,,,,,,,,,
,,,,,,,,,,,,,,,,,,,,,,,,,
,,,,,#DIV/0!,#DIV/0!,#DIV/0!,#DIV/0!,#DIV/0!,#DIV/0!,,,,,,,,,,,,,,,
,,,,,,,,,,,,,,,,,,,,,,,,,
,,,,,,,,,,,,,,,,,,,,,,,,,
,,,,,,,,,,,,,,,,,,,,,,,,,
,,,,,,,,,,,,,,,,,,,,,,,,,
,,,,,#DIV/0!,#DIV/0!,#DIV/0!,#DIV/0!,#DIV/0!,#DIV/0!,,,,,,,,,,,,,,,
,,,,,,,,,,,,,,,,,,,,,,,,,
,,,,,,,,,,,,,,,,,,,,,,,,,
,,,,,,,,,,,,,,,,,,,,,,,,,
,,,,,,,,,,,,,,,,,,,,,,,,,
,,,,,#DIV/0!,#DIV/0!,#DIV/0!,#DIV/0!,#DIV/0!,#DIV/0!,,,,,,,,,,,,,,,
,,,,,,,,,,,,,,,,,,,,,,,,,
,,,,,,,,,,,,,,,,,,,,,,,,,
,,,,,,,,,,,,,,,,,,,,,,,,,
,,,,,,,,,,,,,,,,,,,,,,,,,
,,,,,#DIV/0!,#DIV/0!,#DIV/0!,#DIV/0!,#DIV/0!,#DIV/0!,,,,,,,,,,,,,,,
,,,,,,,,,,,,,,,,,,,,,,,,,
,,,,,,,,,,,,,,,,,,,,,,,,,
,,,,,,,,,,,,,,,,,,,,,,,,,
,,,,,,,,,,,,,,,,,,,,,,,,,
,,,,,#DIV/0!,#DIV/0!,#DIV/0!,#DIV/0!,#DIV/0!,#DIV/0!,,,,,,,,,,,,,,,
,,,,,,,,,,,,,,,,,,,,,,,,,
,,,,,,,,,,,,,,,,,,,,,,,,,
,,,,,,,,,,,,,,,,,,,,,,,,,
,,,,,,,,,,,,,,,,,,,,,,,,,
,,,,,#DIV/0!,#DIV/0!,#DIV/0!,#DIV/0!,#DIV/0!,#DIV/0!,,,,,,,,,,,,,,,
,,,,,,,,,,,,,,,,,,,,,,,,,
,,,,,,,,,,,,,,,,,,,,,,,,,
,,,,,,,,,,,,,,,,,,,,,,,,,
,,,,,,,,,,,,,,,,,,,,,,,,,
,,,,,#DIV/0!,#DIV/0!,#DIV/0!,#DIV/0!,#DIV/0!,#DIV/0!,,,,,,,,,,,,,,,
,,,,,,,,,,,,,,,,,,,,,,,,,
,,,,,,,,,,,,,,,,,,,,,,,,,
,,,,,,,,,,,,,,,,,,,,,,,,,
,,,,,,,,,,,,,,,,,,,,,,,,,
,,,,,#DIV/0!,#DIV/0!,#DIV/0!,#DIV/0!,#DIV/0!,#DIV/0!,,,,,,,,,,,,,,,
,,,,,,,,,,,,,,,,,,,,,,,,,
,,,,,,,,,,,,,,,,,,,,,,,,,
,,,,,,,,,,,,,,,,,,,,,,,,,
,,,,,,,,,,,,,,,,,,,,,,,,,
,,,,,#DIV/0!,#DIV/0!,#DIV/0!,#DIV/0!,#DIV/0!,#DIV/0!,,,,,,,,,,,,,,,
,,,,,,,,,,,,,,,,,,,,,,,,,
,,,,,,,,,,,,,,,,,,,,,,,,,
,,,,,,,,,,,,,,,,,,,,,,,,,
,,,,,,,,,,,,,,,,,,,,,,,,,
,,,,,#DIV/0!,#DIV/0!,#DIV/0!,#DIV/0!,#DIV/0!,#DIV/0!,,,,,,,,,,,,,,,
,,,,,,,,,,,,,,,,,,,,,,,,,
,,,,,,,,,,,,,,,,,,,,,,,,,
,,,,,,,,,,,,,,,,,,,,,,,,,
,,,,,,,,,,,,,,,,,,,,,,,,,
,,,,,#DIV/0!,#DIV/0!,#DIV/0!,#DIV/0!,#DIV/0!,#DIV/0!,,,,,,,,,,,,,,,
,,,,,,,,,,,,,,,,,,,,,,,,,
,,,,,,,,,,,,,,,,,,,,,,,,,
,,,,,,,,,,,,,,,,,,,,,,,,,
,,,,,,,,,,,,,,,,,,,,,,,,,
,,,,,#DIV/0!,#DIV/0!,#DIV/0!,#DIV/0!,#DIV/0!,#DIV/0!,,,,,,,,,,,,,,,
,,,,,,,,,,,,,,,,,,,,,,,,,
,,,,,,,,,,,,,,,,,,,,,,,,,
,,,,,,,,,,,,,,,,,,,,,,,,,
,,,,,,,,,,,,,,,,,,,,,,,,,
,,,,,#DIV/0!,#DIV/0!,#DIV/0!,#DIV/0!,#DIV/0!,#DIV/0!,,,,,,,,,,,,,,,
,,,,,,,,,,,,,,,,,,,,,,,,,
,,,,,,,,,,,,,,,,,,,,,,,,,
,,,,,,,,,,,,,,,,,,,,,,,,,
,,,,,,,,,,,,,,,,,,,,,,,,,
,,,,,#DIV/0!,#DIV/0!,#DIV/0!,#DIV/0!,#DIV/0!,#DIV/0!,,,,,,,,,,,,,,,
,,,,,,,,,,,,,,,,,,,,,,,,,
,,,,,,,,,,,,,,,,,,,,,,,,,
,,,,,,,,,,,,,,,,,,,,,,,,,
,,,,,,,,,,,,,,,,,,,,,,,,,
,,,,,#DIV/0!,#DIV/0!,#DIV/0!,#DIV/0!,#DIV/0!,#DIV/0!,,,,,,,,,,,,,,,
,,,,,,,,,,,,,,,,,,,,,,,,,
,,,,,,,,,,,,,,,,,,,,,,,,,
,,,,,,,,,,,,,,,,,,,,,,,,,
,,,,,,,,,,,,,,,,,,,,,,,,,
,,,,,#DIV/0!,#DIV/0!,#DIV/0!,#DIV/0!,#DIV/0!,#DIV/0!,,,,,,,,,,,,,,,
,,,,,,,,,,,,,,,,,,,,,,,,,
,,,,,,,,,,,,,,,,,,,,,,,,,
,,,,,,,,,,,,,,,,,,,,,,,,,
,,,,,,,,,,,,,,,,,,,,,,,,,
,,,,,#DIV/0!,#DIV/0!,#DIV/0!,#DIV/0!,#DIV/0!,#DIV/0!,,,,,,,,,,,,,,,
,,,,,,,,,,,,,,,,,,,,,,,,,
,,,,,,,,,,,,,,,,,,,,,,,,,
,,,,,,,,,,,,,,,,,,,,,,,,,
,,,,,,,,,,,,,,,,,,,,,,,,,
,,,,,#DIV/0!,#DIV/0!,#DIV/0!,#DIV/0!,#DIV/0!,#DIV/0!,,,,,,,,,,,,,,,
,,,,,,,,,,,,,,,,,,,,,,,,,
,,,,,,,,,,,,,,,,,,,,,,,,,
,,,,,,,,,,,,,,,,,,,,,,,,,
,,,,,,,,,,,,,,,,,,,,,,,,,
,,,,,#DIV/0!,#DIV/0!,#DIV/0!,#DIV/0!,#DIV/0!,#DIV/0!,,,,,,,,,,,,,,,
,,,,,,,,,,,,,,,,,,,,,,,,,
,,,,,,,,,,,,,,,,,,,,,,,,,
,,,,,,,,,,,,,,,,,,,,,,,,,
,,,,,,,,,,,,,,,,,,,,,,,,,
,,,,,#DIV/0!,#DIV/0!,#DIV/0!,#DIV/0!,#DIV/0!,#DIV/0!,,,,,,,,,,,,,,,
,,,,,,,,,,,,,,,,,,,,,,,,,
,,,,,,,,,,,,,,,,,,,,,,,,,
,,,,,,,,,,,,,,,,,,,,,,,,,
,,,,,,,,,,,,,,,,,,,,,,,,,
,,,,,#DIV/0!,#DIV/0!,#DIV/0!,#DIV/0!,#DIV/0!,#DIV/0!,,,,,,,,,,,,,,,
,,,,,,,,,,,,,,,,,,,,,,,,,
,,,,,,,,,,,,,,,,,,,,,,,,,
,,,,,,,,,,,,,,,,,,,,,,,,,
,,,,,,,,,,,,,,,,,,,,,,,,,
,,,,,#DIV/0!,#DIV/0!,#DIV/0!,#DIV/0!,#DIV/0!,#DIV/0!,,,,,,,,,,,,,,,
,,,,,,,,,,,,,,,,,,,,,,,,,
,,,,,,,,,,,,,,,,,,,,,,,,,
,,,,,,,,,,,,,,,,,,,,,,,,,
,,,,,,,,,,,,,,,,,,,,,,,,,
,,,,,#DIV/0!,#DIV/0!,#DIV/0!,#DIV/0!,#DIV/0!,#DIV/0!,,,,,,,,,,,,,,,
,,,,,,,,,,,,,,,,,,,,,,,,,
,,,,,,,,,,,,,,,,,,,,,,,,,
,,,,,,,,,,,,,,,,,,,,,,,,,
,,,,,,,,,,,,,,,,,,,,,,,,,
,,,,,#DIV/0!,#DIV/0!,#DIV/0!,#DIV/0!,#DIV/0!,#DIV/0!,,,,,,,,,,,,,,,
,,,,,,,,,,,,,,,,,,,,,,,,,
,,,,,,,,,,,,,,,,,,,,,,,,,
,,,,,,,,,,,,,,,,,,,,,,,,,
,,,,,,,,,,,,,,,,,,,,,,,,,
,,,,,#DIV/0!,#DIV/0!,#DIV/0!,#DIV/0!,#DIV/0!,#DIV/0!,,,,,,,,,,,,,,,
,,,,,,,,,,,,,,,,,,,,,,,,,
,,,,,,,,,,,,,,,,,,,,,,,,,
,,,,,,,,,,,,,,,,,,,,,,,,,
,,,,,,,,,,,,,,,,,,,,,,,,,
,,,,,#DIV/0!,#DIV/0!,#DIV/0!,#DIV/0!,#DIV/0!,#DIV/0!,,,,,,,,,,,,,,,
,,,,,,,,,,,,,,,,,,,,,,,,,
,,,,,,,,,,,,,,,,,,,,,,,,,
,,,,,,,,,,,,,,,,,,,,,,,,,
,,,,,,,,,,,,,,,,,,,,,,,,,
,,,,,#DIV/0!,#DIV/0!,#DIV/0!,#DIV/0!,#DIV/0!,#DIV/0!,,,,,,,,,,,,,,,
,,,,,,,,,,,,,,,,,,,,,,,,,
,,,,,,,,,,,,,,,,,,,,,,,,,
,,,,,,,,,,,,,,,,,,,,,,,,,
,,,,,,,,,,,,,,,,,,,,,,,,,
,,,,,#DIV/0!,#DIV/0!,#DIV/0!,#DIV/0!,#DIV/0!,#DIV/0!,,,,,,,,,,,,,,,
,,,,,,,,,,,,,,,,,,,,,,,,,
,,,,,,,,,,,,,,,,,,,,,,,,,
,,,,,,,,,,,,,,,,,,,,,,,,,
,,,,,,,,,,,,,,,,,,,,,,,,,
,,,,,#DIV/0!,#DIV/0!,#DIV/0!,#DIV/0!,#DIV/0!,#DIV/0!,,,,,,,,,,,,,,,
,,,,,,,,,,,,,,,,,,,,,,,,,
,,,,,,,,,,,,,,,,,,,,,,,,,
,,,,,,,,,,,,,,,,,,,,,,,,,
,,,,,,,,,,,,,,,,,,,,,,,,,
,,,,,#DIV/0!,#DIV/0!,#DIV/0!,#DIV/0!,#DIV/0!,#DIV/0!,,,,,,,,,,,,,,,
,,,,,,,,,,,,,,,,,,,,,,,,,
,,,,,,,,,,,,,,,,,,,,,,,,,
,,,,,,,,,,,,,,,,,,,,,,,,,
,,,,,,,,,,,,,,,,,,,,,,,,,
,,,,,#DIV/0!,#DIV/0!,#DIV/0!,#DIV/0!,#DIV/0!,#DIV/0!,,,,,,,,,,,,,,,
,,,,,,,,,,,,,,,,,,,,,,,,,
,,,,,,,,,,,,,,,,,,,,,,,,,
,,,,,,,,,,,,,,,,,,,,,,,,,
,,,,,,,,,,,,,,,,,,,,,,,,,
,,,,,#DIV/0!,#DIV/0!,#DIV/0!,#DIV/0!,#DIV/0!,#DIV/0!,,,,,,,,,,,,,,,
,,,,,,,,,,,,,,,,,,,,,,,,,
,,,,,,,,,,,,,,,,,,,,,,,,,
,,,,,,,,,,,,,,,,,,,,,,,,,
,,,,,,,,,,,,,,,,,,,,,,,,,
,,,,,#DIV/0!,#DIV/0!,#DIV/0!,#DIV/0!,#DIV/0!,#DIV/0!,,,,,,,,,,,,,,,
,,,,,,,,,,,,,,,,,,,,,,,,,
,,,,,,,,,,,,,,,,,,,,,,,,,
,,,,,,,,,,,,,,,,,,,,,,,,,
,,,,,,,,,,,,,,,,,,,,,,,,,
,,,,,#DIV/0!,#DIV/0!,#DIV/0!,#DIV/0!,#DIV/0!,#DIV/0!,,,,,,,,,,,,,,,
,,,,,,,,,,,,,,,,,,,,,,,,,
,,,,,,,,,,,,,,,,,,,,,,,,,
,,,,,,,,,,,,,,,,,,,,,,,,,
,,,,,,,,,,,,,,,,,,,,,,,,,
,,,,,#DIV/0!,#DIV/0!,#DIV/0!,#DIV/0!,#DIV/0!,#DIV/0!,,,,,,,,,,,,,,,
,,,,,,,,,,,,,,,,,,,,,,,,,
,,,,,,,,,,,,,,,,,,,,,,,,,
,,,,,,,,,,,,,,,,,,,,,,,,,
,,,,,,,,,,,,,,,,,,,,,,,,,
,,,,,#DIV/0!,#DIV/0!,#DIV/0!,#DIV/0!,#DIV/0!,#DIV/0!,,,,,,,,,,,,,,,
,,,,,,,,,,,,,,,,,,,,,,,,,
,,,,,,,,,,,,,,,,,,,,,,,,,
,,,,,,,,,,,,,,,,,,,,,,,,,
,,,,,,,,,,,,,,,,,,,,,,,,,
,,,,,#DIV/0!,#DIV/0!,#DIV/0!,#DIV/0!,#DIV/0!,#DIV/0!,,,,,,,,,,,,,,,
,,,,,,,,,,,,,,,,,,,,,,,,,
,,,,,,,,,,,,,,,,,,,,,,,,,
,,,,,,,,,,,,,,,,,,,,,,,,,
,,,,,,,,,,,,,,,,,,,,,,,,,
,,,,,#DIV/0!,#DIV/0!,#DIV/0!,#DIV/0!,#DIV/0!,#DIV/0!,,,,,,,,,,,,,,,
,,,,,,,,,,,,,,,,,,,,,,,,,
,,,,,,,,,,,,,,,,,,,,,,,,,
,,,,,,,,,,,,,,,,,,,,,,,,,
,,,,,,,,,,,,,,,,,,,,,,,,,
,,,,,#DIV/0!,#DIV/0!,#DIV/0!,#DIV/0!,#DIV/0!,#DIV/0!,,,,,,,,,,,,,,,
,,,,,,,,,,,,,,,,,,,,,,,,,
,,,,,,,,,,,,,,,,,,,,,,,,,
,,,,,,,,,,,,,,,,,,,,,,,,,
,,,,,,,,,,,,,,,,,,,,,,,,,
,,,,,#DIV/0!,#DIV/0!,#DIV/0!,#DIV/0!,#DIV/0!,#DIV/0!,,,,,,,,,,,,,,,
,,,,,,,,,,,,,,,,,,,,,,,,,
,,,,,,,,,,,,,,,,,,,,,,,,,
,,,,,,,,,,,,,,,,,,,,,,,,,
,,,,,,,,,,,,,,,,,,,,,,,,,
,,,,,#DIV/0!,#DIV/0!,#DIV/0!,#DIV/0!,#DIV/0!,#DIV/0!,,,,,,,,,,,,,,,
,,,,,,,,,,,,,,,,,,,,,,,,,
,,,,,,,,,,,,,,,,,,,,,,,,,
,,,,,,,,,,,,,,,,,,,,,,,,,
,,,,,,,,,,,,,,,,,,,,,,,,,
,,,,,#DIV/0!,#DIV/0!,#DIV/0!,#DIV/0!,#DIV/0!,#DIV/0!,,,,,,,,,,,,,,,
,,,,,,,,,,,,,,,,,,,,,,,,,
,,,,,,,,,,,,,,,,,,,,,,,,,
,,,,,,,,,,,,,,,,,,,,,,,,,
,,,,,,,,,,,,,,,,,,,,,,,,,
,,,,,#DIV/0!,#DIV/0!,#DIV/0!,#DIV/0!,#DIV/0!,#DIV/0!,,,,,,,,,,,,,,,
,,,,,,,,,,,,,,,,,,,,,,,,,
,,,,,,,,,,,,,,,,,,,,,,,,,
,,,,,,,,,,,,,,,,,,,,,,,,,
,,,,,,,,,,,,,,,,,,,,,,,,,
,,,,,#DIV/0!,#DIV/0!,#DIV/0!,#DIV/0!,#DIV/0!,#DIV/0!,,,,,,,,,,,,,,,
,,,,,,,,,,,,,,,,,,,,,,,,,
,,,,,,,,,,,,,,,,,,,,,,,,,
,,,,,,,,,,,,,,,,,,,,,,,,,
,,,,,,,,,,,,,,,,,,,,,,,,,
,,,,,#DIV/0!,#DIV/0!,#DIV/0!,#DIV/0!,#DIV/0!,#DIV/0!,,,,,,,,,,,,,,,
,,,,,,,,,,,,,,,,,,,,,,,,,
,,,,,,,,,,,,,,,,,,,,,,,,,
,,,,,,,,,,,,,,,,,,,,,,,,,
,,,,,,,,,,,,,,,,,,,,,,,,,
,,,,,#DIV/0!,#DIV/0!,#DIV/0!,#DIV/0!,#DIV/0!,#DIV/0!,,,,,,,,,,,,,,,
,,,,,,,,,,,,,,,,,,,,,,,,,
,,,,,,,,,,,,,,,,,,,,,,,,,
,,,,,,,,,,,,,,,,,,,,,,,,,
,,,,,,,,,,,,,,,,,,,,,,,,,
,,,,,#DIV/0!,#DIV/0!,#DIV/0!,#DIV/0!,#DIV/0!,#DIV/0!,,,,,,,,,,,,,,,
,,,,,,,,,,,,,,,,,,,,,,,,,
,,,,,,,,,,,,,,,,,,,,,,,,,
,,,,,,,,,,,,,,,,,,,,,,,,,
,,,,,,,,,,,,,,,,,,,,,,,,,
,,,,,#DIV/0!,#DIV/0!,#DIV/0!,#DIV/0!,#DIV/0!,#DIV/0!,,,,,,,,,,,,,,,
,,,,,,,,,,,,,,,,,,,,,,,,,
,,,,,,,,,,,,,,,,,,,,,,,,,
,,,,,,,,,,,,,,,,,,,,,,,,,
,,,,,,,,,,,,,,,,,,,,,,,,,
,,,,,#DIV/0!,#DIV/0!,#DIV/0!,#DIV/0!,#DIV/0!,#DIV/0!,,,,,,,,,,,,,,,
,,,,,,,,,,,,,,,,,,,,,,,,,
,,,,,,,,,,,,,,,,,,,,,,,,,
,,,,,,,,,,,,,,,,,,,,,,,,,
,,,,,,,,,,,,,,,,,,,,,,,,,
,,,,,#DIV/0!,#DIV/0!,#DIV/0!,#DIV/0!,#DIV/0!,#DIV/0!,,,,,,,,,,,,,,,
,,,,,,,,,,,,,,,,,,,,,,,,,
,,,,,,,,,,,,,,,,,,,,,,,,,
,,,,,,,,,,,,,,,,,,,,,,,,,
,,,,,,,,,,,,,,,,,,,,,,,,,
,,,,,#DIV/0!,#DIV/0!,#DIV/0!,#DIV/0!,#DIV/0!,#DIV/0!,,,,,,,,,,,,,,,
,,,,,,,,,,,,,,,,,,,,,,,,,
,,,,,,,,,,,,,,,,,,,,,,,,,
,,,,,,,,,,,,,,,,,,,,,,,,,
,,,,,,,,,,,,,,,,,,,,,,,,,
,,,,,#DIV/0!,#DIV/0!,#DIV/0!,#DIV/0!,#DIV/0!,#DIV/0!,,,,,,,,,,,,,,,
,,,,,,,,,,,,,,,,,,,,,,,,,
,,,,,,,,,,,,,,,,,,,,,,,,,
,,,,,,,,,,,,,,,,,,,,,,,,,
,,,,,,,,,,,,,,,,,,,,,,,,,
,,,,,#DIV/0!,#DIV/0!,#DIV/0!,#DIV/0!,#DIV/0!,#DIV/0!,,,,,,,,,,,,,,,
,,,,,,,,,,,,,,,,,,,,,,,,,
,,,,,,,,,,,,,,,,,,,,,,,,,
,,,,,,,,,,,,,,,,,,,,,,,,,
,,,,,,,,,,,,,,,,,,,,,,,,,
,,,,,#DIV/0!,#DIV/0!,#DIV/0!,#DIV/0!,#DIV/0!,#DIV/0!,,,,,,,,,,,,,,,
,,,,,,,,,,,,,,,,,,,,,,,,,
,,,,,,,,,,,,,,,,,,,,,,,,,
,,,,,,,,,,,,,,,,,,,,,,,,,
,,,,,,,,,,,,,,,,,,,,,,,,,
,,,,,#DIV/0!,#DIV/0!,#DIV/0!,#DIV/0!,#DIV/0!,#DIV/0!,,,,,,,,,,,,,,,
,,,,,,,,,,,,,,,,,,,,,,,,,
,,,,,,,,,,,,,,,,,,,,,,,,,
,,,,,,,,,,,,,,,,,,,,,,,,,
,,,,,,,,,,,,,,,,,,,,,,,,,
,,,,,#DIV/0!,#DIV/0!,#DIV/0!,#DIV/0!,#DIV/0!,#DIV/0!,,,,,,,,,,,,,,,
,,,,,,,,,,,,,,,,,,,,,,,,,
,,,,,,,,,,,,,,,,,,,,,,,,,
,,,,,,,,,,,,,,,,,,,,,,,,,
,,,,,,,,,,,,,,,,,,,,,,,,,
,,,,,#DIV/0!,#DIV/0!,#DIV/0!,#DIV/0!,#DIV/0!,#DIV/0!,,,,,,,,,,,,,,,
,,,,,,,,,,,,,,,,,,,,,,,,,
,,,,,,,,,,,,,,,,,,,,,,,,,
,,,,,,,,,,,,,,,,,,,,,,,,,
,,,,,,,,,,,,,,,,,,,,,,,,,
,,,,,#DIV/0!,#DIV/0!,#DIV/0!,#DIV/0!,#DIV/0!,#DIV/0!,,,,,,,,,,,,,,,
,,,,,,,,,,,,,,,,,,,,,,,,,
,,,,,,,,,,,,,,,,,,,,,,,,,
,,,,,,,,,,,,,,,,,,,,,,,,,
,,,,,,,,,,,,,,,,,,,,,,,,,
,,,,,#DIV/0!,#DIV/0!,#DIV/0!,#DIV/0!,#DIV/0!,#DIV/0!,,,,,,,,,,,,,,,
,,,,,,,,,,,,,,,,,,,,,,,,,
,,,,,,,,,,,,,,,,,,,,,,,,,
,,,,,,,,,,,,,,,,,,,,,,,,,
,,,,,,,,,,,,,,,,,,,,,,,,,
,,,,,#DIV/0!,#DIV/0!,#DIV/0!,#DIV/0!,#DIV/0!,#DIV/0!,,,,,,,,,,,,,,,
,,,,,,,,,,,,,,,,,,,,,,,,,
,,,,,,,,,,,,,,,,,,,,,,,,,
,,,,,,,,,,,,,,,,,,,,,,,,,
,,,,,,,,,,,,,,,,,,,,,,,,,
,,,,,#DIV/0!,#DIV/0!,#DIV/0!,#DIV/0!,#DIV/0!,#DIV/0!,,,,,,,,,,,,,,,
,,,,,,,,,,,,,,,,,,,,,,,,,
,,,,,,,,,,,,,,,,,,,,,,,,,
,,,,,,,,,,,,,,,,,,,,,,,,,
,,,,,,,,,,,,,,,,,,,,,,,,,
,,,,,#DIV/0!,#DIV/0!,#DIV/0!,#DIV/0!,#DIV/0!,#DIV/0!,,,,,,,,,,,,,,,
,,,,,,,,,,,,,,,,,,,,,,,,,
,,,,,,,,,,,,,,,,,,,,,,,,,
,,,,,,,,,,,,,,,,,,,,,,,,,
,,,,,,,,,,,,,,,,,,,,,,,,,
,,,,,#DIV/0!,#DIV/0!,#DIV/0!,#DIV/0!,#DIV/0!,#DIV/0!,,,,,,,,,,,,,,,
,,,,,,,,,,,,,,,,,,,,,,,,,
,,,,,,,,,,,,,,,,,,,,,,,,,
,,,,,,,,,,,,,,,,,,,,,,,,,
,,,,,,,,,,,,,,,,,,,,,,,,,
,,,,,#DIV/0!,#DIV/0!,#DIV/0!,#DIV/0!,#DIV/0!,#DIV/0!,,,,,,,,,,,,,,,
,,,,,,,,,,,,,,,,,,,,,,,,,
,,,,,,,,,,,,,,,,,,,,,,,,,
,,,,,,,,,,,,,,,,,,,,,,,,,
,,,,,,,,,,,,,,,,,,,,,,,,,
,,,,,#DIV/0!,#DIV/0!,#DIV/0!,#DIV/0!,#DIV/0!,#DIV/0!,,,,,,,,,,,,,,,
,,,,,,,,,,,,,,,,,,,,,,,,,
,,,,,,,,,,,,,,,,,,,,,,,,,
,,,,,,,,,,,,,,,,,,,,,,,,,
,,,,,,,,,,,,,,,,,,,,,,,,,
,,,,,#DIV/0!,#DIV/0!,#DIV/0!,#DIV/0!,#DIV/0!,#DIV/0!,,,,,,,,,,,,,,,
,,,,,,,,,,,,,,,,,,,,,,,,,
,,,,,,,,,,,,,,,,,,,,,,,,,
,,,,,,,,,,,,,,,,,,,,,,,,,
,,,,,,,,,,,,,,,,,,,,,,,,,
,,,,,#DIV/0!,#DIV/0!,#DIV/0!,#DIV/0!,#DIV/0!,#DIV/0!,,,,,,,,,,,,,,,
,,,,,,,,,,,,,,,,,,,,,,,,,
,,,,,,,,,,,,,,,,,,,,,,,,,
,,,,,,,,,,,,,,,,,,,,,,,,,
,,,,,,,,,,,,,,,,,,,,,,,,,
,,,,,#DIV/0!,#DIV/0!,#DIV/0!,#DIV/0!,#DIV/0!,#DIV/0!,,,,,,,,,,,,,,,
,,,,,,,,,,,,,,,,,,,,,,,,,
,,,,,,,,,,,,,,,,,,,,,,,,,
,,,,,,,,,,,,,,,,,,,,,,,,,
,,,,,,,,,,,,,,,,,,,,,,,,,
,,,,,#DIV/0!,#DIV/0!,#DIV/0!,#DIV/0!,#DIV/0!,#DIV/0!,,,,,,,,,,,,,,,
,,,,,,,,,,,,,,,,,,,,,,,,,
,,,,,,,,,,,,,,,,,,,,,,,,,
,,,,,,,,,,,,,,,,,,,,,,,,,
,,,,,,,,,,,,,,,,,,,,,,,,,
,,,,,#DIV/0!,#DIV/0!,#DIV/0!,#DIV/0!,#DIV/0!,#DIV/0!,,,,,,,,,,,,,,,
,,,,,,,,,,,,,,,,,,,,,,,,,
,,,,,,,,,,,,,,,,,,,,,,,,,
,,,,,,,,,,,,,,,,,,,,,,,,,
,,,,,,,,,,,,,,,,,,,,,,,,,
,,,,,#DIV/0!,#DIV/0!,#DIV/0!,#DIV/0!,#DIV/0!,#DIV/0!,,,,,,,,,,,,,,,
,,,,,,,,,,,,,,,,,,,,,,,,,
,,,,,,,,,,,,,,,,,,,,,,,,,
,,,,,,,,,,,,,,,,,,,,,,,,,
,,,,,,,,,,,,,,,,,,,,,,,,,
,,,,,#DIV/0!,#DIV/0!,#DIV/0!,#DIV/0!,#DIV/0!,#DIV/0!,,,,,,,,,,,,,,,
,,,,,,,,,,,,,,,,,,,,,,,,,
,,,,,,,,,,,,,,,,,,,,,,,,,
,,,,,,,,,,,,,,,,,,,,,,,,,
,,,,,,,,,,,,,,,,,,,,,,,,,
,,,,,#DIV/0!,#DIV/0!,#DIV/0!,#DIV/0!,#DIV/0!,#DIV/0!,,,,,,,,,,,,,,,
,,,,,,,,,,,,,,,,,,,,,,,,,
,,,,,,,,,,,,,,,,,,,,,,,,,
,,,,,,,,,,,,,,,,,,,,,,,,,
,,,,,,,,,,,,,,,,,,,,,,,,,
,,,,,#DIV/0!,#DIV/0!,#DIV/0!,#DIV/0!,#DIV/0!,#DIV/0!,,,,,,,,,,,,,,,
,,,,,,,,,,,,,,,,,,,,,,,,,
,,,,,,,,,,,,,,,,,,,,,,,,,
,,,,,,,,,,,,,,,,,,,,,,,,,
,,,,,,,,,,,,,,,,,,,,,,,,,
,,,,,#DIV/0!,#DIV/0!,#DIV/0!,#DIV/0!,#DIV/0!,#DIV/0!,,,,,,,,,,,,,,,
,,,,,,,,,,,,,,,,,,,,,,,,,
,,,,,,,,,,,,,,,,,,,,,,,,,
,,,,,,,,,,,,,,,,,,,,,,,,,
,,,,,,,,,,,,,,,,,,,,,,,,,
,,,,,#DIV/0!,#DIV/0!,#DIV/0!,#DIV/0!,#DIV/0!,#DIV/0!,,,,,,,,,,,,,,,
,,,,,,,,,,,,,,,,,,,,,,,,,
,,,,,,,,,,,,,,,,,,,,,,,,,
,,,,,,,,,,,,,,,,,,,,,,,,,
,,,,,,,,,,,,,,,,,,,,,,,,,
,,,,,#DIV/0!,#DIV/0!,#DIV/0!,#DIV/0!,#DIV/0!,#DIV/0!,,,,,,,,,,,,,,,
,,,,,,,,,,,,,,,,,,,,,,,,,
,,,,,,,,,,,,,,,,,,,,,,,,,
,,,,,,,,,,,,,,,,,,,,,,,,,
,,,,,,,,,,,,,,,,,,,,,,,,,
,,,,,#DIV/0!,#DIV/0!,#DIV/0!,#DIV/0!,#DIV/0!,#DIV/0!,,,,,,,,,,,,,,,
,,,,,,,,,,,,,,,,,,,,,,,,,
,,,,,,,,,,,,,,,,,,,,,,,,,
,,,,,,,,,,,,,,,,,,,,,,,,,
,,,,,,,,,,,,,,,,,,,,,,,,,
,,,,,#DIV/0!,#DIV/0!,#DIV/0!,#DIV/0!,#DIV/0!,#DIV/0!,,,,,,,,,,,,,,,
,,,,,,,,,,,,,,,,,,,,,,,,,
,,,,,,,,,,,,,,,,,,,,,,,,,
,,,,,,,,,,,,,,,,,,,,,,,,,
,,,,,,,,,,,,,,,,,,,,,,,,,
,,,,,#DIV/0!,#DIV/0!,#DIV/0!,#DIV/0!,#DIV/0!,#DIV/0!,,,,,,,,,,,,,,,
,,,,,,,,,,,,,,,,,,,,,,,,,
,,,,,,,,,,,,,,,,,,,,,,,,,
,,,,,,,,,,,,,,,,,,,,,,,,,
,,,,,,,,,,,,,,,,,,,,,,,,,
,,,,,#DIV/0!,#DIV/0!,#DIV/0!,#DIV/0!,#DIV/0!,#DIV/0!,,,,,,,,,,,,,,,
,,,,,,,,,,,,,,,,,,,,,,,,,
,,,,,,,,,,,,,,,,,,,,,,,,,
,,,,,,,,,,,,,,,,,,,,,,,,,
,,,,,,,,,,,,,,,,,,,,,,,,,
,,,,,#DIV/0!,#DIV/0!,#DIV/0!,#DIV/0!,#DIV/0!,#DIV/0!,,,,,,,,,,,,,,,
,,,,,,,,,,,,,,,,,,,,,,,,,
,,,,,,,,,,,,,,,,,,,,,,,,,
,,,,,,,,,,,,,,,,,,,,,,,,,
,,,,,,,,,,,,,,,,,,,,,,,,,
,,,,,#DIV/0!,#DIV/0!,#DIV/0!,#DIV/0!,#DIV/0!,#DIV/0!,,,,,,,,,,,,,,,
,,,,,,,,,,,,,,,,,,,,,,,,,
,,,,,,,,,,,,,,,,,,,,,,,,,
,,,,,,,,,,,,,,,,,,,,,,,,,
,,,,,,,,,,,,,,,,,,,,,,,,,
,,,,,#DIV/0!,#DIV/0!,#DIV/0!,#DIV/0!,#DIV/0!,#DIV/0!,,,,,,,,,,,,,,,
,,,,,,,,,,,,,,,,,,,,,,,,,
,,,,,,,,,,,,,,,,,,,,,,,,,
,,,,,,,,,,,,,,,,,,,,,,,,,
,,,,,,,,,,,,,,,,,,,,,,,,,
,,,,,#DIV/0!,#DIV/0!,#DIV/0!,#DIV/0!,#DIV/0!,#DIV/0!,,,,,,,,,,,,,,,
,,,,,,,,,,,,,,,,,,,,,,,,,
,,,,,,,,,,,,,,,,,,,,,,,,,
,,,,,,,,,,,,,,,,,,,,,,,,,
,,,,,,,,,,,,,,,,,,,,,,,,,
,,,,,#DIV/0!,#DIV/0!,#DIV/0!,#DIV/0!,#DIV/0!,#DIV/0!,,,,,,,,,,,,,,,
,,,,,,,,,,,,,,,,,,,,,,,,,
,,,,,,,,,,,,,,,,,,,,,,,,,
,,,,,,,,,,,,,,,,,,,,,,,,,
,,,,,,,,,,,,,,,,,,,,,,,,,
,,,,,#DIV/0!,#DIV/0!,#DIV/0!,#DIV/0!,#DIV/0!,#DIV/0!,,,,,,,,,,,,,,,
,,,,,,,,,,,,,,,,,,,,,,,,,
,,,,,,,,,,,,,,,,,,,,,,,,,
,,,,,,,,,,,,,,,,,,,,,,,,,
,,,,,,,,,,,,,,,,,,,,,,,,,
,,,,,#DIV/0!,#DIV/0!,#DIV/0!,#DIV/0!,#DIV/0!,#DIV/0!,,,,,,,,,,,,,,,
,,,,,,,,,,,,,,,,,,,,,,,,,
,,,,,,,,,,,,,,,,,,,,,,,,,
,,,,,,,,,,,,,,,,,,,,,,,,,
,,,,,,,,,,,,,,,,,,,,,,,,,
,,,,,#DIV/0!,#DIV/0!,#DIV/0!,#DIV/0!,#DIV/0!,#DIV/0!,,,,,,,,,,,,,,,
,,,,,,,,,,,,,,,,,,,,,,,,,
,,,,,,,,,,,,,,,,,,,,,,,,,
,,,,,,,,,,,,,,,,,,,,,,,,,
,,,,,,,,,,,,,,,,,,,,,,,,,
,,,,,#DIV/0!,#DIV/0!,#DIV/0!,#DIV/0!,#DIV/0!,#DIV/0!,,,,,,,,,,,,,,,
,,,,,,,,,,,,,,,,,,,,,,,,,
,,,,,,,,,,,,,,,,,,,,,,,,,
,,,,,,,,,,,,,,,,,,,,,,,,,
,,,,,,,,,,,,,,,,,,,,,,,,,
,,,,,#DIV/0!,#DIV/0!,#DIV/0!,#DIV/0!,#DIV/0!,#DIV/0!,,,,,,,,,,,,,,,
,,,,,,,,,,,,,,,,,,,,,,,,,
,,,,,,,,,,,,,,,,,,,,,,,,,
,,,,,,,,,,,,,,,,,,,,,,,,,
,,,,,,,,,,,,,,,,,,,,,,,,,
,,,,,#DIV/0!,#DIV/0!,#DIV/0!,#DIV/0!,#DIV/0!,#DIV/0!,,,,,,,,,,,,,,,
,,,,,,,,,,,,,,,,,,,,,,,,,
,,,,,,,,,,,,,,,,,,,,,,,,,
,,,,,,,,,,,,,,,,,,,,,,,,,
,,,,,,,,,,,,,,,,,,,,,,,,,
,,,,,#DIV/0!,#DIV/0!,#DIV/0!,#DIV/0!,#DIV/0!,#DIV/0!,,,,,,,,,,,,,,,
,,,,,,,,,,,,,,,,,,,,,,,,,
,,,,,,,,,,,,,,,,,,,,,,,,,
,,,,,,,,,,,,,,,,,,,,,,,,,
,,,,,,,,,,,,,,,,,,,,,,,,,
,,,,,#DIV/0!,#DIV/0!,#DIV/0!,#DIV/0!,#DIV/0!,#DIV/0!,,,,,,,,,,,,,,,
,,,,,,,,,,,,,,,,,,,,,,,,,
,,,,,,,,,,,,,,,,,,,,,,,,,
,,,,,,,,,,,,,,,,,,,,,,,,,
,,,,,,,,,,,,,,,,,,,,,,,,,
,,,,,#DIV/0!,#DIV/0!,#DIV/0!,#DIV/0!,#DIV/0!,#DIV/0!,,,,,,,,,,,,,,,
,,,,,,,,,,,,,,,,,,,,,,,,,
,,,,,,,,,,,,,,,,,,,,,,,,,
,,,,,,,,,,,,,,,,,,,,,,,,,
,,,,,,,,,,,,,,,,,,,,,,,,,
,,,,,#DIV/0!,#DIV/0!,#DIV/0!,#DIV/0!,#DIV/0!,#DIV/0!,,,,,,,,,,,,,,,
,,,,,,,,,,,,,,,,,,,,,,,,,
,,,,,,,,,,,,,,,,,,,,,,,,,
,,,,,,,,,,,,,,,,,,,,,,,,,
,,,,,,,,,,,,,,,,,,,,,,,,,
,,,,,#DIV/0!,#DIV/0!,#DIV/0!,#DIV/0!,#DIV/0!,#DIV/0!,,,,,,,,,,,,,,,
,,,,,,,,,,,,,,,,,,,,,,,,,
,,,,,,,,,,,,,,,,,,,,,,,,,
,,,,,,,,,,,,,,,,,,,,,,,,,
,,,,,,,,,,,,,,,,,,,,,,,,,
,,,,,#DIV/0!,#DIV/0!,#DIV/0!,#DIV/0!,#DIV/0!,#DIV/0!,,,,,,,,,,,,,,,
,,,,,,,,,,,,,,,,,,,,,,,,,
,,,,,,,,,,,,,,,,,,,,,,,,,
,,,,,,,,,,,,,,,,,,,,,,,,,
,,,,,,,,,,,,,,,,,,,,,,,,,
,,,,,#DIV/0!,#DIV/0!,#DIV/0!,#DIV/0!,#DIV/0!,#DIV/0!,,,,,,,,,,,,,,,
,,,,,,,,,,,,,,,,,,,,,,,,,
,,,,,,,,,,,,,,,,,,,,,,,,,
,,,,,,,,,,,,,,,,,,,,,,,,,
,,,,,,,,,,,,,,,,,,,,,,,,,
,,,,,#DIV/0!,#DIV/0!,#DIV/0!,#DIV/0!,#DIV/0!,#DIV/0!,,,,,,,,,,,,,,,
,,,,,,,,,,,,,,,,,,,,,,,,,
,,,,,,,,,,,,,,,,,,,,,,,,,
,,,,,,,,,,,,,,,,,,,,,,,,,
,,,,,,,,,,,,,,,,,,,,,,,,,
,,,,,#DIV/0!,#DIV/0!,#DIV/0!,#DIV/0!,#DIV/0!,#DIV/0!,,,,,,,,,,,,,,,
,,,,,,,,,,,,,,,,,,,,,,,,,
,,,,,,,,,,,,,,,,,,,,,,,,,
,,,,,,,,,,,,,,,,,,,,,,,,,
,,,,,,,,,,,,,,,,,,,,,,,,,
,,,,,#DIV/0!,#DIV/0!,#DIV/0!,#DIV/0!,#DIV/0!,#DIV/0!,,,,,,,,,,,,,,,
,,,,,,,,,,,,,,,,,,,,,,,,,
,,,,,,,,,,,,,,,,,,,,,,,,,
,,,,,,,,,,,,,,,,,,,,,,,,,
,,,,,,,,,,,,,,,,,,,,,,,,,
,,,,,#DIV/0!,#DIV/0!,#DIV/0!,#DIV/0!,#DIV/0!,#DIV/0!,,,,,,,,,,,,,,,
,,,,,,,,,,,,,,,,,,,,,,,,,
,,,,,,,,,,,,,,,,,,,,,,,,,
,,,,,,,,,,,,,,,,,,,,,,,,,
,,,,,,,,,,,,,,,,,,,,,,,,,
,,,,,#DIV/0!,#DIV/0!,#DIV/0!,#DIV/0!,#DIV/0!,#DIV/0!,,,,,,,,,,,,,,,
,,,,,,,,,,,,,,,,,,,,,,,,,
,,,,,,,,,,,,,,,,,,,,,,,,,
,,,,,,,,,,,,,,,,,,,,,,,,,
,,,,,,,,,,,,,,,,,,,,,,,,,
,,,,,#DIV/0!,#DIV/0!,#DIV/0!,#DIV/0!,#DIV/0!,#DIV/0!,,,,,,,,,,,,,,,
,,,,,,,,,,,,,,,,,,,,,,,,,
,,,,,,,,,,,,,,,,,,,,,,,,,
,,,,,,,,,,,,,,,,,,,,,,,,,
,,,,,,,,,,,,,,,,,,,,,,,,,
,,,,,#DIV/0!,#DIV/0!,#DIV/0!,#DIV/0!,#DIV/0!,#DIV/0!,,,,,,,,,,,,,,,
,,,,,,,,,,,,,,,,,,,,,,,,,
,,,,,,,,,,,,,,,,,,,,,,,,,
,,,,,,,,,,,,,,,,,,,,,,,,,
,,,,,,,,,,,,,,,,,,,,,,,,,
,,,,,#DIV/0!,#DIV/0!,#DIV/0!,#DIV/0!,#DIV/0!,#DIV/0!,,,,,,,,,,,,,,,
,,,,,,,,,,,,,,,,,,,,,,,,,
,,,,,,,,,,,,,,,,,,,,,,,,,
,,,,,,,,,,,,,,,,,,,,,,,,,
,,,,,,,,,,,,,,,,,,,,,,,,,
,,,,,#DIV/0!,#DIV/0!,#DIV/0!,#DIV/0!,#DIV/0!,#DIV/0!,,,,,,,,,,,,,,,
,,,,,,,,,,,,,,,,,,,,,,,,,
,,,,,,,,,,,,,,,,,,,,,,,,,
,,,,,,,,,,,,,,,,,,,,,,,,,
,,,,,,,,,,,,,,,,,,,,,,,,,
,,,,,#DIV/0!,#DIV/0!,#DIV/0!,#DIV/0!,#DIV/0!,#DIV/0!,,,,,,,,,,,,,,,
,,,,,,,,,,,,,,,,,,,,,,,,,
,,,,,,,,,,,,,,,,,,,,,,,,,
,,,,,,,,,,,,,,,,,,,,,,,,,
,,,,,,,,,,,,,,,,,,,,,,,,,
,,,,,#DIV/0!,#DIV/0!,#DIV/0!,#DIV/0!,#DIV/0!,#DIV/0!,,,,,,,,,,,,,,,
,,,,,,,,,,,,,,,,,,,,,,,,,
,,,,,,,,,,,,,,,,,,,,,,,,,
,,,,,,,,,,,,,,,,,,,,,,,,,
,,,,,,,,,,,,,,,,,,,,,,,,,
,,,,,#DIV/0!,#DIV/0!,#DIV/0!,#DIV/0!,#DIV/0!,#DIV/0!,,,,,,,,,,,,,,,
,,,,,,,,,,,,,,,,,,,,,,,,,
,,,,,,,,,,,,,,,,,,,,,,,,,
,,,,,,,,,,,,,,,,,,,,,,,,,
,,,,,,,,,,,,,,,,,,,,,,,,,
,,,,,#DIV/0!,#DIV/0!,#DIV/0!,#DIV/0!,#DIV/0!,#DIV/0!,,,,,,,,,,,,,,,
,,,,,,,,,,,,,,,,,,,,,,,,,
,,,,,,,,,,,,,,,,,,,,,,,,,
,,,,,,,,,,,,,,,,,,,,,,,,,
,,,,,,,,,,,,,,,,,,,,,,,,,
,,,,,#DIV/0!,#DIV/0!,#DIV/0!,#DIV/0!,#DIV/0!,#DIV/0!,,,,,,,,,,,,,,,
,,,,,,,,,,,,,,,,,,,,,,,,,
,,,,,,,,,,,,,,,,,,,,,,,,,
,,,,,,,,,,,,,,,,,,,,,,,,,
,,,,,,,,,,,,,,,,,,,,,,,,,
,,,,,#DIV/0!,#DIV/0!,#DIV/0!,#DIV/0!,#DIV/0!,#DIV/0!,,,,,,,,,,,,,,,
,,,,,,,,,,,,,,,,,,,,,,,,,
,,,,,,,,,,,,,,,,,,,,,,,,,
,,,,,,,,,,,,,,,,,,,,,,,,,
,,,,,,,,,,,,,,,,,,,,,,,,,
,,,,,#DIV/0!,#DIV/0!,#DIV/0!,#DIV/0!,#DIV/0!,#DIV/0!,,,,,,,,,,,,,,,
,,,,,,,,,,,,,,,,,,,,,,,,,
,,,,,,,,,,,,,,,,,,,,,,,,,
,,,,,,,,,,,,,,,,,,,,,,,,,
,,,,,,,,,,,,,,,,,,,,,,,,,
,,,,,#DIV/0!,#DIV/0!,#DIV/0!,#DIV/0!,#DIV/0!,#DIV/0!,,,,,,,,,,,,,,,
,,,,,,,,,,,,,,,,,,,,,,,,,
,,,,,,,,,,,,,,,,,,,,,,,,,
,,,,,,,,,,,,,,,,,,,,,,,,,
,,,,,,,,,,,,,,,,,,,,,,,,,
,,,,,#DIV/0!,#DIV/0!,#DIV/0!,#DIV/0!,#DIV/0!,#DIV/0!,,,,,,,,,,,,,,,
,,,,,,,,,,,,,,,,,,,,,,,,,
,,,,,,,,,,,,,,,,,,,,,,,,,
,,,,,,,,,,,,,,,,,,,,,,,,,
,,,,,,,,,,,,,,,,,,,,,,,,,
,,,,,#DIV/0!,#DIV/0!,#DIV/0!,#DIV/0!,#DIV/0!,#DIV/0!,,,,,,,,,,,,,,,
,,,,,,,,,,,,,,,,,,,,,,,,,
,,,,,,,,,,,,,,,,,,,,,,,,,
,,,,,,,,,,,,,,,,,,,,,,,,,
,,,,,,,,,,,,,,,,,,,,,,,,,
,,,,,#DIV/0!,#DIV/0!,#DIV/0!,#DIV/0!,#DIV/0!,#DIV/0!,,,,,,,,,,,,,,,
,,,,,,,,,,,,,,,,,,,,,,,,,
,,,,,,,,,,,,,,,,,,,,,,,,,
,,,,,,,,,,,,,,,,,,,,,,,,,
,,,,,,,,,,,,,,,,,,,,,,,,,
,,,,,#DIV/0!,#DIV/0!,#DIV/0!,#DIV/0!,#DIV/0!,#DIV/0!,,,,,,,,,,,,,,,
,,,,,,,,,,,,,,,,,,,,,,,,,
,,,,,,,,,,,,,,,,,,,,,,,,,
,,,,,,,,,,,,,,,,,,,,,,,,,
,,,,,,,,,,,,,,,,,,,,,,,,,
,,,,,#DIV/0!,#DIV/0!,#DIV/0!,#DIV/0!,#DIV/0!,#DIV/0!,,,,,,,,,,,,,,,
,,,,,,,,,,,,,,,,,,,,,,,,,
,,,,,,,,,,,,,,,,,,,,,,,,,
,,,,,,,,,,,,,,,,,,,,,,,,,
,,,,,,,,,,,,,,,,,,,,,,,,,
,,,,,#DIV/0!,#DIV/0!,#DIV/0!,#DIV/0!,#DIV/0!,#DIV/0!,,,,,,,,,,,,,,,
,,,,,,,,,,,,,,,,,,,,,,,,,
,,,,,,,,,,,,,,,,,,,,,,,,,
,,,,,,,,,,,,,,,,,,,,,,,,,
,,,,,,,,,,,,,,,,,,,,,,,,,
,,,,,#DIV/0!,#DIV/0!,#DIV/0!,#DIV/0!,#DIV/0!,#DIV/0!,,,,,,,,,,,,,,,
,,,,,,,,,,,,,,,,,,,,,,,,,
,,,,,,,,,,,,,,,,,,,,,,,,,
,,,,,,,,,,,,,,,,,,,,,,,,,
,,,,,,,,,,,,,,,,,,,,,,,,,
,,,,,#DIV/0!,#DIV/0!,#DIV/0!,#DIV/0!,#DIV/0!,#DIV/0!,,,,,,,,,,,,,,,
,,,,,,,,,,,,,,,,,,,,,,,,,
,,,,,,,,,,,,,,,,,,,,,,,,,
,,,,,,,,,,,,,,,,,,,,,,,,,
,,,,,,,,,,,,,,,,,,,,,,,,,
,,,,,#DIV/0!,#DIV/0!,#DIV/0!,#DIV/0!,#DIV/0!,#DIV/0!,,,,,,,,,,,,,,,
,,,,,,,,,,,,,,,,,,,,,,,,,
,,,,,,,,,,,,,,,,,,,,,,,,,
,,,,,,,,,,,,,,,,,,,,,,,,,
,,,,,,,,,,,,,,,,,,,,,,,,,
,,,,,#DIV/0!,#DIV/0!,#DIV/0!,#DIV/0!,#DIV/0!,#DIV/0!,,,,,,,,,,,,,,,
,,,,,,,,,,,,,,,,,,,,,,,,,
,,,,,,,,,,,,,,,,,,,,,,,,,
,,,,,,,,,,,,,,,,,,,,,,,,,
,,,,,,,,,,,,,,,,,,,,,,,,,
,,,,,#DIV/0!,#DIV/0!,#DIV/0!,#DIV/0!,#DIV/0!,#DIV/0!,,,,,,,,,,,,,,,
,,,,,,,,,,,,,,,,,,,,,,,,,
,,,,,,,,,,,,,,,,,,,,,,,,,
,,,,,,,,,,,,,,,,,,,,,,,,,
,,,,,,,,,,,,,,,,,,,,,,,,,
,,,,,#DIV/0!,#DIV/0!,#DIV/0!,#DIV/0!,#DIV/0!,#DIV/0!,,,,,,,,,,,,,,,
,,,,,,,,,,,,,,,,,,,,,,,,,
,,,,,,,,,,,,,,,,,,,,,,,,,
,,,,,,,,,,,,,,,,,,,,,,,,,
,,,,,,,,,,,,,,,,,,,,,,,,,
,,,,,#DIV/0!,#DIV/0!,#DIV/0!,#DIV/0!,#DIV/0!,#DIV/0!,,,,,,,,,,,,,,,