初句,二句,三句,四句,結句,感情:嬉しい,感情:面白い,感情:穏やか,感情:しみじみ,感情:寂しい,感情:怒り,初句の音節数,二句の音節数,三句の音節数,四句の音節数,五句の音節数,合計音節数,タグ:日常,タグ:人間関係,タグ:仕事,タグ:人生,タグ:家族,タグ:恋愛,タグ:旅行,タグ:自然,タグ:時事
雨の日の,下校のときに,見た枝は,くもの巣さえも,美しきかな,4,1.75,7.75,7,2.25,1,5,7,5,7,7,31,1,0,0,0,0,0,0,1,0
,,,,海原,4,1,8,7,2,1,,,,,,,,,,,,,,,
,,,,山下,3,1,7,6,1,1,,,,,,,,,,,,,,,
,,,,山本,5,3,8,8,3,1,,,,,,,,,,,,,,,
,,,,大氏,4,2,8,7,3,1,,,,,,,,,,,,,,,
また今日も,いつものように,けんかだね,姉妹みたいだ,母と私と,3.25,3.25,3,2.75,1,2.75,5,7,5,7,7,31,1,1,0,0,1,0,0,0,0
,,,,海原,5,1,6,4,1,3,,,,,,,,,,,,,,,
,,,,山下,2,4,1,2,1,4,,,,,,,,,,,,,,,
,,,,山本,4,6,2,3,1,2,,,,,,,,,,,,,,,
,,,,大氏,2,2,3,2,1,2,,,,,,,,,,,,,,,
ウイルスの,記事ひとつなき,一枚を,選りて折りたり,端午の兜,4.25,1.25,4.25,5.75,3,1.75,5,7,5,7,7,31,0,0,0,1,1,0,0,0,0
,,,,海原,5,2,7,7,1,1,,,,,,,,,,,,,,,
,,,,山下,1,1,3,4,8,4,,,,,,,,,,,,,,,
,,,,山本,6,1,3,6,1,1,,,,,,,,,,,,,,,
,,,,大氏,5,1,4,6,2,1,,,,,,,,,,,,,,,
あまりりす,平泳ぎなら,どこまでも,ゆけると言った,ひとの踏む水,2.5,2.5,7.5,7,3.25,1.25,,,,,,,1,0,0,0,0,0,0,1,0
,,,,海原,3,3,7,7,3,1,,,,,,,,,,,,,,,
,,,,山下,2,4,8,6,2,1,,,,,,,,,,,,,,,
,,,,山本,3,2,8,7,3,1,,,,,,,,,,,,,,,
,,,,大氏,2,1,7,8,5,2,,,,,,,,,,,,,,,
五匙しか,食べない夫に,粥を炊き,行平鍋の,窪みを磨く,1.75,1.75,4.75,5.5,5.25,4.5,,,,,,,1,0,0,0,1,0,0,0,0
,,,,山本,1,1,3,5,7,7,,,,,,,,,,,,,,,
,,,,海原,3,1,6,7,3,2,,,,,,,,,,,,,,,
,,,,山下,2,4,6,3,2,7,,,,,,,,,,,,,,,
,,,,大氏,1,1,4,7,9,2,,,,,,,,,,,,,,,
原発の,汚染処理水,受け入れて,太平洋は,少しふくらむ,1,1.25,1.75,4.75,3.5,6.75,,,,,,,0,0,0,0,0,0,0,0,1
,,,,山本,1,1,3,7,2,7,,,,,,,,,,,,,,,
,,,,海原,1,1,1,1,3,8,,,,,,,,,,,,,,,
,,,,山下,1,2,2,4,3,8,,,,,,,,,,,,,,,
,,,,大氏,1,1,1,7,6,4,,,,,,,,,,,,,,,
大事なこと,俺が決め,何が大事かは,妻が決めてる,平らかな日々,3.25,2,6.25,5.5,2,3.25,,,,,,,1,0,0,0,1,0,0,0,0
,,,,山本,2,2,5,5,3,2,,,,,,,,,,,,,,,
,,,,海原,4,2,7,7,2,2,,,,,,,,,,,,,,,
,,,,山下,2,3,5,4,2,7,,,,,,,,,,,,,,,
,,,,大氏,5,1,8,6,1,2,,,,,,,,,,,,,,,
人生は,均せば平らと,言い聞かす,谷底の日も,春陽は温し,1.5,1,4,6.25,4.75,4,,,,,,,0,0,0,1,0,0,0,0,0
,,,,山本,1,1,4,7,5,4,,,,,,,,,,,,,,,
,,,,海原,2,1,4,5,2,4,,,,,,,,,,,,,,,
,,,,山下,2,1,2,6,8,5,,,,,,,,,,,,,,,
,,,,大氏,1,1,6,7,4,3,,,,,,,,,,,,,,,
Ｉ・Ｈの,キッチン退きたる,行平鍋が,庭に働く,柄杓となりて,1.5,6,7,7,5.5,1.25,,,,,,,1,0,0,0,0,0,0,0,0
,,,,山本,2,7,6,5,3,2,,,,,,,,,,,,,,,
,,,,海原,2,3,7,7,2,1,,,,,,,,,,,,,,,
,,,,山下,1,6,8,8,9,1,,,,,,,,,,,,,,,
,,,,大氏,1,8,7,8,8,1,,,,,,,,,,,,,,,
水のドア,何度も開ける,平泳ぎ,別の私が,いそうな気がして,4.75,6,4.75,3.75,1.75,1,,,,,,,0,0,0,0,0,0,0,0,0
,,,,山本,8,6,6,5,3,1,,,,,,,,,,,,,,,
,,,,海原,5,8,4,4,1,1,,,,,,,,,,,,,,,
,,,,山下,3,2,4,3,2,1,,,,,,,,,,,,,,,
,,,,大氏,3,8,5,3,1,1,,,,,,,,,,,,,,,
まっしろの,金平糖を,黒髪に,おとすぼくらは,神話になれる,6.75,7.75,3.75,3.25,1,1,,,,,,,0,0,0,0,0,0,0,0,0
,,,,山本,8,8,4,6,1,1,,,,,,,,,,,,,,,
,,,,海原,6,8,3,2,1,1,,,,,,,,,,,,,,,
,,,,山下,6,7,3,2,1,1,,,,,,,,,,,,,,,
,,,,大氏,7,8,5,3,1,1,,,,,,,,,,,,,,,
仁丹の,銀の光の,謎めけり,病弱なりし,父の手の平,1,1,4.25,7.5,7.75,1.25,,,,,,,0,0,0,0,1,0,0,0,0
,,,,山本,1,1,6,9,7,1,,,,,,,,,,,,,,,
,,,,海原,1,1,4,8,8,1,,,,,,,,,,,,,,,
,,,,山下,1,1,3,6,8,2,,,,,,,,,,,,,,,
,,,,大氏,1,1,4,7,8,1,,,,,,,,,,,,,,,
平然と,「知らない人だ」と,言う母の,娘になれず,面会終える,1,1,2.75,5.5,10,4.75,,,,,,,1,0,0,1,1,0,0,0,0
,,,,山本,1,1,4,6,10,3,,,,,,,,,,,,,,,
,,,,海原,1,1,3,6,10,4,,,,,,,,,,,,,,,
,,,,山下,1,1,1,3,10,9,,,,,,,,,,,,,,,
,,,,大氏,1,1,3,7,10,3,,,,,,,,,,,,,,,
わたしには,確かにきみと,わかるから,目玉おやぢで,帰つておいで,2.75,2.75,3,3.25,6.5,1.5,,,,,,,0,1,0,0,1,0,0,0,0
,,,,山本,6,8,5,3,4,2,,,,,,,,,,,,,,,
,,,,海原,2,1,3,4,7,2,,,,,,,,,,,,,,,
,,,,山下,1,1,2,4,7,1,,,,,,,,,,,,,,,
,,,,大氏,2,1,2,2,8,1,,,,,,,,,,,,,,,
夫と手を,繫ぐ事多く,なりてゆく,手摺途切れれば,差し伸べられて,8.25,3,7.5,8,1.5,1,,,,,,,1,0,0,0,1,0,0,0,0
,,,,山本,10,5,7,9,1,1,,,,,,,,,,,,,,,
,,,,海原,8,2,7,7,1,1,,,,,,,,,,,,,,,
,,,,山下,9,3,8,8,1,1,,,,,,,,,,,,,,,
,,,,大氏,6,2,8,8,3,1,,,,,,,,,,,,,,,
歩くたび,鈴は鳴るなり,ポケットに,わたしがわたしを,わすれぬやうに,3,3.75,6.25,5.75,4.25,1,,,,,,,1,0,0,0,0,0,0,0,0
,,,,山本,5,5,5,3,2,1,,,,,,,,,,,,,,,
,,,,海原,3,5,8,7,4,1,,,,,,,,,,,,,,,
,,,,山下,2,2,5,6,8,1,,,,,,,,,,,,,,,
,,,,大氏,2,3,7,7,3,1,,,,,,,,,,,,,,,
うめ、さくら、,ばら、チューリップ,くらいしか,知らない僕の,「あの花」が咲く,8.5,4.75,5.5,5.5,1.5,1,,,,,,,0,0,0,0,0,0,0,1,0
,,,,山本,9,6,6,7,3,1,,,,,,,,,,,,,,,
,,,,海原,8,5,4,3,1,1,,,,,,,,,,,,,,,
,,,,山下,7,3,6,6,1,1,,,,,,,,,,,,,,,
,,,,大氏,10,5,6,6,1,1,,,,,,,,,,,,,,,
泣き声が,ロビーに響く,嗚呼これは,私を父に,するファンファーレ,10,6.25,5,8.5,1,1,,,,,,,0,0,0,1,1,0,0,0,0
,,,,山本,10,7,7,9,1,1,,,,,,,,,,,,,,,
,,,,海原,10,8,2,9,1,1,,,,,,,,,,,,,,,
,,,,山下,10,4,8,6,1,1,,,,,,,,,,,,,,,
,,,,大氏,10,6,3,10,1,1,,,,,,,,,,,,,,,
新三田,行きに乗れども,新三田,見ることはなし,未来のごとく,2.25,5.25,6,3.25,4.75,1.5,,,,,,,0,0,0,0,0,0,1,0,0
,,,,山本,4,4,7,3,2,1,,,,,,,,,,,,,,,
,,,,海原,2,3,4,4,8,3,,,,,,,,,,,,,,,
,,,,山下,2,9,7,2,2,1,,,,,,,,,,,,,,,
,,,,大氏,1,5,6,4,7,1,,,,,,,,,,,,,,,
故郷でも,郷里でもなく,「ふるさと」と,和語で呼びたき,町のありけり,6.75,3,9,9.5,4.25,1,,,,,,,0,0,0,0,0,0,1,0,0
,,,,山本,7,4,8,9,7,1,,,,,,,,,,,,,,,
,,,,海原,7,3,9,9,5,1,,,,,,,,,,,,,,,
,,,,山下,7,2,9,10,3,1,,,,,,,,,,,,,,,
,,,,大氏,6,3,10,10,2,1,,,,,,,,,,,,,,,
つめたいも,あったかいも出る,自販機の,灯みていた,病院の夜,2,1.5,5,7.75,8.75,1.25,,,,,,,0,0,0,0,0,0,0,0,0
,,,,山本,4,3,6,7,7,1,,,,,,,,,,,,,,,
,,,,海原,2,1,6,7,9,1,,,,,,,,,,,,,,,
,,,,山下,1,1,3,8,9,2,,,,,,,,,,,,,,,
,,,,大氏,1,1,5,9,10,1,,,,,,,,,,,,,,,
スーパーの,帰りの橋に,妻といて,小魚に照る,この世のひかり,6,4,7.25,6.25,1.75,1,,,,,,,1,0,0,0,1,0,0,1,0
,,,,山本,7,6,4,3,3,1,,,,,,,,,,,,,,,
,,,,海原,8,3,7,9,1,1,,,,,,,,,,,,,,,
,,,,山下,2,4,8,5,2,1,,,,,,,,,,,,,,,
,,,,大氏,7,3,10,8,1,1,,,,,,,,,,,,,,,
食卓で,待つ者もなし,ざるの目に,詰まったひじき,ぽちぽちと抜く,1.5,2.25,5.75,6.5,6.5,4,,,,,,,1,0,0,0,0,0,0,0,0
,,,,山本,2,2,4,5,3,7,,,,,,,,,,,,,,,
,,,,海原,2,1,6,7,7,3,,,,,,,,,,,,,,,
,,,,山下,1,3,6,7,9,1,,,,,,,,,,,,,,,
,,,,大氏,1,3,7,7,7,5,,,,,,,,,,,,,,,
三度目,鶏インフルの,報せあり,明日より緊急,動員という,1,1,1.25,1,1,5.75,,,,,,,0,0,1,0,0,0,0,0,1
,,,,山本,1,1,1,1,1,7,,,,,,,,,,,,,,,
,,,,海原,1,1,1,1,1,8,,,,,,,,,,,,,,,
,,,,山下,1,1,2,1,1,2,,,,,,,,,,,,,,,
,,,,大氏,1,1,1,1,1,6,,,,,,,,,,,,,,,
わずかなる,餌を啄む,にわとりの,百万羽の音,あすは消えなん,1.25,1,3.25,5.25,6.5,5,,,,,,,0,0,0,0,0,0,0,0,1
,,,,山本,1,1,3,6,7,5,,,,,,,,,,,,,,,
,,,,海原,1,1,1,5,8,7,,,,,,,,,,,,,,,
,,,,山下,2,1,7,6,8,1,,,,,,,,,,,,,,,
,,,,大氏,1,1,2,4,3,7,,,,,,,,,,,,,,,
ひたひたと,夕闇迫り,てのひらの,芯につめたき,空気まとえり,1.5,1.25,4,5.5,5,1.5,,,,,,,1,0,0,0,0,0,0,1,0
,,,,山本,2,2,5,4,7,2,,,,,,,,,,,,,,,
,,,,海原,2,1,4,8,6,1,,,,,,,,,,,,,,,
,,,,山下,1,1,3,2,2,1,,,,,,,,,,,,,,,
,,,,大氏,1,1,4,8,5,2,,,,,,,,,,,,,,,
処分へと,向かう途中に,零れおり,白き羽毛が,ふわんふわんと,1.25,1.25,3.25,6,9,3.5,,,,,,,0,0,0,0,0,0,0,0,1
,,,,山本,2,2,5,8,9,2,,,,,,,,,,,,,,,
,,,,海原,1,1,3,4,9,6,,,,,,,,,,,,,,,
,,,,山下,1,1,2,5,8,2,,,,,,,,,,,,,,,
,,,,大氏,1,1,3,7,10,4,,,,,,,,,,,,,,,
数滴の,血液混ざり,込むような,月夜に鶏の,処分始まる,1,1,2.75,5.25,8.75,4.75,,,,,,,0,0,0,0,0,0,0,0,1
,,,,山本,1,1,5,7,8,4,,,,,,,,,,,,,,,
,,,,海原,1,1,4,2,9,8,,,,,,,,,,,,,,,
,,,,山下,1,1,1,6,9,4,,,,,,,,,,,,,,,
,,,,大氏,1,1,1,6,9,3,,,,,,,,,,,,,,,
水を飲む,鶏のあいだを,抜けながら,鶏を籠めたる,ケージを運ぶ,1.25,2.25,2.25,5.75,5,1.75,,,,,,,0,0,1,0,0,0,0,0,0
,,,,山本,2,4,4,5,7,2,,,,,,,,,,,,,,,
,,,,海原,1,2,2,3,7,3,,,,,,,,,,,,,,,
,,,,山下,1,1,1,6,3,1,,,,,,,,,,,,,,,
,,,,大氏,1,2,2,9,3,1,,,,,,,,,,,,,,,
健康な,鶏もまとめて,殺さるる,濃厚接触,させし挙げ句に,1,1,1,2.75,7.5,8,,,,,,,0,0,0,0,0,0,0,0,1
,,,,山本,1,1,1,3,8,8,,,,,,,,,,,,,,,
,,,,海原,1,1,1,1,6,9,,,,,,,,,,,,,,,
,,,,山下,1,1,1,2,7,10,,,,,,,,,,,,,,,
,,,,大氏,1,1,1,5,9,5,,,,,,,,,,,,,,,
ガス室を,前に鶏らの,仰ぐ空,生まれてはじめて,見る大空か,1,1,2.5,7,6.25,3.75,,,,,,,0,0,0,0,0,0,0,1,1
,,,,山本,1,1,3,7,7,2,,,,,,,,,,,,,,,
,,,,海原,1,1,2,4,8,9,,,,,,,,,,,,,,,
,,,,山下,1,1,1,7,2,3,,,,,,,,,,,,,,,
,,,,大氏,1,1,4,10,8,1,,,,,,,,,,,,,,,
鶏たちの,安楽死とは,ほど遠し,ガスを浴びても,死ねぬ者居て,1,1,1.25,3.25,4.75,5,,,,,,,0,0,0,0,0,0,0,0,1
,,,,山本,1,1,2,4,6,4,,,,,,,,,,,,,,,
,,,,海原,1,1,1,3,2,8,,,,,,,,,,,,,,,
,,,,山下,1,1,1,2,2,4,,,,,,,,,,,,,,,
,,,,大氏,1,1,1,4,9,4,,,,,,,,,,,,,,,
出来立ての,鶏のなきがら,放るとき,微かにきゅっと,啼き声を聴く,1,1,2.5,4.75,7.5,3,,,,,,,0,0,1,0,0,0,0,0,0
,,,,山本,1,1,3,5,8,4,,,,,,,,,,,,,,,
,,,,海原,1,1,3,4,8,3,,,,,,,,,,,,,,,
,,,,山下,1,1,1,4,6,4,,,,,,,,,,,,,,,
,,,,大氏,1,1,3,6,8,1,,,,,,,,,,,,,,,
丹頂は,手厚く処置を,されていた,鶏の処分を,している時も,1.5,1.25,2.25,4.25,6.25,4.25,,,,,,,0,0,1,0,0,0,0,0,1
,,,,山本,2,1,3,4,6,4,,,,,,,,,,,,,,,
,,,,海原,2,1,3,2,7,3,,,,,,,,,,,,,,,
,,,,山下,1,2,2,5,4,6,,,,,,,,,,,,,,,
,,,,大氏,1,1,1,6,8,4,,,,,,,,,,,,,,,
吐く息が,数日鶏の,匂いせり,ひと夜鶏舎に,作業ののちの,1.75,4.25,4.5,5,3.5,1.75,,,,,,,0,0,1,0,0,0,0,0,0
,,,,山本,2,4,5,7,4,2,,,,,,,,,,,,,,,
,,,,海原,2,2,5,4,6,2,,,,,,,,,,,,,,,
,,,,山下,2,6,5,2,1,1,,,,,,,,,,,,,,,
,,,,大氏,1,5,3,7,3,2,,,,,,,,,,,,,,,
朝夕と,巨大鶏舎に,無精卵,生み続けいし,生をおもえり,2.75,2.5,3,7,5.75,1.75,,,,,,,0,0,1,0,0,0,0,1,0
,,,,山本,7,7,4,5,2,1,,,,,,,,,,,,,,,
,,,,海原,2,1,4,7,6,3,,,,,,,,,,,,,,,
,,,,山下,1,1,3,8,7,1,,,,,,,,,,,,,,,
,,,,大氏,1,1,1,8,8,2,,,,,,,,,,,,,,,
鶏卵の,高値ばかりを,世の中は,報じていたり,梅の散る頃,1.75,2.25,4.5,5,5.5,4.75,,,,,,,0,0,0,0,0,0,0,1,0
,,,,山本,4,4,4,6,7,7,,,,,,,,,,,,,,,
,,,,海原,1,3,4,5,7,5,,,,,,,,,,,,,,,
,,,,山下,1,1,6,4,2,3,,,,,,,,,,,,,,,
,,,,大氏,1,1,4,5,6,4,,,,,,,,,,,,,,,
からっぽの,鶏舎に再度,あらたなる,鶏の飼われる,準備はじまる,4.75,2.75,2.75,5.75,3.75,1,,,,,,,0,0,1,0,0,0,0,0,0
,,,,山本,9,4,3,3,2,1,,,,,,,,,,,,,,,
,,,,海原,7,5,3,7,3,1,,,,,,,,,,,,,,,
,,,,山下,1,1,3,6,6,1,,,,,,,,,,,,,,,
,,,,大氏,2,1,2,7,4,1,,,,,,,,,,,,,,,
「この味が,いいね」と君が,言ったから,七月六日は,サラダ記念日,9.25,6,7,6,1,1,,,,,,,1,0,0,0,0,1,0,0,0
,,,,山本,10,10,3,3,1,1,,,,,,,,,,,,,,,
,,,,海原,10,5,7,7,1,1,,,,,,,,,,,,,,,
,,,,山下,8,2,10,9,1,1,,,,,,,,,,,,,,,
,,,,大氏,9,7,8,5,1,1,,,,,,,,,,,,,,,
明日まで,一緒にいたい,心だけ,ホームに置いて,乗る終電車,2.25,1.75,4.25,7,9.75,1.25,,,,,,,0,0,0,0,0,1,0,0,0
,,,,山本,3,3,3,5,10,1,,,,,,,,,,,,,,,
,,,,海原,4,2,4,7,9,2,,,,,,,,,,,,,,,
,,,,山下,1,1,5,6,10,1,,,,,,,,,,,,,,,
,,,,大氏,1,1,5,10,10,1,,,,,,,,,,,,,,,
白菜が,赤帯しめて,店先に,うっふんうっふん,肩を並べる,4.5,9.25,5,2.25,1.25,1,,,,,,,1,0,0,0,0,0,0,0,0
,,,,山本,5,9,2,2,2,1,,,,,,,,,,,,,,,
,,,,海原,4,8,3,2,1,1,,,,,,,,,,,,,,,
,,,,山下,4,10,8,2,1,1,,,,,,,,,,,,,,,
,,,,大氏,5,10,7,3,1,1,,,,,,,,,,,,,,,
自転車の,後ろに乗って,この街の,右側だけを,知っていた夏,5,3.5,6.25,7.5,3.75,1,,,,,,,1,0,0,0,0,0,0,0,0
,,,,山本,7,3,4,6,1,1,,,,,,,,,,,,,,,
,,,,海原,5,3,4,5,6,1,,,,,,,,,,,,,,,
,,,,山下,3,3,7,9,3,1,,,,,,,,,,,,,,,
,,,,大氏,5,5,10,10,5,1,,,,,,,,,,,,,,,
ガーベラも,ダリアも花と,呼ぶきみが,コスモスだけは,コスモスと呼ぶ,4.25,5.75,5.75,4.25,1.5,1,,,,,,,1,0,0,0,0,0,0,1,0
,,,,山本,4,7,3,6,2,1,,,,,,,,,,,,,,,
,,,,海原,7,3,4,5,1,1,,,,,,,,,,,,,,,
,,,,山下,2,4,8,2,1,1,,,,,,,,,,,,,,,
,,,,大氏,4,9,8,4,2,1,,,,,,,,,,,,,,,
未来とは,レモン氷の,向こうなる,おまえの八重歯に,映った花火,5.25,6,5,6,1.5,1,,,,,,,0,0,0,1,0,0,0,0,0
,,,,山本,6,5,4,7,1,1,,,,,,,,,,,,,,,
,,,,海原,7,3,4,6,3,1,,,,,,,,,,,,,,,
,,,,山下,4,7,7,7,1,1,,,,,,,,,,,,,,,
,,,,大氏,4,9,5,4,1,1,,,,,,,,,,,,,,,
たっぷりと,君に抱かれて,いるような,グリンのセーター,着て冬になる,8,3.75,6.75,6,2.5,1,,,,,,,1,0,0,0,0,1,0,0,0
,,,,山本,9,5,4,6,1,1,,,,,,,,,,,,,,,
,,,,海原,8,3,5,3,1,1,,,,,,,,,,,,,,,
,,,,山下,8,2,8,5,1,1,,,,,,,,,,,,,,,
,,,,大氏,7,5,10,10,7,1,,,,,,,,,,,,,,,
寄せ返す,波のしぐさの,優しさに,いつ言われても,いいさようなら,5.5,3.5,6.25,6.25,6.25,1.25,,,,,,,0,0,0,0,0,0,0,1,0
,,,,山本,8,6,6,5,2,1,,,,,,,,,,,,,,,
,,,,海原,4,1,4,6,8,2,,,,,,,,,,,,,,,
,,,,山下,4,1,5,7,8,1,,,,,,,,,,,,,,,
,,,,大氏,6,6,10,7,7,1,,,,,,,,,,,,,,,
鮭の死を,米で包んで,またさらに,海苔で包んだ,あれが食べたい,4.5,7.5,5.25,3,1.5,1,,,,,,,1,0,0,0,0,0,0,0,0
,,,,山本,6,8,3,3,2,1,,,,,,,,,,,,,,,
,,,,海原,4,6,5,3,1,1,,,,,,,,,,,,,,,
,,,,山下,2,9,8,3,2,1,,,,,,,,,,,,,,,
,,,,大氏,6,7,5,3,1,1,,,,,,,,,,,,,,,
きみとの恋,終わりプールに,泳ぎおり,十メートル地点で,悲しみがくる,1,1.25,3.75,7.75,9.75,1,,,,,,,0,1,0,0,0,1,0,0,0
,,,,山本,1,1,2,7,10,1,,,,,,,,,,,,,,,
,,,,海原,1,1,2,8,10,1,,,,,,,,,,,,,,,
,,,,山下,1,2,5,6,9,1,,,,,,,,,,,,,,,
,,,,大氏,1,1,6,10,10,1,,,,,,,,,,,,,,,
「はなびら」と,点字をなぞる,ああ、これは,桜の可能,性が大きい,6.25,4,7.25,6,2,1,,,,,,,0,0,0,0,0,0,0,1,0
,,,,山本,7,5,6,6,2,1,,,,,,,,,,,,,,,
,,,,海原,7,4,6,8,3,1,,,,,,,,,,,,,,,
,,,,山下,4,1,8,5,1,1,,,,,,,,,,,,,,,
,,,,大氏,7,6,9,5,2,1,,,,,,,,,,,,,,,
体温計,くわえて窓に,額つけ,「ゆひら」とさわぐ,雪のことかよ,2.75,3.25,6.75,5.75,4.75,1.25,,,,,,,1,0,0,0,1,0,0,1,0
,,,,山本,2,2,6,6,7,2,,,,,,,,,,,,,,,
,,,,海原,4,2,6,7,2,1,,,,,,,,,,,,,,,
,,,,山下,4,8,8,2,1,1,,,,,,,,,,,,,,,
,,,,大氏,1,1,7,8,9,1,,,,,,,,,,,,,,,
ゼラチンの,菓子をすくえば,今満ちる,雨の匂いに,包まれてひとり,1.5,2.25,6.5,6.5,8.75,1,,,,,,,0,0,0,0,0,0,0,0,0
,,,,山本,2,2,6,7,9,1,,,,,,,,,,,,,,,
,,,,海原,1,1,6,7,9,1,,,,,,,,,,,,,,,
,,,,山下,1,1,5,3,8,1,,,,,,,,,,,,,,,
,,,,大氏,2,5,9,9,9,1,,,,,,,,,,,,,,,
終バスに,ふたりは眠る,紫の, ＜降りますランプ＞に,取り囲まれて,3.75,4,6.75,5.75,3.75,1,,,,,,,1,0,0,0,0,1,0,0,0
,,,,山本,2,5,7,7,3,1,,,,,,,,,,,,,,,
,,,,海原,4,2,6,4,3,1,,,,,,,,,,,,,,,
,,,,山下,2,3,5,3,6,1,,,,,,,,,,,,,,,
,,,,大氏,7,6,9,9,3,1,,,,,,,,,,,,,,,
目覚めたら,息まっしろで、,これはもう、,ほんかくてきよ、,ほんかくてき,5.25,6.25,5,5,1.75,1,,,,,,,1,0,0,0,0,0,0,1,0
,,,,山本,7,8,6,7,2,1,,,,,,,,,,,,,,,
,,,,海原,7,3,2,6,1,1,,,,,,,,,,,,,,,
,,,,山下,4,8,7,3,1,1,,,,,,,,,,,,,,,
,,,,大氏,3,6,5,4,3,1,,,,,,,,,,,,,,,
夏の夜の,すべての重力,受けとめて,金魚すくいの,ポイが破れる,3.25,7.75,4.25,5.25,3.25,2.5,,,,,,,0,0,0,0,0,0,0,0,0
,,,,山本,5,8,5,7,1,1,,,,,,,,,,,,,,,
,,,,海原,4,7,3,5,5,1,,,,,,,,,,,,,,,
,,,,山下,2,6,6,7,3,1,,,,,,,,,,,,,,,
,,,,大氏,2,10,3,2,4,7,,,,,,,,,,,,,,,
しつけ糸,ほどけるように,向日葵が,遠いひかりに,ひらかれてゆく,4.25,3.5,7.25,6.25,2,1,,,,,,,0,0,0,0,0,0,0,1,0
,,,,山本,1,1,7,7,3,1,,,,,,,,,,,,,,,
,,,,海原,9,6,6,7,1,1,,,,,,,,,,,,,,,
,,,,山下,3,3,8,5,1,1,,,,,,,,,,,,,,,
,,,,大氏,4,4,8,6,3,1,,,,,,,,,,,,,,,
雪まみれの,頭をふって,きみはもう,絶対泣かない,機械となりぬ,3.75,2.75,3.75,5.5,4,1,,,,,,,0,1,0,0,0,0,0,1,0
,,,,山本,2,2,6,7,5,1,,,,,,,,,,,,,,,
,,,,海原,7,3,3,6,2,1,,,,,,,,,,,,,,,
,,,,山下,1,1,2,6,8,1,,,,,,,,,,,,,,,
,,,,大氏,5,5,4,3,1,1,,,,,,,,,,,,,,,
庭先で,ゆっくり死んで,ゆくシロが,ちょっと笑った,夏休みです,2,1,6,7.25,9.25,1,,,,,,,0,0,0,1,1,0,0,0,0
,,,,山本,1,1,6,7,10,1,,,,,,,,,,,,,,,
,,,,海原,1,1,5,8,9,1,,,,,,,,,,,,,,,
,,,,山下,4,1,4,6,8,1,,,,,,,,,,,,,,,
,,,,大氏,2,1,9,8,10,1,,,,,,,,,,,,,,,
ぼくの持つ,バケツに落ちた, 月を食い,めだかの腹は,ふくらんでゆく,5,6.75,6,6,1.666666667,1,,,,,,,0,0,0,0,0,0,0,1,0
,,,,山本,9,10,5,6,1,1,,,,,,,,,,,,,,,
,,,,海原,4,7,6,7,2,1,,,,,,,,,,,,,,,
,,,,山下,3,3,5,6,1,1,,,,,,,,,,,,,,,
,,,,大氏,4,7,8,5,2,1,,,,,,,,,,,,,,,
とぶために,四階に来て,はつなつの,明るいベラン,ダに靴を脱ぐ,6.75,4.75,5.5,4.5,1,1,,,,,,,1,0,0,0,0,0,0,0,0
,,,,山本,9,7,5,5,1,1,,,,,,,,,,,,,,,
,,,,海原,6,7,4,5,1,1,,,,,,,,,,,,,,,
,,,,山下,7,2,6,2,1,1,,,,,,,,,,,,,,,
,,,,大氏,5,3,7,6,1,1,,,,,,,,,,,,,,,
十七の,春に自分の,一生に,嫌気がさして,二十年経つ,1,1.75,2.5,4.75,5,4.75,,,,,,,0,0,0,1,0,0,0,0,0
,,,,山本,1,1,2,2,5,7,,,,,,,,,,,,,,,
,,,,海原,1,1,2,1,8,6,,,,,,,,,,,,,,,
,,,,山下,1,3,3,9,1,1,,,,,,,,,,,,,,,
,,,,大氏,1,2,3,7,6,5,,,,,,,,,,,,,,,
全員が,サラダバーに,行ってる時に,全部のカバン,見てる役割,1.5,5.5,4,1.75,7.25,6.25,,,,,,,1,0,0,0,0,0,0,0,0
,,,,山本,1,1,2,3,7,9,,,,,,,,,,,,,,,
,,,,海原,3,4,4,2,10,4,,,,,,,,,,,,,,,
,,,,山下,1,7,5,1,6,4,,,,,,,,,,,,,,,
,,,,大氏,1,10,5,1,6,8,,,,,,,,,,,,,,,
ハムレタス,サンドは床に,落ちパンと,レタスとハムと,パンに分かれた,1.25,7,4.25,1.75,3.5,4.25,,,,,,,1,0,0,0,0,0,0,0,0
,,,,山本,2,7,3,3,3,2,,,,,,,,,,,,,,,
,,,,海原,1,7,3,1,3,3,,,,,,,,,,,,,,,
,,,,山下,1,6,6,1,5,5,,,,,,,,,,,,,,,
,,,,大氏,1,8,5,2,3,7,,,,,,,,,,,,,,,
もういやだ,死にたいそして,ほとぼりが,冷めたあたりで,生き返りたい,1,3,2,2.25,3.75,7.5,,,,,,,0,0,0,1,0,0,0,0,0
,,,,山本,1,1,1,2,6,8,,,,,,,,,,,,,,,
,,,,海原,1,1,1,1,5,8,,,,,,,,,,,,,,,
,,,,山下,1,1,1,2,3,8,,,,,,,,,,,,,,,
,,,,大氏,1,9,5,4,1,6,,,,,,,,,,,,,,,
青空へ,わたしはろくろっ,くび伸びて,くちづけしたし,野鳥のきみと,4.5,5.5,5.5,3.75,1,1,,,,,,,0,0,0,0,0,0,0,1,0
,,,,山本,7,4,4,2,1,1,,,,,,,,,,,,,,,
,,,,海原,6,5,5,6,1,1,,,,,,,,,,,,,,,
,,,,山下,2,6,6,5,1,1,,,,,,,,,,,,,,,
,,,,大氏,3,7,7,2,1,1,,,,,,,,,,,,,,,
ついてない,びっくりするほど,ついてない,ほんとにあるの？ , あたしにあした,1,4,1.75,1.25,4,7,,,,,,,0,0,0,1,0,0,0,0,0
,,,,山本,1,1,1,2,7,6,,,,,,,,,,,,,,,
,,,,海原,1,1,1,1,3,9,,,,,,,,,,,,,,,
,,,,山下,1,7,3,1,1,9,,,,,,,,,,,,,,,
,,,,大氏,1,7,2,1,5,4,,,,,,,,,,,,,,,
この煙草,あくまであなた,吸ったのね,そのとき口紅,つけていたのね,1,2.25,2.25,1.25,5.5,9,,,,,,,1,1,0,0,0,1,0,0,0
,,,,山本,1,3,2,2,7,10,,,,,,,,,,,,,,,
,,,,海原,1,3,1,1,3,10,,,,,,,,,,,,,,,
,,,,山下,1,2,3,1,4,7,,,,,,,,,,,,,,,
,,,,大氏,1,1,3,1,8,9,,,,,,,,,,,,,,,
目が合った,あなたは去った,軽蔑に,致死量がある,ことがわかった,1,1,1,2,9.75,3.5,,,,,,,0,1,0,0,0,0,0,0,0
,,,,山本,1,1,1,3,9,6,,,,,,,,,,,,,,,
,,,,海原,1,1,1,3,10,4,,,,,,,,,,,,,,,
,,,,山下,1,1,1,1,10,3,,,,,,,,,,,,,,,
,,,,大氏,1,1,1,1,10,1,,,,,,,,,,,,,,,
覇気のない,ドラえもんには,適当な,悩みを言って,あげたりしなきゃ,2.25,4.75,4.75,2.25,4.25,1.25,,,,,,,1,0,0,0,0,0,0,0,0
,,,,山本,3,5,4,5,3,2,,,,,,,,,,,,,,,
,,,,海原,2,5,4,2,4,1,,,,,,,,,,,,,,,
,,,,山下,1,1,3,1,9,1,,,,,,,,,,,,,,,
,,,,大氏,3,8,8,1,1,1,,,,,,,,,,,,,,,
子には子の,電車来るべし,「白菜の,内側でお待ち,下さい」と言ふ,3.5,6.25,6.5,2.75,1,1,,,,,,,1,0,0,0,1,0,1,0,0
,,,,山本,7,8,4,3,1,1,,,,,,,,,,,,,,,
,,,,海原,4,8,6,4,1,1,,,,,,,,,,,,,,,
,,,,山下,2,7,7,2,1,1,,,,,,,,,,,,,,,
,,,,大氏,1,2,9,2,1,1,,,,,,,,,,,,,,,
誤植あり。,中野駅徒歩,十二年。,それでいいかも,しれないけれど,2.75,9.25,6.75,4,1.25,1,,,,,,,0,0,0,0,0,0,0,0,0
,,,,山本,2,9,6,5,1,1,,,,,,,,,,,,,,,
,,,,海原,3,8,7,5,2,1,,,,,,,,,,,,,,,
,,,,山下,2,10,7,1,1,1,,,,,,,,,,,,,,,
,,,,大氏,4,10,7,5,1,1,,,,,,,,,,,,,,,
「凍る、燃える、,凍る、燃える」と,占いの,花びら毟る,宇宙飛行士,1.25,5.5,1.75,2.5,4.5,1.25,,,,,,,0,0,1,1,0,0,0,0,0
,,,,山本,1,7,2,2,8,2,,,,,,,,,,,,,,,
,,,,海原,2,8,1,2,1,1,,,,,,,,,,,,,,,
,,,,山下,1,6,1,4,4,1,,,,,,,,,,,,,,,
,,,,大氏,1,1,3,2,5,1,,,,,,,,,,,,,,,
あの虹を,無視したら撃て,あの虹に,立ち止まったら,撃つなゴジラを,2,6.25,1.5,1.5,1.25,2,,,,,,,0,0,0,0,0,0,0,0,0
,,,,山本,3,8,2,3,2,4,,,,,,,,,,,,,,,
,,,,海原,3,7,1,1,1,2,,,,,,,,,,,,,,,
,,,,山下,1,1,1,1,1,1,,,,,,,,,,,,,,,
,,,,大氏,1,9,2,1,1,1,,,,,,,,,,,,,,,
Ｂ型の,不足を叫ぶ,青年が,血のいれものと,して僕を見る,1.5,5.5,2.5,2.5,5,4.75,,,,,,,0,0,0,0,0,0,0,0,0
,,,,山本,2,8,4,4,6,6,,,,,,,,,,,,,,,
,,,,海原,2,5,2,1,4,5,,,,,,,,,,,,,,,
,,,,山下,1,1,1,3,1,2,,,,,,,,,,,,,,,
,,,,大氏,1,8,3,2,9,6,,,,,,,,,,,,,,,
つむじ風、,ここにあります,菓子パンの,袋がそっと,教えてくれる,5.5,6.25,7.75,4.25,1.75,1,,,,,,,1,0,0,0,0,0,0,1,0
,,,,山本,10,8,8,7,1,1,,,,,,,,,,,,,,,
,,,,海原,4,5,7,4,2,1,,,,,,,,,,,,,,,
,,,,山下,1,7,6,1,1,1,,,,,,,,,,,,,,,
,,,,大氏,7,5,10,5,3,1,,,,,,,,,,,,,,,
モノクロの,写真でいつか,見た人が,われに微笑む,お盆の夜に,6.25,2.75,6.75,7.25,6,1,,,,,,,0,1,0,0,1,0,0,0,0
,,,,山本,6,3,8,10,8,1,,,,,,,,,,,,,,,
,,,,海原,5,2,8,6,8,1,,,,,,,,,,,,,,,
,,,,山下,6,1,3,9,6,1,,,,,,,,,,,,,,,
,,,,大氏,8,5,8,4,2,1,,,,,,,,,,,,,,,
ごろごろと,石の貨幣を,ころがして,君に届けた,前前前……世,4.75,4,5.25,6.25,3,1,,,,,,,0,1,0,1,0,1,0,0,0
,,,,山本,8,8,4,5,1,1,,,,,,,,,,,,,,,
,,,,海原,5,3,6,7,3,1,,,,,,,,,,,,,,,
,,,,山下,3,3,5,6,1,1,,,,,,,,,,,,,,,
,,,,大氏,3,2,6,7,7,1,,,,,,,,,,,,,,,
グリズリーに,跳ねあげられた,紅鮭の,片方の眼に, 映る夕虹,2,1.5,5,5.25,4.75,1.25,,,,,,,0,0,0,0,0,0,0,1,0
,,,,山本,3,2,5,8,7,1,,,,,,,,,,,,,,,
,,,,海原,2,1,4,5,6,1,,,,,,,,,,,,,,,
,,,,山下,1,1,6,3,2,1,,,,,,,,,,,,,,,
,,,,大氏,2,2,5,5,4,2,,,,,,,,,,,,,,,
だいじょうぶ,急ぐ旅では,ないのだし,急いでないし,旅でもないし,3.5,4.75,8.75,4.5,2.25,1,,,,,,,0,0,0,1,0,0,0,0,0
,,,,山本,8,7,8,6,1,1,,,,,,,,,,,,,,,
,,,,海原,4,2,8,4,3,1,,,,,,,,,,,,,,,
,,,,山下,1,4,9,1,1,1,,,,,,,,,,,,,,,
,,,,大氏,1,6,10,7,4,1,,,,,,,,,,,,,,,
牛乳が,逆からあいて,いて笑う,ふつうの女のコを,ふつうに好きだ,7.5,8.5,6.75,2,1,1,,,,,,,1,0,0,0,0,1,0,0,0
,,,,山本,10,9,6,1,1,1,,,,,,,,,,,,,,,
,,,,海原,8,7,6,2,1,1,,,,,,,,,,,,,,,
,,,,山下,7,10,8,1,1,1,,,,,,,,,,,,,,,
,,,,大氏,5,8,7,4,1,1,,,,,,,,,,,,,,,
海に来れば,海の向こうに,恋人が,いるようにみな,海を見ている,4.75,5.5,7,8,6,1,,,,,,,0,1,0,0,0,1,0,1,0
,,,,山本,8,10,4,7,6,1,,,,,,,,,,,,,,,
,,,,海原,5,5,8,7,7,1,,,,,,,,,,,,,,,
,,,,山下,3,4,8,9,3,1,,,,,,,,,,,,,,,
,,,,大氏,3,3,8,9,8,1,,,,,,,,,,,,,,,
突然に,コーラを吸って,生き絶えた,ティッシュの死骸を,抱えて走る,1.25,8.75,2,1.25,1.25,3,,,,,,,1,0,0,0,0,0,0,0,0
,,,,山本,2,8,2,2,2,6,,,,,,,,,,,,,,,
,,,,海原,1,8,2,1,1,1,,,,,,,,,,,,,,,
,,,,山下,1,9,2,1,1,1,,,,,,,,,,,,,,,
,,,,大氏,1,10,2,1,1,4,,,,,,,,,,,,,,,
友達と,遊んでいると,何でかな,盛り上がるほど,なんか悲しい,2.75,3,4.5,7.75,8.5,1,,,,,,,1,1,0,0,0,0,0,0,0
,,,,山本,2,6,6,7,10,1,,,,,,,,,,,,,,,
,,,,海原,6,3,4,7,8,1,,,,,,,,,,,,,,,
,,,,山下,1,1,3,8,8,1,,,,,,,,,,,,,,,
,,,,大氏,2,2,5,9,8,1,,,,,,,,,,,,,,,
君からの,ありがとうの,一言で,僕の心は, お祭り騒ぎ,10,4.5,3.75,1.75,1,1,,,,,,,1,1,0,0,0,1,0,0,0
,,,,山本,10,10,4,2,1,1,,,,,,,,,,,,,,,
,,,,海原,10,3,2,1,1,1,,,,,,,,,,,,,,,
,,,,山下,10,2,3,1,1,1,,,,,,,,,,,,,,,
,,,,大氏,10,3,6,3,1,1,,,,,,,,,,,,,,,
自転車の,サドルについた,水滴が,引き留めてくる,まだ行かないでと,2.5,7.25,6,4.75,3.25,1,,,,,,,1,0,0,0,0,0,0,0,0
,,,,山本,3,8,6,7,2,1,,,,,,,,,,,,,,,
,,,,海原,4,6,6,2,2,1,,,,,,,,,,,,,,,
,,,,山下,1,8,7,2,4,1,,,,,,,,,,,,,,,
,,,,大氏,2,7,5,8,5,1,,,,,,,,,,,,,,,
君の背で,風にたなびく,ゼッケンが,ギリシャ彫刻,みたいな朝,4.5,5.5,7,4.5,1.25,1,,,,,,,1,0,0,0,0,0,0,0,0
,,,,山本,8,8,7,7,1,1,,,,,,,,,,,,,,,
,,,,海原,5,3,4,2,1,1,,,,,,,,,,,,,,,
,,,,山下,2,6,8,4,1,1,,,,,,,,,,,,,,,
,,,,大氏,3,5,9,5,2,1,,,,,,,,,,,,,,,
授業中,方程式を,解きながら,ノートの隅に, 記す君の名,6,3.5,6,4.75,1.5,1,,,,,,,1,1,0,0,0,1,0,0,0
,,,,山本,8,8,5,4,1,1,,,,,,,,,,,,,,,
,,,,海原,7,2,6,3,1,1,,,,,,,,,,,,,,,
,,,,山下,3,1,6,7,1,1,,,,,,,,,,,,,,,
,,,,大氏,6,3,7,5,3,1,,,,,,,,,,,,,,,
君といた、,十三ヶ月に , ｢あの頃｣と,題名つけて,壁に飾る日,3,1.5,7,9.25,8.75,1,,,,,,,0,1,0,0,0,1,0,0,0
,,,,山本,3,3,8,10,10,1,,,,,,,,,,,,,,,
,,,,海原,4,1,7,8,7,1,,,,,,,,,,,,,,,
,,,,山下,4,1,4,10,8,1,,,,,,,,,,,,,,,
,,,,大氏,1,1,9,9,10,1,,,,,,,,,,,,,,,
忘れ物,取りに戻った,教室は,いつもと違う,無音の空間,3,3.25,6.5,8,9,1,,,,,,,1,0,0,0,0,0,0,0,0
,,,,山本,7,9,6,8,8,1,,,,,,,,,,,,,,,
,,,,海原,3,2,6,8,9,1,,,,,,,,,,,,,,,
,,,,山下,1,1,7,6,9,1,,,,,,,,,,,,,,,
,,,,大氏,1,1,7,10,10,1,,,,,,,,,,,,,,,
レギュラーを,外れた僕に,温かい,母のシチューが,湯気たてている,7,3.25,7.25,8,3.75,1.5,,,,,,,1,1,0,0,1,0,0,0,0
,,,,山本,8,5,8,9,4,2,,,,,,,,,,,,,,,
,,,,海原,6,2,7,5,1,1,,,,,,,,,,,,,,,
,,,,山下,8,1,7,9,5,1,,,,,,,,,,,,,,,
,,,,大氏,6,5,7,9,5,2,,,,,,,,,,,,,,,
ねえ桜、,なんで隠れて,いたんだい,君の季節は,去ったというのに,4.25,3.75,8,8.5,5.25,1,,,,,,,0,0,0,0,0,0,1,1,0
,,,,山本,8,9,8,9,2,1,,,,,,,,,,,,,,,
,,,,海原,4,2,8,8,5,1,,,,,,,,,,,,,,,
,,,,山下,4,3,8,8,7,1,,,,,,,,,,,,,,,
,,,,大氏,1,1,8,9,7,1,,,,,,,,,,,,,,,
祖母よりも,包丁うまく,使えても,桃を切ってと,祖母に甘える,5.5,5.25,8.25,5.25,3,1,,,,,,,1,1,0,0,1,0,0,0,0
,,,,山本,8,9,6,4,1,1,,,,,,,,,,,,,,,
,,,,海原,4,1,8,4,2,1,,,,,,,,,,,,,,,
,,,,山下,6,2,9,7,7,1,,,,,,,,,,,,,,,
,,,,大氏,4,9,10,6,2,1,,,,,,,,,,,,,,,
車窓から,夜景を見ている,帰り道,自分も誰かの,夜景の一部で,4.5,5,7.5,7.5,3.75,1,,,,,,,1,0,0,1,0,0,1,1,0
,,,,山本,6,10,8,7,3,1,,,,,,,,,,,,,,,
,,,,海原,4,2,5,8,6,1,,,,,,,,,,,,,,,
,,,,山下,2,3,8,8,1,1,,,,,,,,,,,,,,,
,,,,大氏,6,5,9,7,5,1,,,,,,,,,,,,,,,
あの曲を,聞けばあの頃,思い出す,今の私は,どの曲だろう,4,4.75,7.5,8.25,3,1,,,,,,,1,0,0,1,0,0,0,0,0
,,,,山本,7,9,8,7,3,1,,,,,,,,,,,,,,,
,,,,海原,3,2,5,7,3,1,,,,,,,,,,,,,,,
,,,,山下,1,1,8,9,2,1,,,,,,,,,,,,,,,
,,,,大氏,5,7,9,10,4,1,,,,,,,,,,,,,,,
コンパスを,1周回し,ぴったりと,線合う時の,軽い快感,8.75,7.25,6,2,1.25,1,,,,,,,1,0,0,0,0,0,0,0,0
,,,,山本,10,9,4,4,2,1,,,,,,,,,,,,,,,
,,,,海原,8,7,7,2,1,1,,,,,,,,,,,,,,,
,,,,山下,9,8,9,1,1,1,,,,,,,,,,,,,,,
,,,,大氏,8,5,4,1,1,1,,,,,,,,,,,,,,,
団結と,縛る鎖の,端持って,ぷらんぷらんと,縄跳び跳ぼう,3,4.25,3.5,2.5,2.5,2.5,,,,,,,1,1,0,0,0,0,0,0,0
,,,,山本,2,1,3,3,7,7,,,,,,,,,,,,,,,
,,,,海原,5,6,4,3,1,1,,,,,,,,,,,,,,,
,,,,山下,2,7,5,2,1,1,,,,,,,,,,,,,,,
,,,,大氏,3,3,2,2,1,1,,,,,,,,,,,,,,,
「久しぶり,ちっちゃくなった？」は ,常套句,さん付けはもう,懐かしい春,5.5,5.25,8.25,8,4.5,1.75,,,,,,,0,1,0,0,0,0,0,0,0
,,,,山本,7,8,7,6,2,1,,,,,,,,,,,,,,,
,,,,海原,8,2,9,9,6,1,,,,,,,,,,,,,,,
,,,,山下,1,6,8,8,8,4,,,,,,,,,,,,,,,
,,,,大氏,6,5,9,9,2,1,,,,,,,,,,,,,,,
怠いから,やめてしまった,告白を,ソーダに混ぜて,空に流した,1.75,1.5,4.5,7,7,2.5,,,,,,,0,1,0,0,0,1,0,0,0
,,,,山本,2,2,5,7,8,7,,,,,,,,,,,,,,,
,,,,海原,2,2,4,8,6,1,,,,,,,,,,,,,,,
,,,,山下,1,1,4,6,7,1,,,,,,,,,,,,,,,
,,,,大氏,2,1,5,7,7,1,,,,,,,,,,,,,,,
何色に,染まればいいか,わからない,私を置いて,いく空の青さよ,2.5,2.5,7,6.75,6,1,,,,,,,1,0,0,1,0,0,0,1,0
,,,,山本,4,3,7,8,3,1,,,,,,,,,,,,,,,
,,,,海原,4,2,8,7,5,1,,,,,,,,,,,,,,,
,,,,山下,1,1,8,8,8,1,,,,,,,,,,,,,,,
,,,,大氏,1,4,5,4,8,1,,,,,,,,,,,,,,,
目が合って,ニコッとされて,目をそらす,そらしたことを,後悔してる,6.25,2.5,4.75,5,4.75,3.75,,,,,,,1,1,0,0,0,1,0,0,0
,,,,山本,7,3,5,6,9,7,,,,,,,,,,,,,,,
,,,,海原,10,4,6,8,1,1,,,,,,,,,,,,,,,
,,,,山下,4,1,6,2,2,1,,,,,,,,,,,,,,,
,,,,大氏,4,2,2,4,7,6,,,,,,,,,,,,,,,
背伸びして,届かなかった,身長も,今では見える,母の白い髪,5.75,3.5,6.25,8.25,3.75,1,,,,,,,1,1,0,1,1,0,0,0,0
,,,,山本,8,6,6,8,3,1,,,,,,,,,,,,,,,
,,,,海原,7,2,5,8,3,1,,,,,,,,,,,,,,,
,,,,山下,3,1,7,8,3,1,,,,,,,,,,,,,,,
,,,,大氏,5,5,7,9,6,1,,,,,,,,,,,,,,,
知ってるよ,あなたが誰に,対しても,優しかったり,することぐらい,4.75,1,3,3.25,8.25,4.5,,,,,,,0,1,0,0,0,1,0,0,0
,,,,山本,7,1,2,3,9,7,,,,,,,,,,,,,,,
,,,,海原,5,1,4,3,7,3,,,,,,,,,,,,,,,
,,,,山下,2,1,3,3,9,5,,,,,,,,,,,,,,,
,,,,大氏,5,1,3,4,8,3,,,,,,,,,,,,,,,
君からの,「会いたい」だけで,モノクロな,僕の世界は,すぐに色づく,9.25,2.25,5,3.75,1,1,,,,,,,1,1,0,0,0,1,0,0,0
,,,,山本,10,5,7,7,1,1,,,,,,,,,,,,,,,
,,,,海原,9,2,3,2,1,1,,,,,,,,,,,,,,,
,,,,山下,8,1,6,3,1,1,,,,,,,,,,,,,,,
,,,,大氏,10,1,4,3,1,1,,,,,,,,,,,,,,,
ぴこんぴこん,いらない通知は,響くのに,今日も鳴らない,君のアイコン,1.25,1,2.75,5,9.75,2,,,,,,,1,1,0,0,0,1,0,0,0
,,,,山本,1,1,3,6,10,1,,,,,,,,,,,,,,,
,,,,海原,2,1,3,5,10,1,,,,,,,,,,,,,,,
,,,,山下,1,1,3,2,9,3,,,,,,,,,,,,,,,
,,,,大氏,1,1,2,7,10,3,,,,,,,,,,,,,,,
なんでだよ,デートも旅行も,雨ばっか,フラれたときだけ,真っ青な空,1,1,1.75,3.25,8.25,9.25,,,,,,,0,1,0,0,0,1,0,0,0
,,,,山本,1,1,1,1,10,10,,,,,,,,,,,,,,,
,,,,海原,1,1,3,4,8,9,,,,,,,,,,,,,,,
,,,,山下,1,1,1,2,6,10,,,,,,,,,,,,,,,
,,,,大氏,1,1,2,6,9,8,,,,,,,,,,,,,,,
もう知らない,二度と彼氏は,作らない」, 「おんなじセリフ,聞いたの四度目,1.5,6.75,4,1.75,2.25,2.75,,,,,,,0,1,0,0,0,1,0,0,0
,,,,山本,1,8,3,3,2,6,,,,,,,,,,,,,,,
,,,,海原,3,6,4,2,3,1,,,,,,,,,,,,,,,
,,,,山下,1,8,7,1,1,1,,,,,,,,,,,,,,,
,,,,大氏,1,5,2,1,3,3,,,,,,,,,,,,,,,
振り返り,笑顔のあなたと,目があった,この一瞬が,続けばいいのに,8.5,3,6.25,3.75,4.25,1,,,,,,,0,1,0,0,0,1,0,0,0
,,,,山本,10,7,6,2,4,1,,,,,,,,,,,,,,,
,,,,海原,8,2,6,4,1,1,,,,,,,,,,,,,,,
,,,,山下,10,1,8,2,4,1,,,,,,,,,,,,,,,
,,,,大氏,6,2,5,7,8,1,,,,,,,,,,,,,,,
赤い糸,旅立つ朝に,結んだの,何処へ行っても,ほどけないよう,5.5,2.5,6,5.25,5.25,1,,,,,,,0,1,0,0,0,1,0,0,0
,,,,山本,7,4,3,5,8,1,,,,,,,,,,,,,,,
,,,,海原,7,2,8,3,1,1,,,,,,,,,,,,,,,
,,,,山下,4,1,6,6,3,1,,,,,,,,,,,,,,,
,,,,大氏,4,3,7,7,9,1,,,,,,,,,,,,,,,
無我夢中,ジグソーパズル,千ピース,あいつを忘れ,徹夜で完成,7,6.5,2.5,2.75,3.75,4,,,,,,,1,1,0,0,0,1,0,0,0
,,,,山本,10,10,6,7,1,1,,,,,,,,,,,,,,,
,,,,海原,7,5,2,1,1,1,,,,,,,,,,,,,,,
,,,,山下,5,5,1,2,8,6,,,,,,,,,,,,,,,
,,,,大氏,6,6,1,1,5,8,,,,,,,,,,,,,,,
楽しげに,金魚を掬う,君の目の,灯りゆらゆら,心も揺れて,7,4,7.5,5.75,2,1,,,,,,,0,1,0,0,0,1,0,0,0
,,,,山本,8,9,8,8,2,1,,,,,,,,,,,,,,,
,,,,海原,6,2,6,2,3,1,,,,,,,,,,,,,,,
,,,,山下,6,1,7,4,1,1,,,,,,,,,,,,,,,
,,,,大氏,8,4,9,9,2,1,,,,,,,,,,,,,,,
授業中,ただ眺めてる,横顔を,ノート真っ白い,ままチャイム鳴る,4.5,4.25,7,5,4.75,1,,,,,,,1,1,0,0,0,1,0,0,0
,,,,山本,7,6,6,7,9,1,,,,,,,,,,,,,,,
,,,,海原,7,6,8,1,1,1,,,,,,,,,,,,,,,
,,,,山下,3,4,6,4,2,1,,,,,,,,,,,,,,,
,,,,大氏,1,1,8,8,7,1,,,,,,,,,,,,,,,
送られて,傘を外れた,別れ際,あなたの肩が,右だけ濡れてた,7.25,2.5,6,7.25,2.5,1,,,,,,,1,1,0,0,0,1,0,0,0
,,,,山本,10,7,8,7,1,1,,,,,,,,,,,,,,,
,,,,海原,8,1,7,6,1,1,,,,,,,,,,,,,,,
,,,,山下,5,1,4,8,4,1,,,,,,,,,,,,,,,
,,,,大氏,6,1,5,8,4,1,,,,,,,,,,,,,,,
好きなのに,好きだと言えぬ,もどかしさ,いつになったら,いえるのかな,3.75,2.5,4.5,6.75,5,2.75,,,,,,,1,1,0,0,0,1,0,0,0
,,,,山本,6,7,5,6,2,7,,,,,,,,,,,,,,,
,,,,海原,7,1,6,7,3,1,,,,,,,,,,,,,,,
,,,,山下,1,1,3,6,6,2,,,,,,,,,,,,,,,
,,,,大氏,1,1,4,8,9,1,,,,,,,,,,,,,,,
〝落ちてたよ〟, 君が拾って,くれたから,文字も記憶も, 消せない消しゴム,8.25,4,6,7.25,3.5,1,,,,,,,1,1,0,0,0,1,0,0,0
,,,,山本,10,8,6,6,1,1,,,,,,,,,,,,,,,
,,,,海原,8,2,6,7,3,1,,,,,,,,,,,,,,,
,,,,山下,7,3,7,9,6,1,,,,,,,,,,,,,,,
,,,,大氏,8,3,5,7,4,1,,,,,,,,,,,,,,,
左手を,独り占めする,帰り道,赤くなってる,あなたを見ながら,9.25,3.5,7.25,4.75,1,1,,,,,,,1,1,0,0,0,1,0,0,0
,,,,山本,10,8,7,7,1,1,,,,,,,,,,,,,,,
,,,,海原,8,1,8,4,1,1,,,,,,,,,,,,,,,
,,,,山下,9,1,6,2,1,1,,,,,,,,,,,,,,,
,,,,大氏,10,4,8,6,1,1,,,,,,,,,,,,,,,
バレンタイン,後輩たちから, 囲まれる,あいつを私は,見てるだけ,1.75,2,2.75,3.75,7,5.25,,,,,,,1,1,0,0,0,1,0,0,0
,,,,山本,3,5,3,3,2,8,,,,,,,,,,,,,,,
,,,,海原,2,1,2,1,9,5,,,,,,,,,,,,,,,
,,,,山下,1,1,2,4,8,1,,,,,,,,,,,,,,,
,,,,大氏,1,1,4,7,9,7,,,,,,,,,,,,,,,
黄昏時,二人を照らす,影一つ,二つの心,すきま風,1.5,1.25,4.5,6.5,8.5,3.25,,,,,,,1,1,0,0,0,1,0,0,0
,,,,山本,1,1,2,5,9,6,,,,,,,,,,,,,,,
,,,,海原,2,1,3,4,8,3,,,,,,,,,,,,,,,
,,,,山下,1,2,6,8,8,1,,,,,,,,,,,,,,,
,,,,大氏,2,1,7,9,9,3,,,,,,,,,,,,,,,
あなたの目,映っているのは, あの子の笑顔,そこに私は,いないから,1,1,3.5,7,9,2,,,,,,,1,1,0,0,0,1,0,0,0
,,,,山本,1,1,3,6,8,1,,,,,,,,,,,,,,,
,,,,海原,1,1,4,6,10,2,,,,,,,,,,,,,,,
,,,,山下,1,1,4,6,8,2,,,,,,,,,,,,,,,
,,,,大氏,1,1,3,10,10,3,,,,,,,,,,,,,,,
距離だけは,近づいたのに,遠いまま,あなたの心と,私の心,1.5,1.75,2.75,6.5,8.75,2,,,,,,,1,1,0,0,0,1,0,0,0
,,,,山本,1,4,4,4,8,1,,,,,,,,,,,,,,,
,,,,海原,3,1,3,4,9,2,,,,,,,,,,,,,,,
,,,,山下,1,1,3,8,8,1,,,,,,,,,,,,,,,
,,,,大氏,1,1,1,10,10,4,,,,,,,,,,,,,,,
隣席の,「忘れ物した」,心の中で,ガッツポーズ,したのばれてないよね？,9.5,5.75,3.5,1.5,1.25,1,,,,,,,1,1,0,0,0,1,0,0,0
,,,,山本,10,6,2,2,2,1,,,,,,,,,,,,,,,
,,,,海原,9,7,1,1,1,1,,,,,,,,,,,,,,,
,,,,山下,9,3,8,1,1,1,,,,,,,,,,,,,,,
,,,,大氏,10,7,3,2,1,1,,,,,,,,,,,,,,,
反対の,ホームに立った,キミとボク,時の電車が,いま引き裂いた,1.75,1.5,2.75,3.5,8.25,4,,,,,,,1,1,0,0,0,1,0,0,0
,,,,山本,4,3,3,4,7,5,,,,,,,,,,,,,,,
,,,,海原,1,1,1,1,8,3,,,,,,,,,,,,,,,
,,,,山下,1,1,4,2,8,3,,,,,,,,,,,,,,,
,,,,大氏,1,1,3,7,10,5,,,,,,,,,,,,,,,
千回を,越えて通いし,老人ホーム,ひなたぼっこの,思い出ばかり,4,4.25,8.75,8.5,6,1,,,,,,,1,0,0,1,0,0,0,0,0
,,,,山本,3,6,8,8,8,1,,,,,,,,,,,,,,,
,,,,海原,6,3,10,9,3,1,,,,,,,,,,,,,,,
,,,,山下,4,6,9,8,4,1,,,,,,,,,,,,,,,
,,,,大氏,3,2,8,9,9,1,,,,,,,,,,,,,,,
千年も,万年も生く,この亀に,優しい人と,記憶されたい,3.75,5.25,7.5,6.5,3,1,,,,,,,1,0,0,1,0,0,0,0,0
,,,,山本,5,7,9,9,5,1,,,,,,,,,,,,,,,
,,,,海原,3,2,7,8,3,1,,,,,,,,,,,,,,,
,,,,山下,3,5,5,3,2,1,,,,,,,,,,,,,,,
,,,,大氏,4,7,9,6,2,1,,,,,,,,,,,,,,,
千冊の,哲学書より,なほわれを,大人にしたり,君との別れ,2.75,3.25,4.25,8,9.75,1,,,,,,,1,1,0,1,0,0,0,0,0
,,,,山本,7,7,7,6,10,1,,,,,,,,,,,,,,,
,,,,海原,1,1,3,7,9,1,,,,,,,,,,,,,,,
,,,,山下,2,4,4,9,10,1,,,,,,,,,,,,,,,
,,,,大氏,1,1,3,10,10,1,,,,,,,,,,,,,,,
夕光を,使ひ切るまで,影を連れ,一人刈り行く,千枚田かな,1.75,2.5,6.25,8,9.25,1,,,,,,,1,0,1,1,0,0,0,1,0
,,,,山本,3,6,7,7,10,1,,,,,,,,,,,,,,,
,,,,海原,1,1,3,8,9,1,,,,,,,,,,,,,,,
,,,,山下,1,1,7,8,8,1,,,,,,,,,,,,,,,
,,,,大氏,2,2,8,9,10,1,,,,,,,,,,,,,,,
千年後,夢のかけらの,宇宙ゴミが,土星のように,輪になる地球,3,4.75,2.25,5.75,4.25,3.25,,,,,,,0,0,0,0,0,0,0,1,0
,,,,山本,4,8,3,3,5,1,,,,,,,,,,,,,,,
,,,,海原,6,2,3,9,2,1,,,,,,,,,,,,,,,
,,,,山下,1,1,1,4,5,7,,,,,,,,,,,,,,,
,,,,大氏,1,8,2,7,5,4,,,,,,,,,,,,,,,
千年を,越えて私を,かき乱す,期末テストの,光源氏よ,1.75,8.75,4.75,2.5,1.25,7.75,,,,,,,1,0,0,0,0,0,0,0,0
,,,,山本,3,8,4,4,1,8,,,,,,,,,,,,,,,
,,,,海原,2,7,3,4,2,6,,,,,,,,,,,,,,,
,,,,山下,1,10,7,1,1,8,,,,,,,,,,,,,,,
,,,,大氏,1,10,5,1,1,9,,,,,,,,,,,,,,,
千羽鶴、,千人針も,役立たぬ,そんな事皆,わかっていたのだ,1.25,3.25,2.75,5,5.5,3.75,,,,,,,0,0,0,0,0,0,0,0,1
,,,,山本,2,5,4,4,3,7,,,,,,,,,,,,,,,
,,,,海原,1,6,2,2,5,1,,,,,,,,,,,,,,,
,,,,山下,1,1,1,5,9,4,,,,,,,,,,,,,,,
,,,,大氏,1,1,4,9,5,3,,,,,,,,,,,,,,,
海へ行く,みたいに自転車,こいでゆく,ドラッグストアにも,ちょっとある海,4.5,3.5,7.75,4.5,2,1,,,,,,,1,0,0,0,0,0,1,1,0
,,,,山本,6,7,6,6,1,1,,,,,,,,,,,,,,,
,,,,海原,5,2,8,3,2,1,,,,,,,,,,,,,,,
,,,,山下,4,3,9,2,1,1,,,,,,,,,,,,,,,
,,,,大氏,3,2,8,7,4,1,,,,,,,,,,,,,,,
あきまへん、,大型店に,囲まれて,店を閉じます、,親父よ御免,1,3.75,1.5,5.25,8.75,6,,,,,,,0,0,1,0,0,0,0,0,0
,,,,山本,1,1,1,3,7,7,,,,,,,,,,,,,,,
,,,,海原,1,1,2,6,10,8,,,,,,,,,,,,,,,
,,,,山下,1,3,2,6,9,1,,,,,,,,,,,,,,,
,,,,大氏,1,10,1,6,9,8,,,,,,,,,,,,,,,
玄関を,閉めた閉めない,閉めたはず,動詞活用,みたいな朝,2.25,9,3.75,1.75,1,2.75,,,,,,,1,0,0,0,0,0,0,0,0
,,,,山本,3,9,1,1,1,6,,,,,,,,,,,,,,,
,,,,海原,3,7,4,1,1,1,,,,,,,,,,,,,,,
,,,,山下,1,10,3,1,1,1,,,,,,,,,,,,,,,
,,,,大氏,2,10,7,4,1,3,,,,,,,,,,,,,,,
再婚の,意味を知る子と,知らぬ子が,砂のトンネル,開通させる,2.75,7,2.75,3.5,1,1,,,,,,,1,1,0,0,1,0,0,0,0
,,,,山本,1,8,1,1,1,1,,,,,,,,,,,,,,,
,,,,海原,6,4,2,2,1,1,,,,,,,,,,,,,,,
,,,,山下,3,8,4,7,1,1,,,,,,,,,,,,,,,
,,,,大氏,1,8,4,4,1,1,,,,,,,,,,,,,,,
嫁ぐ朝,父にもらいし,花鋏,五十年たち,今朝萩を切る,6.75,3.25,6.75,8.25,2.5,1,,,,,,,0,1,0,1,1,0,0,0,0
,,,,山本,8,7,7,7,2,1,,,,,,,,,,,,,,,
,,,,海原,7,1,4,10,6,1,,,,,,,,,,,,,,,
,,,,山下,7,2,8,9,1,1,,,,,,,,,,,,,,,
,,,,大氏,5,3,8,7,1,1,,,,,,,,,,,,,,,
真空の,パックに鋏を,入れし時,切り身は大きく,深呼吸なす,1.75,5.5,3,2.25,1.75,1,,,,,,,0,0,0,0,0,0,0,0,0
,,,,山本,2,4,3,3,3,1,,,,,,,,,,,,,,,
,,,,海原,3,8,2,2,1,1,,,,,,,,,,,,,,,
,,,,山下,1,9,3,1,1,1,,,,,,,,,,,,,,,
,,,,大氏,1,1,4,3,2,1,,,,,,,,,,,,,,,
「用務員,さんに挨拶を」,新任校へ,向かはむわれに,父はひとこと,4.25,3,5.75,3.75,2.75,1,,,,,,,1,1,1,0,1,0,0,0,0
,,,,山本,8,6,4,4,2,1,,,,,,,,,,,,,,,
,,,,海原,5,2,7,3,2,1,,,,,,,,,,,,,,,
,,,,山下,1,1,5,1,1,1,,,,,,,,,,,,,,,
,,,,大氏,3,3,7,7,6,1,,,,,,,,,,,,,,,
最期まで,一人称は『,ママ』なりき「,ママは幸せ,だつた」とわたしに,8.5,2.75,4.5,7,7.5,1,,,,,,,0,1,0,0,1,0,0,0,0
,,,,山本,10,7,5,7,2,1,,,,,,,,,,,,,,,
,,,,海原,8,1,3,2,9,1,,,,,,,,,,,,,,,
,,,,山下,8,1,2,10,9,1,,,,,,,,,,,,,,,
,,,,大氏,8,2,8,9,10,1,,,,,,,,,,,,,,,
隣室の,ラジオが聞こえて,くる夕べ,これから眠る,町がふくらむ,3.25,3.25,7,4.75,3,1,,,,,,,1,0,0,0,0,0,0,0,0
,,,,山本,8,8,5,5,2,1,,,,,,,,,,,,,,,
,,,,海原,2,2,8,4,4,1,,,,,,,,,,,,,,,
,,,,山下,2,1,7,3,2,1,,,,,,,,,,,,,,,
,,,,大氏,1,2,8,7,4,1,,,,,,,,,,,,,,,
口コミの,ぷーすけさんが,見た空を,私も見てる,賃貸の部屋,5,7.25,5.75,4.5,2,1,,,,,,,0,0,0,0,0,0,0,0,0
,,,,山本,7,9,4,2,1,1,,,,,,,,,,,,,,,
,,,,海原,4,5,5,2,1,1,,,,,,,,,,,,,,,
,,,,山下,3,9,7,6,1,1,,,,,,,,,,,,,,,
,,,,大氏,6,6,7,8,5,1,,,,,,,,,,,,,,,
野放図な,亡父だったけど,鮎食めば,皿に清しく,骨の一本,2.75,3.5,5,7.75,6,1,,,,,,,1,0,0,0,1,0,0,0,0
,,,,山本,5,10,4,3,1,1,,,,,,,,,,,,,,,
,,,,海原,2,1,3,9,5,1,,,,,,,,,,,,,,,
,,,,山下,1,1,4,9,9,1,,,,,,,,,,,,,,,
,,,,大氏,3,2,9,10,9,1,,,,,,,,,,,,,,,
とんぼにも,淋しきときの,あるらしく,立てたる指に,また来てとまる,6.5,5.75,6.75,4.75,2.25,1,,,,,,,1,0,0,0,0,0,0,1,0
,,,,山本,7,9,5,4,2,1,,,,,,,,,,,,,,,
,,,,海原,7,7,4,2,1,1,,,,,,,,,,,,,,,
,,,,山下,6,1,9,8,4,1,,,,,,,,,,,,,,,
,,,,大氏,6,6,9,5,2,1,,,,,,,,,,,,,,,
春の陽を,生け捕りにせむ,ベランダに,投網のごとく,シーツ干したり,4,7.25,6.25,3.75,1.25,1,,,,,,,1,0,0,0,0,0,0,0,0
,,,,山本,8,8,5,7,1,1,,,,,,,,,,,,,,,
,,,,海原,3,8,4,2,1,1,,,,,,,,,,,,,,,
,,,,山下,1,9,8,1,1,1,,,,,,,,,,,,,,,
,,,,大氏,4,4,8,5,2,1,,,,,,,,,,,,,,,
子の部屋の,四畳半に,間借りする,甕の梅干し,木箱の林檎,2.75,5.75,7.25,3.5,1.25,1,,,,,,,0,0,0,0,0,0,0,0,0
,,,,山本,6,7,6,5,1,1,,,,,,,,,,,,,,,
,,,,海原,3,4,8,3,1,1,,,,,,,,,,,,,,,
,,,,山下,1,6,8,1,1,1,,,,,,,,,,,,,,,
,,,,大氏,1,6,7,5,2,1,,,,,,,,,,,,,,,
電線の,影をいくつも,跳び越えて,海へと走る,わたしは夏だ,8.75,5,4,2.25,1,1,,,,,,,0,0,0,0,0,0,1,1,0
,,,,山本,9,9,5,2,1,1,,,,,,,,,,,,,,,
,,,,海原,8,2,3,1,1,1,,,,,,,,,,,,,,,
,,,,山下,10,4,2,1,1,1,,,,,,,,,,,,,,,
,,,,大氏,8,5,6,5,1,1,,,,,,,,,,,,,,,
夕暮れは,なぜかさびしい,身のうちの,ネアンデルタール,人がそう言う,1.25,5,3.75,7,9.75,1,,,,,,,0,0,0,0,0,0,0,1,0
,,,,山本,2,7,2,8,10,1,,,,,,,,,,,,,,,
,,,,海原,1,1,2,4,10,1,,,,,,,,,,,,,,,
,,,,山下,1,7,6,9,10,1,,,,,,,,,,,,,,,
,,,,大氏,1,5,5,7,9,1,,,,,,,,,,,,,,,
道端に,落としたような,カギ括弧,雨の降り方,少し気にして,1.25,4,5.75,5.5,3.5,1,,,,,,,1,0,0,0,0,0,0,1,0
,,,,山本,2,7,3,6,7,1,,,,,,,,,,,,,,,
,,,,海原,1,1,6,4,1,1,,,,,,,,,,,,,,,
,,,,山下,1,7,8,7,1,1,,,,,,,,,,,,,,,
,,,,大氏,1,1,6,5,5,1,,,,,,,,,,,,,,,
通勤の,無言片道,一時間,聞こえる音だけ,拾われている,1,3.5,3.75,5,6.5,1.75,,,,,,,1,0,0,0,0,0,0,0,0
,,,,山本,1,5,4,7,8,1,,,,,,,,,,,,,,,
,,,,海原,1,3,1,1,5,1,,,,,,,,,,,,,,,
,,,,山下,1,3,6,8,8,1,,,,,,,,,,,,,,,
,,,,大氏,1,3,4,4,5,4,,,,,,,,,,,,,,,
あの頃の,上司の歳,になってみて,思い出すのは,手帳の厚さ,2.75,2.75,4.5,8,2.5,1,,,,,,,0,0,1,0,0,0,0,0,0
,,,,山本,5,4,4,7,2,1,,,,,,,,,,,,,,,
,,,,海原,4,1,3,10,3,1,,,,,,,,,,,,,,,
,,,,山下,1,1,7,9,1,1,,,,,,,,,,,,,,,
,,,,大氏,1,5,4,6,4,1,,,,,,,,,,,,,,,
事務職と,いう年月が,頼りなく,思えた新刊,新書コーナー,1.5,2,3.5,5.75,4.5,3.25,,,,,,,0,0,1,0,0,0,0,0,0
,,,,山本,2,4,4,4,4,7,,,,,,,,,,,,,,,
,,,,海原,2,1,3,6,3,1,,,,,,,,,,,,,,,
,,,,山下,1,2,4,6,4,4,,,,,,,,,,,,,,,
,,,,大氏,1,1,3,7,7,1,,,,,,,,,,,,,,,
声高に,ＤＸが,語られた,経済雑誌を,棚へともどす,1.25,2.75,2.25,2.25,3.5,5,,,,,,,0,0,0,0,0,0,0,0,0
,,,,山本,2,3,2,2,2,7,,,,,,,,,,,,,,,
,,,,海原,1,3,2,2,2,5,,,,,,,,,,,,,,,
,,,,山下,1,1,3,3,6,3,,,,,,,,,,,,,,,
,,,,大氏,1,4,2,2,4,5,,,,,,,,,,,,,,,
報告書,メールで送り,そういえば,課長の筆跡,見たことがない,2.25,4.5,3.25,4.75,2.25,1,,,,,,,0,0,1,0,0,0,0,0,0
,,,,山本,6,8,2,5,2,1,,,,,,,,,,,,,,,
,,,,海原,1,2,2,5,1,1,,,,,,,,,,,,,,,
,,,,山下,1,1,6,7,3,1,,,,,,,,,,,,,,,
,,,,大氏,1,7,3,2,3,1,,,,,,,,,,,,,,,
近頃は,電子契約,増えており,押印逆さに,した日は遠く,#DIV/0!,#DIV/0!,#DIV/0!,#DIV/0!,#DIV/0!,#DIV/0!,,,,,,,,,,,,,,,
,,,,山本,,,,,,,,,,,,,,,,,,,,,
,,,,海原,,,,,,,,,,,,,,,,,,,,,
,,,,山下,,,,,,,,,,,,,,,,,,,,,
,,,,大氏,,,,,,,,,,,,,,,,,,,,,
税額を,確認しては,貼っていた,一万円の,収入印紙,#DIV/0!,#DIV/0!,#DIV/0!,#DIV/0!,#DIV/0!,#DIV/0!,,,,,,,,,,,,,,,
,,,,山本,,,,,,,,,,,,,,,,,,,,,
,,,,海原,,,,,,,,,,,,,,,,,,,,,
,,,,山下,,,,,,,,,,,,,,,,,,,,,
,,,,大氏,,,,,,,,,,,,,,,,,,,,,
転勤も,異動もあった,これまでに,積んだスキルを,見せてください,#DIV/0!,#DIV/0!,#DIV/0!,#DIV/0!,#DIV/0!,#DIV/0!,,,,,,,,,,,,,,,
,,,,山本,,,,,,,,,,,,,,,,,,,,,
,,,,海原,,,,,,,,,,,,,,,,,,,,,
,,,,山下,,,,,,,,,,,,,,,,,,,,,
,,,,大氏,,,,,,,,,,,,,,,,,,,,,
書架にある,古い文書を,開くたび,手書きの文字が,息をしている,#DIV/0!,#DIV/0!,#DIV/0!,#DIV/0!,#DIV/0!,#DIV/0!,,,,,,,,,,,,,,,
,,,,山本,,,,,,,,,,,,,,,,,,,,,
,,,,海原,,,,,,,,,,,,,,,,,,,,,
,,,,山下,,,,,,,,,,,,,,,,,,,,,
,,,,大氏,,,,,,,,,,,,,,,,,,,,,
クリップの,形のままに,錆がつき,平成一桁,稟議書捨てる,#DIV/0!,#DIV/0!,#DIV/0!,#DIV/0!,#DIV/0!,#DIV/0!,,,,,,,,,,,,,,,
,,,,山本,,,,,,,,,,,,,,,,,,,,,
,,,,海原,,,,,,,,,,,,,,,,,,,,,
,,,,山下,,,,,,,,,,,,,,,,,,,,,
,,,,大氏,,,,,,,,,,,,,,,,,,,,,
朱の色は,時間をかけて,淡くなり,書類にならぶ,印影をよむ,#DIV/0!,#DIV/0!,#DIV/0!,#DIV/0!,#DIV/0!,#DIV/0!,,,,,,,,,,,,,,,
,,,,山本,,,,,,,,,,,,,,,,,,,,,
,,,,海原,,,,,,,,,,,,,,,,,,,,,
,,,,山下,,,,,,,,,,,,,,,,,,,,,
,,,,大氏,,,,,,,,,,,,,,,,,,,,,
リスキリング,予算一兆,円という,ななめ読みして,研ぐ米二合,#DIV/0!,#DIV/0!,#DIV/0!,#DIV/0!,#DIV/0!,#DIV/0!,,,,,,,,,,,,,,,
,,,,山本,,,,,,,,,,,,,,,,,,,,,
,,,,海原,,,,,,,,,,,,,,,,,,,,,
,,,,山下,,,,,,,,,,,,,,,,,,,,,
,,,,大氏,,,,,,,,,,,,,,,,,,,,,
涼やかな,青空出社の,足元は,白のオニツカ,タイガーにする,#DIV/0!,#DIV/0!,#DIV/0!,#DIV/0!,#DIV/0!,#DIV/0!,,,,,,,,,,,,,,,
,,,,山本,,,,,,,,,,,,,,,,,,,,,
,,,,海原,,,,,,,,,,,,,,,,,,,,,
,,,,山下,,,,,,,,,,,,,,,,,,,,,
,,,,大氏,,,,,,,,,,,,,,,,,,,,,
田子の浦に,うちいでて見れば,白妙の,富士の高嶺に,雪はふりつつ,#DIV/0!,#DIV/0!,#DIV/0!,#DIV/0!,#DIV/0!,#DIV/0!,,,,,,,,,,,,,,,
,,,,山本,,,,,,,,,,,,,,,,,,,,,
,,,,海原,,,,,,,,,,,,,,,,,,,,,
,,,,山下,,,,,,,,,,,,,,,,,,,,,
,,,,大氏,,,,,,,,,,,,,,,,,,,,,
天の原,富士のけぶりの,春の色の,霞になびく,あけぼのの空,#DIV/0!,#DIV/0!,#DIV/0!,#DIV/0!,#DIV/0!,#DIV/0!,,,,,,,,,,,,,,,
,,,,山本,,,,,,,,,,,,,,,,,,,,,
,,,,海原,,,,,,,,,,,,,,,,,,,,,
,,,,山下,,,,,,,,,,,,,,,,,,,,,
,,,,大氏,,,,,,,,,,,,,,,,,,,,,
道すがら,富士のけぶりも,わかざりき,晴るる間もなき,空のけしきに,#DIV/0!,#DIV/0!,#DIV/0!,#DIV/0!,#DIV/0!,#DIV/0!,,,,,,,,,,,,,,,
,,,,山本,,,,,,,,,,,,,,,,,,,,,
,,,,海原,,,,,,,,,,,,,,,,,,,,,
,,,,山下,,,,,,,,,,,,,,,,,,,,,
,,,,大氏,,,,,,,,,,,,,,,,,,,,,
しるしなき,けぶりを雲に,まがへつつ,夜を経て富士の,山と燃えなむ,#DIV/0!,#DIV/0!,#DIV/0!,#DIV/0!,#DIV/0!,#DIV/0!,,,,,,,,,,,,,,,
,,,,山本,,,,,,,,,,,,,,,,,,,,,
,,,,海原,,,,,,,,,,,,,,,,,,,,,
,,,,山下,,,,,,,,,,,,,,,,,,,,,
,,,,大氏,,,,,,,,,,,,,,,,,,,,,
けぶり立つ,思ひならねど,人しれず,わびては富士の,ねをのみぞ泣く,#DIV/0!,#DIV/0!,#DIV/0!,#DIV/0!,#DIV/0!,#DIV/0!,,,,,,,,,,,,,,,
,,,,山本,,,,,,,,,,,,,,,,,,,,,
,,,,海原,,,,,,,,,,,,,,,,,,,,,
,,,,山下,,,,,,,,,,,,,,,,,,,,,
,,,,大氏,,,,,,,,,,,,,,,,,,,,,
富士の嶺の,煙もなほぞ,立ちのぼる,うへなきものは,おもひなりけり,#DIV/0!,#DIV/0!,#DIV/0!,#DIV/0!,#DIV/0!,#DIV/0!,,,,,,,,,,,,,,,
,,,,山本,,,,,,,,,,,,,,,,,,,,,
,,,,海原,,,,,,,,,,,,,,,,,,,,,
,,,,山下,,,,,,,,,,,,,,,,,,,,,
,,,,大氏,,,,,,,,,,,,,,,,,,,,,
世の中を,心たかくも,いとふかな,富士のけぶりを,身の思ひにて,#DIV/0!,#DIV/0!,#DIV/0!,#DIV/0!,#DIV/0!,#DIV/0!,,,,,,,,,,,,,,,
,,,,山本,,,,,,,,,,,,,,,,,,,,,
,,,,海原,,,,,,,,,,,,,,,,,,,,,
,,,,山下,,,,,,,,,,,,,,,,,,,,,
,,,,大氏,,,,,,,,,,,,,,,,,,,,,
風になびく,富士の煙の,空に消えて,行方もしらぬ,わが思かな,#DIV/0!,#DIV/0!,#DIV/0!,#DIV/0!,#DIV/0!,#DIV/0!,,,,,,,,,,,,,,,
,,,,山本,,,,,,,,,,,,,,,,,,,,,
,,,,海原,,,,,,,,,,,,,,,,,,,,,
,,,,山下,,,,,,,,,,,,,,,,,,,,,
,,,,大氏,,,,,,,,,,,,,,,,,,,,,
時知らぬ,山は富士の嶺,いつとてか,鹿の子まだらに,雪の降るらむ,#DIV/0!,#DIV/0!,#DIV/0!,#DIV/0!,#DIV/0!,#DIV/0!,,,,,,,,,,,,,,,
,,,,山本,,,,,,,,,,,,,,,,,,,,,
,,,,海原,,,,,,,,,,,,,,,,,,,,,
,,,,山下,,,,,,,,,,,,,,,,,,,,,
,,,,大氏,,,,,,,,,,,,,,,,,,,,,
見わたせば,雲居はるかに,雪白し,富士の高嶺の,あけぼのの空,#DIV/0!,#DIV/0!,#DIV/0!,#DIV/0!,#DIV/0!,#DIV/0!,,,,,,,,,,,,,,,
,,,,山本,,,,,,,,,,,,,,,,,,,,,
,,,,海原,,,,,,,,,,,,,,,,,,,,,
,,,,山下,,,,,,,,,,,,,,,,,,,,,
,,,,大氏,,,,,,,,,,,,,,,,,,,,,
ここからは,富士が見えなくて,さびしいと,わたしがいるのに,妻がつぶやく,#DIV/0!,#DIV/0!,#DIV/0!,#DIV/0!,#DIV/0!,#DIV/0!,,,,,,,,,,,,,,,
,,,,山本,,,,,,,,,,,,,,,,,,,,,
,,,,海原,,,,,,,,,,,,,,,,,,,,,
,,,,山下,,,,,,,,,,,,,,,,,,,,,
,,,,大氏,,,,,,,,,,,,,,,,,,,,,
富士山は,背中を押して,くれました,職なきときも,離職のときも,#DIV/0!,#DIV/0!,#DIV/0!,#DIV/0!,#DIV/0!,#DIV/0!,,,,,,,,,,,,,,,
,,,,山本,,,,,,,,,,,,,,,,,,,,,
,,,,海原,,,,,,,,,,,,,,,,,,,,,
,,,,山下,,,,,,,,,,,,,,,,,,,,,
,,,,大氏,,,,,,,,,,,,,,,,,,,,,
人間は,ちっぽけなものだと,五合目で,言うな父さん,富士山顔で,#DIV/0!,#DIV/0!,#DIV/0!,#DIV/0!,#DIV/0!,#DIV/0!,,,,,,,,,,,,,,,
,,,,山本,,,,,,,,,,,,,,,,,,,,,
,,,,海原,,,,,,,,,,,,,,,,,,,,,
,,,,山下,,,,,,,,,,,,,,,,,,,,,
,,,,大氏,,,,,,,,,,,,,,,,,,,,,
参考書,開くその手は,そのままに,車窓の富士に,誓う合格,#DIV/0!,#DIV/0!,#DIV/0!,#DIV/0!,#DIV/0!,#DIV/0!,,,,,,,,,,,,,,,
,,,,山本,,,,,,,,,,,,,,,,,,,,,
,,,,海原,,,,,,,,,,,,,,,,,,,,,
,,,,山下,,,,,,,,,,,,,,,,,,,,,
,,,,大氏,,,,,,,,,,,,,,,,,,,,,
江戸川に,富士を見にゆく,何もかも,リセットしてし,まいたくなるとき,#DIV/0!,#DIV/0!,#DIV/0!,#DIV/0!,#DIV/0!,#DIV/0!,,,,,,,,,,,,,,,
,,,,山本,,,,,,,,,,,,,,,,,,,,,
,,,,海原,,,,,,,,,,,,,,,,,,,,,
,,,,山下,,,,,,,,,,,,,,,,,,,,,
,,,,大氏,,,,,,,,,,,,,,,,,,,,,
山のなか,小さくなってく,友の背と,大きくなった,蝉の鳴き声,#DIV/0!,#DIV/0!,#DIV/0!,#DIV/0!,#DIV/0!,#DIV/0!,,,,,,,,,,,,,,,
,,,,山本,,,,,,,,,,,,,,,,,,,,,
,,,,海原,,,,,,,,,,,,,,,,,,,,,
,,,,山下,,,,,,,,,,,,,,,,,,,,,
,,,,大氏,,,,,,,,,,,,,,,,,,,,,
念願の,あの頂に,立つために,富士を横目に,今日も漕ぎ抜く,#DIV/0!,#DIV/0!,#DIV/0!,#DIV/0!,#DIV/0!,#DIV/0!,,,,,,,,,,,,,,,
,,,,山本,,,,,,,,,,,,,,,,,,,,,
,,,,海原,,,,,,,,,,,,,,,,,,,,,
,,,,山下,,,,,,,,,,,,,,,,,,,,,
,,,,大氏,,,,,,,,,,,,,,,,,,,,,
富士山の,晴れたる夜は,山小屋の,明り点々,空へと続く,#DIV/0!,#DIV/0!,#DIV/0!,#DIV/0!,#DIV/0!,#DIV/0!,,,,,,,,,,,,,,,
,,,,山本,,,,,,,,,,,,,,,,,,,,,
,,,,海原,,,,,,,,,,,,,,,,,,,,,
,,,,山下,,,,,,,,,,,,,,,,,,,,,
,,,,大氏,,,,,,,,,,,,,,,,,,,,,
大きいな,とても大きい,大きいぜ,こんな器に,私はなりたい,#DIV/0!,#DIV/0!,#DIV/0!,#DIV/0!,#DIV/0!,#DIV/0!,,,,,,,,,,,,,,,
,,,,山本,,,,,,,,,,,,,,,,,,,,,
,,,,海原,,,,,,,,,,,,,,,,,,,,,
,,,,山下,,,,,,,,,,,,,,,,,,,,,
,,,,大氏,,,,,,,,,,,,,,,,,,,,,
教室の,窓の向こうに,見える富士,履修の日々が,離愁に変わる,#DIV/0!,#DIV/0!,#DIV/0!,#DIV/0!,#DIV/0!,#DIV/0!,,,,,,,,,,,,,,,
,,,,山本,,,,,,,,,,,,,,,,,,,,,
,,,,海原,,,,,,,,,,,,,,,,,,,,,
,,,,山下,,,,,,,,,,,,,,,,,,,,,
,,,,大氏,,,,,,,,,,,,,,,,,,,,,
地面蹴り,目指すはゴール,一番に,明日で引退,悔いはない,#DIV/0!,#DIV/0!,#DIV/0!,#DIV/0!,#DIV/0!,#DIV/0!,,,,,,,,,,,,,,,
,,,,山本,,,,,,,,,,,,,,,,,,,,,
,,,,海原,,,,,,,,,,,,,,,,,,,,,
,,,,山下,,,,,,,,,,,,,,,,,,,,,
,,,,大氏,,,,,,,,,,,,,,,,,,,,,
自己ベスト,記録更新,目標に,今日も頑張る,全力疾走,#DIV/0!,#DIV/0!,#DIV/0!,#DIV/0!,#DIV/0!,#DIV/0!,,,,,,,,,,,,,,,
,,,,山本,,,,,,,,,,,,,,,,,,,,,
,,,,海原,,,,,,,,,,,,,,,,,,,,,
,,,,山下,,,,,,,,,,,,,,,,,,,,,
,,,,大氏,,,,,,,,,,,,,,,,,,,,,
打席立つ,相手を睨み,白球を,投げては伝う,大粒の汗,#DIV/0!,#DIV/0!,#DIV/0!,#DIV/0!,#DIV/0!,#DIV/0!,,,,,,,,,,,,,,,
,,,,山本,,,,,,,,,,,,,,,,,,,,,
,,,,海原,,,,,,,,,,,,,,,,,,,,,
,,,,山下,,,,,,,,,,,,,,,,,,,,,
,,,,大氏,,,,,,,,,,,,,,,,,,,,,
ベンチから,声援おくる,後輩に,野球部の夏,過ぎていく,#DIV/0!,#DIV/0!,#DIV/0!,#DIV/0!,#DIV/0!,#DIV/0!,,,,,,,,,,,,,,,
,,,,山本,,,,,,,,,,,,,,,,,,,,,
,,,,海原,,,,,,,,,,,,,,,,,,,,,
,,,,山下,,,,,,,,,,,,,,,,,,,,,
,,,,大氏,,,,,,,,,,,,,,,,,,,,,
おかしいぞ,ボール蹴り上げ,早3年,モテると聞いて,入部したのに,#DIV/0!,#DIV/0!,#DIV/0!,#DIV/0!,#DIV/0!,#DIV/0!,,,,,,,,,,,,,,,
,,,,山本,,,,,,,,,,,,,,,,,,,,,
,,,,海原,,,,,,,,,,,,,,,,,,,,,
,,,,山下,,,,,,,,,,,,,,,,,,,,,
,,,,大氏,,,,,,,,,,,,,,,,,,,,,
青空と,吐く息白い,運動場,ボール追いかけ,ホイッスル鳴る,#DIV/0!,#DIV/0!,#DIV/0!,#DIV/0!,#DIV/0!,#DIV/0!,,,,,,,,,,,,,,,
,,,,山本,,,,,,,,,,,,,,,,,,,,,
,,,,海原,,,,,,,,,,,,,,,,,,,,,
,,,,山下,,,,,,,,,,,,,,,,,,,,,
,,,,大氏,,,,,,,,,,,,,,,,,,,,,
球拾い,早くはきたい,憧れの,スコート夢見て,毎日努力,#DIV/0!,#DIV/0!,#DIV/0!,#DIV/0!,#DIV/0!,#DIV/0!,,,,,,,,,,,,,,,
,,,,山本,,,,,,,,,,,,,,,,,,,,,
,,,,海原,,,,,,,,,,,,,,,,,,,,,
,,,,山下,,,,,,,,,,,,,,,,,,,,,
,,,,大氏,,,,,,,,,,,,,,,,,,,,,
漫画読み,はじめたテニス,楽しくて,今ではハマリ,目指せ優勝,#DIV/0!,#DIV/0!,#DIV/0!,#DIV/0!,#DIV/0!,#DIV/0!,,,,,,,,,,,,,,,
,,,,山本,,,,,,,,,,,,,,,,,,,,,
,,,,海原,,,,,,,,,,,,,,,,,,,,,
,,,,山下,,,,,,,,,,,,,,,,,,,,,
,,,,大氏,,,,,,,,,,,,,,,,,,,,,
合奏中,一人で吹いて,講師言う,ホルン持ち上げ,緊張の一音,#DIV/0!,#DIV/0!,#DIV/0!,#DIV/0!,#DIV/0!,#DIV/0!,,,,,,,,,,,,,,,
,,,,山本,,,,,,,,,,,,,,,,,,,,,
,,,,海原,,,,,,,,,,,,,,,,,,,,,
,,,,山下,,,,,,,,,,,,,,,,,,,,,
,,,,大氏,,,,,,,,,,,,,,,,,,,,,
コンクール,ゴールド金賞,聞きたくて,休日返上,今日も練習,#DIV/0!,#DIV/0!,#DIV/0!,#DIV/0!,#DIV/0!,#DIV/0!,,,,,,,,,,,,,,,
,,,,山本,,,,,,,,,,,,,,,,,,,,,
,,,,海原,,,,,,,,,,,,,,,,,,,,,
,,,,山下,,,,,,,,,,,,,,,,,,,,,
,,,,大氏,,,,,,,,,,,,,,,,,,,,,
歌声が,混じり奏でる,ハーモニー,目指すは優勝,最後の舞台,#DIV/0!,#DIV/0!,#DIV/0!,#DIV/0!,#DIV/0!,#DIV/0!,,,,,,,,,,,,,,,
,,,,山本,,,,,,,,,,,,,,,,,,,,,
,,,,海原,,,,,,,,,,,,,,,,,,,,,
,,,,山下,,,,,,,,,,,,,,,,,,,,,
,,,,大氏,,,,,,,,,,,,,,,,,,,,,
合唱部,花粉大敵,声変わる,完全防備,クシャミを一つ,#DIV/0!,#DIV/0!,#DIV/0!,#DIV/0!,#DIV/0!,#DIV/0!,,,,,,,,,,,,,,,
,,,,山本,,,,,,,,,,,,,,,,,,,,,
,,,,海原,,,,,,,,,,,,,,,,,,,,,
,,,,山下,,,,,,,,,,,,,,,,,,,,,
,,,,大氏,,,,,,,,,,,,,,,,,,,,,
静けさに,届けと祈る,私の気持ち,君のボール,リングに入る,#DIV/0!,#DIV/0!,#DIV/0!,#DIV/0!,#DIV/0!,#DIV/0!,,,,,,,,,,,,,,,
,,,,山本,,,,,,,,,,,,,,,,,,,,,
,,,,海原,,,,,,,,,,,,,,,,,,,,,
,,,,山下,,,,,,,,,,,,,,,,,,,,,
,,,,大氏,,,,,,,,,,,,,,,,,,,,,
ダンダンと,鳴り響く音,体育館,暑さに負けず,汗拭う俺,#DIV/0!,#DIV/0!,#DIV/0!,#DIV/0!,#DIV/0!,#DIV/0!,,,,,,,,,,,,,,,
,,,,山本,,,,,,,,,,,,,,,,,,,,,
,,,,海原,,,,,,,,,,,,,,,,,,,,,
,,,,山下,,,,,,,,,,,,,,,,,,,,,
,,,,大氏,,,,,,,,,,,,,,,,,,,,,
一本を,とるため己,鍛え抜く,防具を脱いで,涼やかな顔,#DIV/0!,#DIV/0!,#DIV/0!,#DIV/0!,#DIV/0!,#DIV/0!,,,,,,,,,,,,,,,
,,,,山本,,,,,,,,,,,,,,,,,,,,,
,,,,海原,,,,,,,,,,,,,,,,,,,,,
,,,,山下,,,,,,,,,,,,,,,,,,,,,
,,,,大氏,,,,,,,,,,,,,,,,,,,,,
間を読んで,一触即発,ズイズイと,こわばる空気,剣で切り裂く,#DIV/0!,#DIV/0!,#DIV/0!,#DIV/0!,#DIV/0!,#DIV/0!,,,,,,,,,,,,,,,
,,,,山本,,,,,,,,,,,,,,,,,,,,,
,,,,海原,,,,,,,,,,,,,,,,,,,,,
,,,,山下,,,,,,,,,,,,,,,,,,,,,
,,,,大氏,,,,,,,,,,,,,,,,,,,,,
永遠と,ラリーが続き,汗つたう,生き飲む会場,響くピンポン,#DIV/0!,#DIV/0!,#DIV/0!,#DIV/0!,#DIV/0!,#DIV/0!,,,,,,,,,,,,,,,
,,,,山本,,,,,,,,,,,,,,,,,,,,,
,,,,海原,,,,,,,,,,,,,,,,,,,,,
,,,,山下,,,,,,,,,,,,,,,,,,,,,
,,,,大氏,,,,,,,,,,,,,,,,,,,,,
楽しそう,気楽に入った,卓球部,意外とキツいぞ,反復横跳び,#DIV/0!,#DIV/0!,#DIV/0!,#DIV/0!,#DIV/0!,#DIV/0!,,,,,,,,,,,,,,,
,,,,山本,,,,,,,,,,,,,,,,,,,,,
,,,,海原,,,,,,,,,,,,,,,,,,,,,
,,,,山下,,,,,,,,,,,,,,,,,,,,,
,,,,大氏,,,,,,,,,,,,,,,,,,,,,
強敵だ,怯まず挑む,全員で,仲間と繋ぐ,バレーのボール,#DIV/0!,#DIV/0!,#DIV/0!,#DIV/0!,#DIV/0!,#DIV/0!,,,,,,,,,,,,,,,
,,,,山本,,,,,,,,,,,,,,,,,,,,,
,,,,海原,,,,,,,,,,,,,,,,,,,,,
,,,,山下,,,,,,,,,,,,,,,,,,,,,
,,,,大氏,,,,,,,,,,,,,,,,,,,,,
寒い冬,身体にあたる,ボールが痛い,だけど辞めない,春はもうすぐ,#DIV/0!,#DIV/0!,#DIV/0!,#DIV/0!,#DIV/0!,#DIV/0!,,,,,,,,,,,,,,,
,,,,山本,,,,,,,,,,,,,,,,,,,,,
,,,,海原,,,,,,,,,,,,,,,,,,,,,
,,,,山下,,,,,,,,,,,,,,,,,,,,,
,,,,大氏,,,,,,,,,,,,,,,,,,,,,
和英辞書,片手に教えた,折鶴は,海をも越える,友情の証,#DIV/0!,#DIV/0!,#DIV/0!,#DIV/0!,#DIV/0!,#DIV/0!,,,,,,,,,,,,,,,
,,,,山本,,,,,,,,,,,,,,,,,,,,,
,,,,海原,,,,,,,,,,,,,,,,,,,,,
,,,,山下,,,,,,,,,,,,,,,,,,,,,
,,,,大氏,,,,,,,,,,,,,,,,,,,,,
さびしいな,みんなとお別れ,いやだけど,新しい一歩,踏み出していこう,#DIV/0!,#DIV/0!,#DIV/0!,#DIV/0!,#DIV/0!,#DIV/0!,,,,,,,,,,,,,,,
,,,,山本,,,,,,,,,,,,,,,,,,,,,
,,,,海原,,,,,,,,,,,,,,,,,,,,,
,,,,山下,,,,,,,,,,,,,,,,,,,,,
,,,,大氏,,,,,,,,,,,,,,,,,,,,,
泣き笑い,仲間とともに,輝いた,思い出胸に,夢へ羽ばたけ,#DIV/0!,#DIV/0!,#DIV/0!,#DIV/0!,#DIV/0!,#DIV/0!,,,,,,,,,,,,,,,
,,,,山本,,,,,,,,,,,,,,,,,,,,,
,,,,海原,,,,,,,,,,,,,,,,,,,,,
,,,,山下,,,,,,,,,,,,,,,,,,,,,
,,,,大氏,,,,,,,,,,,,,,,,,,,,,
ありがとう,いつも一緒に,いてくれて,離れていても,心はともに,#DIV/0!,#DIV/0!,#DIV/0!,#DIV/0!,#DIV/0!,#DIV/0!,,,,,,,,,,,,,,,
,,,,山本,,,,,,,,,,,,,,,,,,,,,
,,,,海原,,,,,,,,,,,,,,,,,,,,,
,,,,山下,,,,,,,,,,,,,,,,,,,,,
,,,,大氏,,,,,,,,,,,,,,,,,,,,,
巡りあい,今でも続く,腐れ縁,出会いなければ,わたしはいない,#DIV/0!,#DIV/0!,#DIV/0!,#DIV/0!,#DIV/0!,#DIV/0!,,,,,,,,,,,,,,,
,,,,山本,,,,,,,,,,,,,,,,,,,,,
,,,,海原,,,,,,,,,,,,,,,,,,,,,
,,,,山下,,,,,,,,,,,,,,,,,,,,,
,,,,大氏,,,,,,,,,,,,,,,,,,,,,
時忘れ,気付けば長居,してしまう,それが友との,語り合いなり,#DIV/0!,#DIV/0!,#DIV/0!,#DIV/0!,#DIV/0!,#DIV/0!,,,,,,,,,,,,,,,
,,,,山本,,,,,,,,,,,,,,,,,,,,,
,,,,海原,,,,,,,,,,,,,,,,,,,,,
,,,,山下,,,,,,,,,,,,,,,,,,,,,
,,,,大氏,,,,,,,,,,,,,,,,,,,,,
価値観が,違うからこそ,言い合って,理解し合って,深まる絆,#DIV/0!,#DIV/0!,#DIV/0!,#DIV/0!,#DIV/0!,#DIV/0!,,,,,,,,,,,,,,,
,,,,山本,,,,,,,,,,,,,,,,,,,,,
,,,,海原,,,,,,,,,,,,,,,,,,,,,
,,,,山下,,,,,,,,,,,,,,,,,,,,,
,,,,大氏,,,,,,,,,,,,,,,,,,,,,
なつかしき,ベーゴマ握り,友達と,夢中にあそぶ,十三の秋,#DIV/0!,#DIV/0!,#DIV/0!,#DIV/0!,#DIV/0!,#DIV/0!,,,,,,,,,,,,,,,
,,,,山本,,,,,,,,,,,,,,,,,,,,,
,,,,海原,,,,,,,,,,,,,,,,,,,,,
,,,,山下,,,,,,,,,,,,,,,,,,,,,
,,,,大氏,,,,,,,,,,,,,,,,,,,,,
思い出の,手紙の返事,まちわびて,日々わすれない,ポストのチェック,#DIV/0!,#DIV/0!,#DIV/0!,#DIV/0!,#DIV/0!,#DIV/0!,,,,,,,,,,,,,,,
,,,,山本,,,,,,,,,,,,,,,,,,,,,
,,,,海原,,,,,,,,,,,,,,,,,,,,,
,,,,山下,,,,,,,,,,,,,,,,,,,,,
,,,,大氏,,,,,,,,,,,,,,,,,,,,,
登校時,「行きたくないな」と,言ってても,行ったら行ったで,楽しい学校,#DIV/0!,#DIV/0!,#DIV/0!,#DIV/0!,#DIV/0!,#DIV/0!,,,,,,,,,,,,,,,
,,,,山本,,,,,,,,,,,,,,,,,,,,,
,,,,海原,,,,,,,,,,,,,,,,,,,,,
,,,,山下,,,,,,,,,,,,,,,,,,,,,
,,,,大氏,,,,,,,,,,,,,,,,,,,,,
電車にて,幼なじみの,あの人に,小さいままだと,言われた私,#DIV/0!,#DIV/0!,#DIV/0!,#DIV/0!,#DIV/0!,#DIV/0!,,,,,,,,,,,,,,,
,,,,山本,,,,,,,,,,,,,,,,,,,,,
,,,,海原,,,,,,,,,,,,,,,,,,,,,
,,,,山下,,,,,,,,,,,,,,,,,,,,,
,,,,大氏,,,,,,,,,,,,,,,,,,,,,
暑い夏,汗水たらし,がむしゃらに,最高の仲間と,最後の舞台,#DIV/0!,#DIV/0!,#DIV/0!,#DIV/0!,#DIV/0!,#DIV/0!,,,,,,,,,,,,,,,
,,,,山本,,,,,,,,,,,,,,,,,,,,,
,,,,海原,,,,,,,,,,,,,,,,,,,,,
,,,,山下,,,,,,,,,,,,,,,,,,,,,
,,,,大氏,,,,,,,,,,,,,,,,,,,,,
友達と,話した時間,永遠に,私の記憶,残り続けて,#DIV/0!,#DIV/0!,#DIV/0!,#DIV/0!,#DIV/0!,#DIV/0!,,,,,,,,,,,,,,,
,,,,山本,,,,,,,,,,,,,,,,,,,,,
,,,,海原,,,,,,,,,,,,,,,,,,,,,
,,,,山下,,,,,,,,,,,,,,,,,,,,,
,,,,大氏,,,,,,,,,,,,,,,,,,,,,
帰り道,雨でも友達,一緒なら,晴れにも負けない,楽しい時間,#DIV/0!,#DIV/0!,#DIV/0!,#DIV/0!,#DIV/0!,#DIV/0!,,,,,,,,,,,,,,,
,,,,山本,,,,,,,,,,,,,,,,,,,,,
,,,,海原,,,,,,,,,,,,,,,,,,,,,
,,,,山下,,,,,,,,,,,,,,,,,,,,,
,,,,大氏,,,,,,,,,,,,,,,,,,,,,
スマートフォン,人と人とを,繋げれる,友達つくる,近道になる,#DIV/0!,#DIV/0!,#DIV/0!,#DIV/0!,#DIV/0!,#DIV/0!,,,,,,,,,,,,,,,
,,,,山本,,,,,,,,,,,,,,,,,,,,,
,,,,海原,,,,,,,,,,,,,,,,,,,,,
,,,,山下,,,,,,,,,,,,,,,,,,,,,
,,,,大氏,,,,,,,,,,,,,,,,,,,,,
制服も,この風景も,友達も,ここにしかない,宝物です,#DIV/0!,#DIV/0!,#DIV/0!,#DIV/0!,#DIV/0!,#DIV/0!,,,,,,,,,,,,,,,
,,,,山本,,,,,,,,,,,,,,,,,,,,,
,,,,海原,,,,,,,,,,,,,,,,,,,,,
,,,,山下,,,,,,,,,,,,,,,,,,,,,
,,,,大氏,,,,,,,,,,,,,,,,,,,,,
読書中,友達が来て,中断に,話に夢中で,内容忘れる,#DIV/0!,#DIV/0!,#DIV/0!,#DIV/0!,#DIV/0!,#DIV/0!,,,,,,,,,,,,,,,
,,,,山本,,,,,,,,,,,,,,,,,,,,,
,,,,海原,,,,,,,,,,,,,,,,,,,,,
,,,,山下,,,,,,,,,,,,,,,,,,,,,
,,,,大氏,,,,,,,,,,,,,,,,,,,,,
友達と,大きな夢を,かたりあう,心ははずみ,笑顔にかわる,#DIV/0!,#DIV/0!,#DIV/0!,#DIV/0!,#DIV/0!,#DIV/0!,,,,,,,,,,,,,,,
,,,,山本,,,,,,,,,,,,,,,,,,,,,
,,,,海原,,,,,,,,,,,,,,,,,,,,,
,,,,山下,,,,,,,,,,,,,,,,,,,,,
,,,,大氏,,,,,,,,,,,,,,,,,,,,,
友達に,負けたくなくて,嘘をつく,おれの父さん,社長なんだぜ,#DIV/0!,#DIV/0!,#DIV/0!,#DIV/0!,#DIV/0!,#DIV/0!,,,,,,,,,,,,,,,
,,,,山本,,,,,,,,,,,,,,,,,,,,,
,,,,海原,,,,,,,,,,,,,,,,,,,,,
,,,,山下,,,,,,,,,,,,,,,,,,,,,
,,,,大氏,,,,,,,,,,,,,,,,,,,,,
リアルより,ある意味多い,友達も,ほんとに安心,できるものかな,#DIV/0!,#DIV/0!,#DIV/0!,#DIV/0!,#DIV/0!,#DIV/0!,,,,,,,,,,,,,,,
,,,,山本,,,,,,,,,,,,,,,,,,,,,
,,,,海原,,,,,,,,,,,,,,,,,,,,,
,,,,山下,,,,,,,,,,,,,,,,,,,,,
,,,,大氏,,,,,,,,,,,,,,,,,,,,,
沖縄に,毎月行きたい,海を見る,君の横顔,見ていたいから,#DIV/0!,#DIV/0!,#DIV/0!,#DIV/0!,#DIV/0!,#DIV/0!,,,,,,,,,,,,,,,
,,,,山本,,,,,,,,,,,,,,,,,,,,,
,,,,海原,,,,,,,,,,,,,,,,,,,,,
,,,,山下,,,,,,,,,,,,,,,,,,,,,
,,,,大氏,,,,,,,,,,,,,,,,,,,,,
あっけなく,春過ぎ去れば,沖縄の,蛇口に熱湯,あふれだす夏,#DIV/0!,#DIV/0!,#DIV/0!,#DIV/0!,#DIV/0!,#DIV/0!,,,,,,,,,,,,,,,
,,,,山本,,,,,,,,,,,,,,,,,,,,,
,,,,海原,,,,,,,,,,,,,,,,,,,,,
,,,,山下,,,,,,,,,,,,,,,,,,,,,
,,,,大氏,,,,,,,,,,,,,,,,,,,,,
沖縄の,海は青くて,風の中,わたしは空気を,お土産にした,#DIV/0!,#DIV/0!,#DIV/0!,#DIV/0!,#DIV/0!,#DIV/0!,,,,,,,,,,,,,,,
,,,,山本,,,,,,,,,,,,,,,,,,,,,
,,,,海原,,,,,,,,,,,,,,,,,,,,,
,,,,山下,,,,,,,,,,,,,,,,,,,,,
,,,,大氏,,,,,,,,,,,,,,,,,,,,,
沖縄の,方言で聞く,「ありがとう」,他の県より,あたたかい気がする,#DIV/0!,#DIV/0!,#DIV/0!,#DIV/0!,#DIV/0!,#DIV/0!,,,,,,,,,,,,,,,
,,,,山本,,,,,,,,,,,,,,,,,,,,,
,,,,海原,,,,,,,,,,,,,,,,,,,,,
,,,,山下,,,,,,,,,,,,,,,,,,,,,
,,,,大氏,,,,,,,,,,,,,,,,,,,,,
沖縄に,行ったことすら,ないけれど,歌聴くだけで,得した気分,#DIV/0!,#DIV/0!,#DIV/0!,#DIV/0!,#DIV/0!,#DIV/0!,,,,,,,,,,,,,,,
,,,,山本,,,,,,,,,,,,,,,,,,,,,
,,,,海原,,,,,,,,,,,,,,,,,,,,,
,,,,山下,,,,,,,,,,,,,,,,,,,,,
,,,,大氏,,,,,,,,,,,,,,,,,,,,,
二十三,沖縄に行き,人生で,初めて青い,海を見た日,#DIV/0!,#DIV/0!,#DIV/0!,#DIV/0!,#DIV/0!,#DIV/0!,,,,,,,,,,,,,,,
,,,,山本,,,,,,,,,,,,,,,,,,,,,
,,,,海原,,,,,,,,,,,,,,,,,,,,,
,,,,山下,,,,,,,,,,,,,,,,,,,,,
,,,,大氏,9,5,7,10,1,1,,,,,,,,,,,,,,,
珊瑚には,天然色の,熱帯魚,マリンブルーに,透ける沖縄,#DIV/0!,#DIV/0!,#DIV/0!,#DIV/0!,#DIV/0!,#DIV/0!,,,,,,,,,,,,,,,
,,,,山本,,,,,,,,,,,,,,,,,,,,,
,,,,海原,,,,,,,,,,,,,,,,,,,,,
,,,,山下,,,,,,,,,,,,,,,,,,,,,
,,,,大氏,6,6,7,2,2,1,,,,,,,,,,,,,,,
沖縄の,水色の海,珊瑚たち,安心をする,水色ならば,#DIV/0!,#DIV/0!,#DIV/0!,#DIV/0!,#DIV/0!,#DIV/0!,,,,,,,,,,,,,,,
,,,,山本,,,,,,,,,,,,,,,,,,,,,
,,,,海原,,,,,,,,,,,,,,,,,,,,,
,,,,山下,,,,,,,,,,,,,,,,,,,,,
,,,,大氏,2,4,6,5,2,1,,,,,,,,,,,,,,,
沖縄の,命(ぬち)どぅ宝,その言葉,摩文仁(まぶに)の丘で,幾度呟く,#DIV/0!,#DIV/0!,#DIV/0!,#DIV/0!,#DIV/0!,#DIV/0!,,,,,,,,,,,,,,,
,,,,山本,,,,,,,,,,,,,,,,,,,,,
,,,,海原,,,,,,,,,,,,,,,,,,,,,
,,,,山下,,,,,,,,,,,,,,,,,,,,,
,,,,大氏,,,,,,,,,,,,,,,,,,,,,
自らの,人生を語る,沖縄の,おばあの強い,瞳忘れない,#DIV/0!,#DIV/0!,#DIV/0!,#DIV/0!,#DIV/0!,#DIV/0!,,,,,,,,,,,,,,,
,,,,山本,,,,,,,,,,,,,,,,,,,,,
,,,,海原,,,,,,,,,,,,,,,,,,,,,
,,,,山下,,,,,,,,,,,,,,,,,,,,,
,,,,大氏,,,,,,,,,,,,,,,,,,,,,
わが子をね,“思い産んだ子”で,思産子(うみなしぐれ),うちなーぐちは,心がほっこり,#DIV/0!,#DIV/0!,#DIV/0!,#DIV/0!,#DIV/0!,#DIV/0!,,,,,,,,,,,,,,,
,,,,山本,,,,,,,,,,,,,,,,,,,,,
,,,,海原,,,,,,,,,,,,,,,,,,,,,
,,,,山下,,,,,,,,,,,,,,,,,,,,,
,,,,大氏,,,,,,,,,,,,,,,,,,,,,
沖縄に,降らぬ雪への,憧れか,雪払いなる,組踊あり,#DIV/0!,#DIV/0!,#DIV/0!,#DIV/0!,#DIV/0!,#DIV/0!,,,,,,,,,,,,,,,
,,,,山本,,,,,,,,,,,,,,,,,,,,,
,,,,海原,,,,,,,,,,,,,,,,,,,,,
,,,,山下,,,,,,,,,,,,,,,,,,,,,
,,,,大氏,,,,,,,,,,,,,,,,,,,,,
太陽の,恵みたっぷり,沖縄の,届いたマンゴー,とろける笑顔,#DIV/0!,#DIV/0!,#DIV/0!,#DIV/0!,#DIV/0!,#DIV/0!,,,,,,,,,,,,,,,
,,,,山本,,,,,,,,,,,,,,,,,,,,,
,,,,海原,,,,,,,,,,,,,,,,,,,,,
,,,,山下,,,,,,,,,,,,,,,,,,,,,
,,,,大氏,,,,,,,,,,,,,,,,,,,,,
三線が,響き渡れば,泡盛を,片手に踊る,グソーの世界,#DIV/0!,#DIV/0!,#DIV/0!,#DIV/0!,#DIV/0!,#DIV/0!,,,,,,,,,,,,,,,
,,,,山本,,,,,,,,,,,,,,,,,,,,,
,,,,海原,,,,,,,,,,,,,,,,,,,,,
,,,,山下,,,,,,,,,,,,,,,,,,,,,
,,,,大氏,,,,,,,,,,,,,,,,,,,,,
琉球の,思い溢れる,朱の城,失せてなお立つ,龍の目に涙,#DIV/0!,#DIV/0!,#DIV/0!,#DIV/0!,#DIV/0!,#DIV/0!,,,,,,,,,,,,,,,
,,,,山本,,,,,,,,,,,,,,,,,,,,,
,,,,海原,,,,,,,,,,,,,,,,,,,,,
,,,,山下,,,,,,,,,,,,,,,,,,,,,
,,,,大氏,,,,,,,,,,,,,,,,,,,,,
行ったこと,ないけど君は,琉球だ,凪に浮かんだ,優しさの島,#DIV/0!,#DIV/0!,#DIV/0!,#DIV/0!,#DIV/0!,#DIV/0!,,,,,,,,,,,,,,,
,,,,山本,,,,,,,,,,,,,,,,,,,,,
,,,,海原,,,,,,,,,,,,,,,,,,,,,
,,,,山下,,,,,,,,,,,,,,,,,,,,,
,,,,大氏,,,,,,,,,,,,,,,,,,,,,
場内に,響く琉球,太鼓から,生きる鼓動が,僕に生まれた,#DIV/0!,#DIV/0!,#DIV/0!,#DIV/0!,#DIV/0!,#DIV/0!,,,,,,,,,,,,,,,
,,,,山本,,,,,,,,,,,,,,,,,,,,,
,,,,海原,,,,,,,,,,,,,,,,,,,,,
,,,,山下,,,,,,,,,,,,,,,,,,,,,
,,,,大氏,,,,,,,,,,,,,,,,,,,,,
東(ひんがし)の,空に旗振り,エイサーの,太鼓響きて,夏来(きた)る,#DIV/0!,#DIV/0!,#DIV/0!,#DIV/0!,#DIV/0!,#DIV/0!,,,,,,,,,,,,,,,
,,,,山本,,,,,,,,,,,,,,,,,,,,,
,,,,海原,,,,,,,,,,,,,,,,,,,,,
,,,,山下,,,,,,,,,,,,,,,,,,,,,
,,,,大氏,,,,,,,,,,,,,,,,,,,,,
滑走路,有刺鉄線,プラカード,風はフェンスを,抜けてくるのに,#DIV/0!,#DIV/0!,#DIV/0!,#DIV/0!,#DIV/0!,#DIV/0!,,,,,,,,,,,,,,,
,,,,山本,,,,,,,,,,,,,,,,,,,,,
,,,,海原,,,,,,,,,,,,,,,,,,,,,
,,,,山下,,,,,,,,,,,,,,,,,,,,,
,,,,大氏,,,,,,,,,,,,,,,,,,,,,
戦争の,悲しさ苦しみ,乗り越えて,ハイビスカスが,眩しく咲いて,#DIV/0!,#DIV/0!,#DIV/0!,#DIV/0!,#DIV/0!,#DIV/0!,,,,,,,,,,,,,,,
,,,,山本,,,,,,,,,,,,,,,,,,,,,
,,,,海原,,,,,,,,,,,,,,,,,,,,,
,,,,山下,,,,,,,,,,,,,,,,,,,,,
,,,,大氏,,,,,,,,,,,,,,,,,,,,,
負けたって,どうでもいいよ,お揃いの,Ｔシャツ作る,口実だから,#DIV/0!,#DIV/0!,#DIV/0!,#DIV/0!,#DIV/0!,#DIV/0!,,,,,,,,,,,,,,,
,,,,山本,,,,,,,,,,,,,,,,,,,,,
,,,,海原,,,,,,,,,,,,,,,,,,,,,
,,,,山下,,,,,,,,,,,,,,,,,,,,,
,,,,大氏,,,,,,,,,,,,,,,,,,,,,
体育祭,勝利に喜び,ハイタッチ,私がするのは,許されなかった,#DIV/0!,#DIV/0!,#DIV/0!,#DIV/0!,#DIV/0!,#DIV/0!,,,,,,,,,,,,,,,
,,,,山本,,,,,,,,,,,,,,,,,,,,,
,,,,海原,,,,,,,,,,,,,,,,,,,,,
,,,,山下,,,,,,,,,,,,,,,,,,,,,
,,,,大氏,,,,,,,,,,,,,,,,,,,,,
競技より,覚えてるのは,後夜祭,フォークダンスと,打ち上げ花火,#DIV/0!,#DIV/0!,#DIV/0!,#DIV/0!,#DIV/0!,#DIV/0!,,,,,,,,,,,,,,,
,,,,山本,,,,,,,,,,,,,,,,,,,,,
,,,,海原,,,,,,,,,,,,,,,,,,,,,
,,,,山下,,,,,,,,,,,,,,,,,,,,,
,,,,大氏,,,,,,,,,,,,,,,,,,,,,
体育祭,トラック駆ける,君見つけ,幸と愁いで,半周ずつ,#DIV/0!,#DIV/0!,#DIV/0!,#DIV/0!,#DIV/0!,#DIV/0!,,,,,,,,,,,,,,,
,,,,山本,,,,,,,,,,,,,,,,,,,,,
,,,,海原,,,,,,,,,,,,,,,,,,,,,
,,,,山下,,,,,,,,,,,,,,,,,,,,,
,,,,大氏,,,,,,,,,,,,,,,,,,,,,
リレーバトン,君に繋ぐ,祈るように,青いハチマキ,砂の味,#DIV/0!,#DIV/0!,#DIV/0!,#DIV/0!,#DIV/0!,#DIV/0!,,,,,,,,,,,,,,,
,,,,山本,,,,,,,,,,,,,,,,,,,,,
,,,,海原,,,,,,,,,,,,,,,,,,,,,
,,,,山下,,,,,,,,,,,,,,,,,,,,,
,,,,大氏,,,,,,,,,,,,,,,,,,,,,
来年は,君から借りた,学ランで,君を真っ直ぐ,応援するんだ,#DIV/0!,#DIV/0!,#DIV/0!,#DIV/0!,#DIV/0!,#DIV/0!,,,,,,,,,,,,,,,
,,,,山本,,,,,,,,,,,,,,,,,,,,,
,,,,海原,,,,,,,,,,,,,,,,,,,,,
,,,,山下,,,,,,,,,,,,,,,,,,,,,
,,,,大氏,,,,,,,,,,,,,,,,,,,,,
体育祭,借り物の指示,「好きな人」,心拍数は,校内トップ,#DIV/0!,#DIV/0!,#DIV/0!,#DIV/0!,#DIV/0!,#DIV/0!,,,,,,,,,,,,,,,
,,,,山本,,,,,,,,,,,,,,,,,,,,,
,,,,海原,,,,,,,,,,,,,,,,,,,,,
,,,,山下,,,,,,,,,,,,,,,,,,,,,
,,,,大氏,,,,,,,,,,,,,,,,,,,,,
体育祭,君と同じ,赤色の,鉢巻巻いて,全力疾走,#DIV/0!,#DIV/0!,#DIV/0!,#DIV/0!,#DIV/0!,#DIV/0!,,,,,,,,,,,,,,,
,,,,山本,,,,,,,,,,,,,,,,,,,,,
,,,,海原,,,,,,,,,,,,,,,,,,,,,
,,,,山下,,,,,,,,,,,,,,,,,,,,,
,,,,大氏,,,,,,,,,,,,,,,,,,,,,
うれしくて,つい駆け寄った,学年で,一番速い,わたしの一番,#DIV/0!,#DIV/0!,#DIV/0!,#DIV/0!,#DIV/0!,#DIV/0!,,,,,,,,,,,,,,,
,,,,山本,,,,,,,,,,,,,,,,,,,,,
,,,,海原,,,,,,,,,,,,,,,,,,,,,
,,,,山下,,,,,,,,,,,,,,,,,,,,,
,,,,大氏,,,,,,,,,,,,,,,,,,,,,
真っ白い,体操服に,照りつける,君は太陽,体育の秋,#DIV/0!,#DIV/0!,#DIV/0!,#DIV/0!,#DIV/0!,#DIV/0!,,,,,,,,,,,,,,,
,,,,山本,,,,,,,,,,,,,,,,,,,,,
,,,,海原,,,,,,,,,,,,,,,,,,,,,
,,,,山下,,,,,,,,,,,,,,,,,,,,,
,,,,大氏,,,,,,,,,,,,,,,,,,,,,
旗を持ち,「若い力」を,全力で,歌う団長,ロケットが如く,#DIV/0!,#DIV/0!,#DIV/0!,#DIV/0!,#DIV/0!,#DIV/0!,,,,,,,,,,,,,,,
,,,,山本,,,,,,,,,,,,,,,,,,,,,
,,,,海原,,,,,,,,,,,,,,,,,,,,,
,,,,山下,,,,,,,,,,,,,,,,,,,,,
,,,,大氏,,,,,,,,,,,,,,,,,,,,,
体育祭,終わった後の,校庭は,なぜか悲しく,なぜか寂しい,#DIV/0!,#DIV/0!,#DIV/0!,#DIV/0!,#DIV/0!,#DIV/0!,,,,,,,,,,,,,,,
,,,,山本,,,,,,,,,,,,,,,,,,,,,
,,,,海原,,,,,,,,,,,,,,,,,,,,,
,,,,山下,,,,,,,,,,,,,,,,,,,,,
,,,,大氏,,,,,,,,,,,,,,,,,,,,,
懸命に,飛んで走って,応援し,燃えつきた秋,友と刻みし,#DIV/0!,#DIV/0!,#DIV/0!,#DIV/0!,#DIV/0!,#DIV/0!,,,,,,,,,,,,,,,
,,,,山本,,,,,,,,,,,,,,,,,,,,,
,,,,海原,,,,,,,,,,,,,,,,,,,,,
,,,,山下,,,,,,,,,,,,,,,,,,,,,
,,,,大氏,,,,,,,,,,,,,,,,,,,,,
体育祭,みんな輝く,奇跡の日,のはずだったけど,君だけ眩しい,#DIV/0!,#DIV/0!,#DIV/0!,#DIV/0!,#DIV/0!,#DIV/0!,,,,,,,,,,,,,,,
,,,,山本,,,,,,,,,,,,,,,,,,,,,
,,,,海原,,,,,,,,,,,,,,,,,,,,,
,,,,山下,,,,,,,,,,,,,,,,,,,,,
,,,,大氏,,,,,,,,,,,,,,,,,,,,,
もういっそ,雨天中止を,決めてくれ,明日も雨だし,気温は１２℃,#DIV/0!,#DIV/0!,#DIV/0!,#DIV/0!,#DIV/0!,#DIV/0!,,,,,,,,,,,,,,,
,,,,山本,,,,,,,,,,,,,,,,,,,,,
,,,,海原,,,,,,,,,,,,,,,,,,,,,
,,,,山下,,,,,,,,,,,,,,,,,,,,,
,,,,大氏,,,,,,,,,,,,,,,,,,,,,
歓声と,ともに起こせよ,砂ぼこり,その先に君,視線隠して,#DIV/0!,#DIV/0!,#DIV/0!,#DIV/0!,#DIV/0!,#DIV/0!,,,,,,,,,,,,,,,
,,,,山本,,,,,,,,,,,,,,,,,,,,,
,,,,海原,,,,,,,,,,,,,,,,,,,,,
,,,,山下,,,,,,,,,,,,,,,,,,,,,
,,,,大氏,,,,,,,,,,,,,,,,,,,,,
100メートル,リレーが終わった,その後も,歩くし食べるし,いつかは死ぬし,#DIV/0!,#DIV/0!,#DIV/0!,#DIV/0!,#DIV/0!,#DIV/0!,,,,,,,,,,,,,,,
,,,,山本,,,,,,,,,,,,,,,,,,,,,
,,,,海原,,,,,,,,,,,,,,,,,,,,,
,,,,山下,,,,,,,,,,,,,,,,,,,,,
,,,,大氏,,,,,,,,,,,,,,,,,,,,,
悔しさも,愛も闘志も,出し切って,笑顔咲き誇れ,君に勝利あれ,#DIV/0!,#DIV/0!,#DIV/0!,#DIV/0!,#DIV/0!,#DIV/0!,,,,,,,,,,,,,,,
,,,,山本,,,,,,,,,,,,,,,,,,,,,
,,,,海原,,,,,,,,,,,,,,,,,,,,,
,,,,山下,,,,,,,,,,,,,,,,,,,,,
,,,,大氏,,,,,,,,,,,,,,,,,,,,,
お揃いの,Ｔシャツを着て,お揃いの,思い出つくる,私の青春,#DIV/0!,#DIV/0!,#DIV/0!,#DIV/0!,#DIV/0!,#DIV/0!,,,,,,,,,,,,,,,
,,,,山本,,,,,,,,,,,,,,,,,,,,,
,,,,海原,,,,,,,,,,,,,,,,,,,,,
,,,,山下,,,,,,,,,,,,,,,,,,,,,
,,,,大氏,,,,,,,,,,,,,,,,,,,,,
「本当に,待ちに待ったの？」,「なわけない」,今日はつまらん,体育祭ね,#DIV/0!,#DIV/0!,#DIV/0!,#DIV/0!,#DIV/0!,#DIV/0!,,,,,,,,,,,,,,,
,,,,山本,,,,,,,,,,,,,,,,,,,,,
,,,,海原,,,,,,,,,,,,,,,,,,,,,
,,,,山下,,,,,,,,,,,,,,,,,,,,,
,,,,大氏,,,,,,,,,,,,,,,,,,,,,
,,,,,#DIV/0!,#DIV/0!,#DIV/0!,#DIV/0!,#DIV/0!,#DIV/0!,,,,,,,,,,,,,,,
,,,,,,,,,,,,,,,,,,,,,,,,,
,,,,,,,,,,,,,,,,,,,,,,,,,
,,,,,,,,,,,,,,,,,,,,,,,,,
,,,,,,,,,,,,,,,,,,,,,,,,,
,,,,,#DIV/0!,#DIV/0!,#DIV/0!,#DIV/0!,#DIV/0!,#DIV/0!,,,,,,,,,,,,,,,
,,,,,,,,,,,,,,,,,,,,,,,,,
,,,,,,,,,,,,,,,,,,,,,,,,,
,,,,,,,,,,,,,,,,,,,,,,,,,
,,,,,,,,,,,,,,,,,,,,,,,,,
,,,,,#DIV/0!,#DIV/0!,#DIV/0!,#DIV/0!,#DIV/0!,#DIV/0!,,,,,,,,,,,,,,,
,,,,,,,,,,,,,,,,,,,,,,,,,
,,,,,,,,,,,,,,,,,,,,,,,,,
,,,,,,,,,,,,,,,,,,,,,,,,,
,,,,,,,,,,,,,,,,,,,,,,,,,
,,,,,#DIV/0!,#DIV/0!,#DIV/0!,#DIV/0!,#DIV/0!,#DIV/0!,,,,,,,,,,,,,,,
,,,,,,,,,,,,,,,,,,,,,,,,,
,,,,,,,,,,,,,,,,,,,,,,,,,
,,,,,,,,,,,,,,,,,,,,,,,,,
,,,,,,,,,,,,,,,,,,,,,,,,,
,,,,,#DIV/0!,#DIV/0!,#DIV/0!,#DIV/0!,#DIV/0!,#DIV/0!,,,,,,,,,,,,,,,
,,,,,,,,,,,,,,,,,,,,,,,,,
,,,,,,,,,,,,,,,,,,,,,,,,,
,,,,,,,,,,,,,,,,,,,,,,,,,
,,,,,,,,,,,,,,,,,,,,,,,,,
,,,,,#DIV/0!,#DIV/0!,#DIV/0!,#DIV/0!,#DIV/0!,#DIV/0!,,,,,,,,,,,,,,,
,,,,,,,,,,,,,,,,,,,,,,,,,
,,,,,,,,,,,,,,,,,,,,,,,,,
,,,,,,,,,,,,,,,,,,,,,,,,,
,,,,,,,,,,,,,,,,,,,,,,,,,
,,,,,#DIV/0!,#DIV/0!,#DIV/0!,#DIV/0!,#DIV/0!,#DIV/0!,,,,,,,,,,,,,,,
,,,,,,,,,,,,,,,,,,,,,,,,,
,,,,,,,,,,,,,,,,,,,,,,,,,
,,,,,,,,,,,,,,,,,,,,,,,,,
,,,,,,,,,,,,,,,,,,,,,,,,,
,,,,,#DIV/0!,#DIV/0!,#DIV/0!,#DIV/0!,#DIV/0!,#DIV/0!,,,,,,,,,,,,,,,
,,,,,,,,,,,,,,,,,,,,,,,,,
,,,,,,,,,,,,,,,,,,,,,,,,,
,,,,,,,,,,,,,,,,,,,,,,,,,
,,,,,,,,,,,,,,,,,,,,,,,,,
,,,,,#DIV/0!,#DIV/0!,#DIV/0!,#DIV/0!,#DIV/0!,#DIV/0!,,,,,,,,,,,,,,,
,,,,,,,,,,,,,,,,,,,,,,,,,
,,,,,,,,,,,,,,,,,,,,,,,,,
,,,,,,,,,,,,,,,,,,,,,,,,,
,,,,,,,,,,,,,,,,,,,,,,,,,
,,,,,#DIV/0!,#DIV/0!,#DIV/0!,#DIV/0!,#DIV/0!,#DIV/0!,,,,,,,,,,,,,,,
,,,,,,,,,,,,,,,,,,,,,,,,,
,,,,,,,,,,,,,,,,,,,,,,,,,
,,,,,,,,,,,,,,,,,,,,,,,,,
,,,,,,,,,,,,,,,,,,,,,,,,,
,,,,,#DIV/0!,#DIV/0!,#DIV/0!,#DIV/0!,#DIV/0!,#DIV/0!,,,,,,,,,,,,,,,
,,,,,,,,,,,,,,,,,,,,,,,,,
,,,,,,,,,,,,,,,,,,,,,,,,,
,,,,,,,,,,,,,,,,,,,,,,,,,
,,,,,,,,,,,,,,,,,,,,,,,,,
,,,,,#DIV/0!,#DIV/0!,#DIV/0!,#DIV/0!,#DIV/0!,#DIV/0!,,,,,,,,,,,,,,,
,,,,,,,,,,,,,,,,,,,,,,,,,
,,,,,,,,,,,,,,,,,,,,,,,,,
,,,,,,,,,,,,,,,,,,,,,,,,,
,,,,,,,,,,,,,,,,,,,,,,,,,
,,,,,#DIV/0!,#DIV/0!,#DIV/0!,#DIV/0!,#DIV/0!,#DIV/0!,,,,,,,,,,,,,,,
,,,,,,,,,,,,,,,,,,,,,,,,,
,,,,,,,,,,,,,,,,,,,,,,,,,
,,,,,,,,,,,,,,,,,,,,,,,,,
,,,,,,,,,,,,,,,,,,,,,,,,,
,,,,,#DIV/0!,#DIV/0!,#DIV/0!,#DIV/0!,#DIV/0!,#DIV/0!,,,,,,,,,,,,,,,
,,,,,,,,,,,,,,,,,,,,,,,,,
,,,,,,,,,,,,,,,,,,,,,,,,,
,,,,,,,,,,,,,,,,,,,,,,,,,
,,,,,,,,,,,,,,,,,,,,,,,,,
,,,,,#DIV/0!,#DIV/0!,#DIV/0!,#DIV/0!,#DIV/0!,#DIV/0!,,,,,,,,,,,,,,,
,,,,,,,,,,,,,,,,,,,,,,,,,
,,,,,,,,,,,,,,,,,,,,,,,,,
,,,,,,,,,,,,,,,,,,,,,,,,,
,,,,,,,,,,,,,,,,,,,,,,,,,
,,,,,#DIV/0!,#DIV/0!,#DIV/0!,#DIV/0!,#DIV/0!,#DIV/0!,,,,,,,,,,,,,,,
,,,,,,,,,,,,,,,,,,,,,,,,,
,,,,,,,,,,,,,,,,,,,,,,,,,
,,,,,,,,,,,,,,,,,,,,,,,,,
,,,,,,,,,,,,,,,,,,,,,,,,,
,,,,,#DIV/0!,#DIV/0!,#DIV/0!,#DIV/0!,#DIV/0!,#DIV/0!,,,,,,,,,,,,,,,
,,,,,,,,,,,,,,,,,,,,,,,,,
,,,,,,,,,,,,,,,,,,,,,,,,,
,,,,,,,,,,,,,,,,,,,,,,,,,
,,,,,,,,,,,,,,,,,,,,,,,,,
,,,,,#DIV/0!,#DIV/0!,#DIV/0!,#DIV/0!,#DIV/0!,#DIV/0!,,,,,,,,,,,,,,,
,,,,,,,,,,,,,,,,,,,,,,,,,
,,,,,,,,,,,,,,,,,,,,,,,,,
,,,,,,,,,,,,,,,,,,,,,,,,,
,,,,,,,,,,,,,,,,,,,,,,,,,
,,,,,#DIV/0!,#DIV/0!,#DIV/0!,#DIV/0!,#DIV/0!,#DIV/0!,,,,,,,,,,,,,,,
,,,,,,,,,,,,,,,,,,,,,,,,,
,,,,,,,,,,,,,,,,,,,,,,,,,
,,,,,,,,,,,,,,,,,,,,,,,,,
,,,,,,,,,,,,,,,,,,,,,,,,,
,,,,,#DIV/0!,#DIV/0!,#DIV/0!,#DIV/0!,#DIV/0!,#DIV/0!,,,,,,,,,,,,,,,
,,,,,,,,,,,,,,,,,,,,,,,,,
,,,,,,,,,,,,,,,,,,,,,,,,,
,,,,,,,,,,,,,,,,,,,,,,,,,
,,,,,,,,,,,,,,,,,,,,,,,,,
,,,,,#DIV/0!,#DIV/0!,#DIV/0!,#DIV/0!,#DIV/0!,#DIV/0!,,,,,,,,,,,,,,,
,,,,,,,,,,,,,,,,,,,,,,,,,
,,,,,,,,,,,,,,,,,,,,,,,,,
,,,,,,,,,,,,,,,,,,,,,,,,,
,,,,,,,,,,,,,,,,,,,,,,,,,
,,,,,#DIV/0!,#DIV/0!,#DIV/0!,#DIV/0!,#DIV/0!,#DIV/0!,,,,,,,,,,,,,,,
,,,,,,,,,,,,,,,,,,,,,,,,,
,,,,,,,,,,,,,,,,,,,,,,,,,
,,,,,,,,,,,,,,,,,,,,,,,,,
,,,,,,,,,,,,,,,,,,,,,,,,,
,,,,,#DIV/0!,#DIV/0!,#DIV/0!,#DIV/0!,#DIV/0!,#DIV/0!,,,,,,,,,,,,,,,
,,,,,,,,,,,,,,,,,,,,,,,,,
,,,,,,,,,,,,,,,,,,,,,,,,,
,,,,,,,,,,,,,,,,,,,,,,,,,
,,,,,,,,,,,,,,,,,,,,,,,,,
,,,,,#DIV/0!,#DIV/0!,#DIV/0!,#DIV/0!,#DIV/0!,#DIV/0!,,,,,,,,,,,,,,,
,,,,,,,,,,,,,,,,,,,,,,,,,
,,,,,,,,,,,,,,,,,,,,,,,,,
,,,,,,,,,,,,,,,,,,,,,,,,,
,,,,,,,,,,,,,,,,,,,,,,,,,
,,,,,#DIV/0!,#DIV/0!,#DIV/0!,#DIV/0!,#DIV/0!,#DIV/0!,,,,,,,,,,,,,,,
,,,,,,,,,,,,,,,,,,,,,,,,,
,,,,,,,,,,,,,,,,,,,,,,,,,
,,,,,,,,,,,,,,,,,,,,,,,,,
,,,,,,,,,,,,,,,,,,,,,,,,,
,,,,,#DIV/0!,#DIV/0!,#DIV/0!,#DIV/0!,#DIV/0!,#DIV/0!,,,,,,,,,,,,,,,
,,,,,,,,,,,,,,,,,,,,,,,,,
,,,,,,,,,,,,,,,,,,,,,,,,,
,,,,,,,,,,,,,,,,,,,,,,,,,
,,,,,,,,,,,,,,,,,,,,,,,,,
,,,,,#DIV/0!,#DIV/0!,#DIV/0!,#DIV/0!,#DIV/0!,#DIV/0!,,,,,,,,,,,,,,,
,,,,,,,,,,,,,,,,,,,,,,,,,
,,,,,,,,,,,,,,,,,,,,,,,,,
,,,,,,,,,,,,,,,,,,,,,,,,,
,,,,,,,,,,,,,,,,,,,,,,,,,
,,,,,#DIV/0!,#DIV/0!,#DIV/0!,#DIV/0!,#DIV/0!,#DIV/0!,,,,,,,,,,,,,,,
,,,,,,,,,,,,,,,,,,,,,,,,,
,,,,,,,,,,,,,,,,,,,,,,,,,
,,,,,,,,,,,,,,,,,,,,,,,,,
,,,,,,,,,,,,,,,,,,,,,,,,,
,,,,,#DIV/0!,#DIV/0!,#DIV/0!,#DIV/0!,#DIV/0!,#DIV/0!,,,,,,,,,,,,,,,
,,,,,,,,,,,,,,,,,,,,,,,,,
,,,,,,,,,,,,,,,,,,,,,,,,,
,,,,,,,,,,,,,,,,,,,,,,,,,
,,,,,,,,,,,,,,,,,,,,,,,,,
,,,,,#DIV/0!,#DIV/0!,#DIV/0!,#DIV/0!,#DIV/0!,#DIV/0!,,,,,,,,,,,,,,,
,,,,,,,,,,,,,,,,,,,,,,,,,
,,,,,,,,,,,,,,,,,,,,,,,,,
,,,,,,,,,,,,,,,,,,,,,,,,,
,,,,,,,,,,,,,,,,,,,,,,,,,
,,,,,#DIV/0!,#DIV/0!,#DIV/0!,#DIV/0!,#DIV/0!,#DIV/0!,,,,,,,,,,,,,,,
,,,,,,,,,,,,,,,,,,,,,,,,,
,,,,,,,,,,,,,,,,,,,,,,,,,
,,,,,,,,,,,,,,,,,,,,,,,,,
,,,,,,,,,,,,,,,,,,,,,,,,,
,,,,,#DIV/0!,#DIV/0!,#DIV/0!,#DIV/0!,#DIV/0!,#DIV/0!,,,,,,,,,,,,,,,
,,,,,,,,,,,,,,,,,,,,,,,,,
,,,,,,,,,,,,,,,,,,,,,,,,,
,,,,,,,,,,,,,,,,,,,,,,,,,
,,,,,,,,,,,,,,,,,,,,,,,,,
,,,,,#DIV/0!,#DIV/0!,#DIV/0!,#DIV/0!,#DIV/0!,#DIV/0!,,,,,,,,,,,,,,,
,,,,,,,,,,,,,,,,,,,,,,,,,
,,,,,,,,,,,,,,,,,,,,,,,,,
,,,,,,,,,,,,,,,,,,,,,,,,,
,,,,,,,,,,,,,,,,,,,,,,,,,
,,,,,#DIV/0!,#DIV/0!,#DIV/0!,#DIV/0!,#DIV/0!,#DIV/0!,,,,,,,,,,,,,,,
,,,,,,,,,,,,,,,,,,,,,,,,,
,,,,,,,,,,,,,,,,,,,,,,,,,
,,,,,,,,,,,,,,,,,,,,,,,,,
,,,,,,,,,,,,,,,,,,,,,,,,,
,,,,,#DIV/0!,#DIV/0!,#DIV/0!,#DIV/0!,#DIV/0!,#DIV/0!,,,,,,,,,,,,,,,
,,,,,,,,,,,,,,,,,,,,,,,,,
,,,,,,,,,,,,,,,,,,,,,,,,,
,,,,,,,,,,,,,,,,,,,,,,,,,
,,,,,,,,,,,,,,,,,,,,,,,,,
,,,,,#DIV/0!,#DIV/0!,#DIV/0!,#DIV/0!,#DIV/0!,#DIV/0!,,,,,,,,,,,,,,,
,,,,,,,,,,,,,,,,,,,,,,,,,
,,,,,,,,,,,,,,,,,,,,,,,,,
,,,,,,,,,,,,,,,,,,,,,,,,,
,,,,,,,,,,,,,,,,,,,,,,,,,
,,,,,#DIV/0!,#DIV/0!,#DIV/0!,#DIV/0!,#DIV/0!,#DIV/0!,,,,,,,,,,,,,,,
,,,,,,,,,,,,,,,,,,,,,,,,,
,,,,,,,,,,,,,,,,,,,,,,,,,
,,,,,,,,,,,,,,,,,,,,,,,,,
,,,,,,,,,,,,,,,,,,,,,,,,,
,,,,,#DIV/0!,#DIV/0!,#DIV/0!,#DIV/0!,#DIV/0!,#DIV/0!,,,,,,,,,,,,,,,
,,,,,,,,,,,,,,,,,,,,,,,,,
,,,,,,,,,,,,,,,,,,,,,,,,,
,,,,,,,,,,,,,,,,,,,,,,,,,
,,,,,,,,,,,,,,,,,,,,,,,,,
,,,,,#DIV/0!,#DIV/0!,#DIV/0!,#DIV/0!,#DIV/0!,#DIV/0!,,,,,,,,,,,,,,,
,,,,,,,,,,,,,,,,,,,,,,,,,
,,,,,,,,,,,,,,,,,,,,,,,,,
,,,,,,,,,,,,,,,,,,,,,,,,,
,,,,,,,,,,,,,,,,,,,,,,,,,
,,,,,#DIV/0!,#DIV/0!,#DIV/0!,#DIV/0!,#DIV/0!,#DIV/0!,,,,,,,,,,,,,,,
,,,,,,,,,,,,,,,,,,,,,,,,,
,,,,,,,,,,,,,,,,,,,,,,,,,
,,,,,,,,,,,,,,,,,,,,,,,,,
,,,,,,,,,,,,,,,,,,,,,,,,,
,,,,,#DIV/0!,#DIV/0!,#DIV/0!,#DIV/0!,#DIV/0!,#DIV/0!,,,,,,,,,,,,,,,
,,,,,,,,,,,,,,,,,,,,,,,,,
,,,,,,,,,,,,,,,,,,,,,,,,,
,,,,,,,,,,,,,,,,,,,,,,,,,
,,,,,,,,,,,,,,,,,,,,,,,,,
,,,,,#DIV/0!,#DIV/0!,#DIV/0!,#DIV/0!,#DIV/0!,#DIV/0!,,,,,,,,,,,,,,,
,,,,,,,,,,,,,,,,,,,,,,,,,
,,,,,,,,,,,,,,,,,,,,,,,,,
,,,,,,,,,,,,,,,,,,,,,,,,,
,,,,,,,,,,,,,,,,,,,,,,,,,
,,,,,#DIV/0!,#DIV/0!,#DIV/0!,#DIV/0!,#DIV/0!,#DIV/0!,,,,,,,,,,,,,,,
,,,,,,,,,,,,,,,,,,,,,,,,,
,,,,,,,,,,,,,,,,,,,,,,,,,
,,,,,,,,,,,,,,,,,,,,,,,,,
,,,,,,,,,,,,,,,,,,,,,,,,,
,,,,,#DIV/0!,#DIV/0!,#DIV/0!,#DIV/0!,#DIV/0!,#DIV/0!,,,,,,,,,,,,,,,
,,,,,,,,,,,,,,,,,,,,,,,,,
,,,,,,,,,,,,,,,,,,,,,,,,,
,,,,,,,,,,,,,,,,,,,,,,,,,
,,,,,,,,,,,,,,,,,,,,,,,,,
,,,,,#DIV/0!,#DIV/0!,#DIV/0!,#DIV/0!,#DIV/0!,#DIV/0!,,,,,,,,,,,,,,,
,,,,,,,,,,,,,,,,,,,,,,,,,
,,,,,,,,,,,,,,,,,,,,,,,,,
,,,,,,,,,,,,,,,,,,,,,,,,,
,,,,,,,,,,,,,,,,,,,,,,,,,
,,,,,#DIV/0!,#DIV/0!,#DIV/0!,#DIV/0!,#DIV/0!,#DIV/0!,,,,,,,,,,,,,,,
,,,,,,,,,,,,,,,,,,,,,,,,,
,,,,,,,,,,,,,,,,,,,,,,,,,
,,,,,,,,,,,,,,,,,,,,,,,,,
,,,,,,,,,,,,,,,,,,,,,,,,,
,,,,,#DIV/0!,#DIV/0!,#DIV/0!,#DIV/0!,#DIV/0!,#DIV/0!,,,,,,,,,,,,,,,
,,,,,,,,,,,,,,,,,,,,,,,,,
,,,,,,,,,,,,,,,,,,,,,,,,,
,,,,,,,,,,,,,,,,,,,,,,,,,
,,,,,,,,,,,,,,,,,,,,,,,,,
,,,,,#DIV/0!,#DIV/0!,#DIV/0!,#DIV/0!,#DIV/0!,#DIV/0!,,,,,,,,,,,,,,,
,,,,,,,,,,,,,,,,,,,,,,,,,
,,,,,,,,,,,,,,,,,,,,,,,,,
,,,,,,,,,,,,,,,,,,,,,,,,,
,,,,,,,,,,,,,,,,,,,,,,,,,
,,,,,#DIV/0!,#DIV/0!,#DIV/0!,#DIV/0!,#DIV/0!,#DIV/0!,,,,,,,,,,,,,,,
,,,,,,,,,,,,,,,,,,,,,,,,,
,,,,,,,,,,,,,,,,,,,,,,,,,
,,,,,,,,,,,,,,,,,,,,,,,,,
,,,,,,,,,,,,,,,,,,,,,,,,,
,,,,,#DIV/0!,#DIV/0!,#DIV/0!,#DIV/0!,#DIV/0!,#DIV/0!,,,,,,,,,,,,,,,
,,,,,,,,,,,,,,,,,,,,,,,,,
,,,,,,,,,,,,,,,,,,,,,,,,,
,,,,,,,,,,,,,,,,,,,,,,,,,
,,,,,,,,,,,,,,,,,,,,,,,,,
,,,,,#DIV/0!,#DIV/0!,#DIV/0!,#DIV/0!,#DIV/0!,#DIV/0!,,,,,,,,,,,,,,,
,,,,,,,,,,,,,,,,,,,,,,,,,
,,,,,,,,,,,,,,,,,,,,,,,,,
,,,,,,,,,,,,,,,,,,,,,,,,,
,,,,,,,,,,,,,,,,,,,,,,,,,
,,,,,#DIV/0!,#DIV/0!,#DIV/0!,#DIV/0!,#DIV/0!,#DIV/0!,,,,,,,,,,,,,,,
,,,,,,,,,,,,,,,,,,,,,,,,,
,,,,,,,,,,,,,,,,,,,,,,,,,
,,,,,,,,,,,,,,,,,,,,,,,,,
,,,,,,,,,,,,,,,,,,,,,,,,,
,,,,,#DIV/0!,#DIV/0!,#DIV/0!,#DIV/0!,#DIV/0!,#DIV/0!,,,,,,,,,,,,,,,
,,,,,,,,,,,,,,,,,,,,,,,,,
,,,,,,,,,,,,,,,,,,,,,,,,,
,,,,,,,,,,,,,,,,,,,,,,,,,
,,,,,,,,,,,,,,,,,,,,,,,,,
,,,,,#DIV/0!,#DIV/0!,#DIV/0!,#DIV/0!,#DIV/0!,#DIV/0!,,,,,,,,,,,,,,,
,,,,,,,,,,,,,,,,,,,,,,,,,
,,,,,,,,,,,,,,,,,,,,,,,,,
,,,,,,,,,,,,,,,,,,,,,,,,,
,,,,,,,,,,,,,,,,,,,,,,,,,
,,,,,#DIV/0!,#DIV/0!,#DIV/0!,#DIV/0!,#DIV/0!,#DIV/0!,,,,,,,,,,,,,,,
,,,,,,,,,,,,,,,,,,,,,,,,,
,,,,,,,,,,,,,,,,,,,,,,,,,
,,,,,,,,,,,,,,,,,,,,,,,,,
,,,,,,,,,,,,,,,,,,,,,,,,,
,,,,,#DIV/0!,#DIV/0!,#DIV/0!,#DIV/0!,#DIV/0!,#DIV/0!,,,,,,,,,,,,,,,
,,,,,,,,,,,,,,,,,,,,,,,,,
,,,,,,,,,,,,,,,,,,,,,,,,,
,,,,,,,,,,,,,,,,,,,,,,,,,
,,,,,,,,,,,,,,,,,,,,,,,,,
,,,,,#DIV/0!,#DIV/0!,#DIV/0!,#DIV/0!,#DIV/0!,#DIV/0!,,,,,,,,,,,,,,,
,,,,,,,,,,,,,,,,,,,,,,,,,
,,,,,,,,,,,,,,,,,,,,,,,,,
,,,,,,,,,,,,,,,,,,,,,,,,,
,,,,,,,,,,,,,,,,,,,,,,,,,
,,,,,#DIV/0!,#DIV/0!,#DIV/0!,#DIV/0!,#DIV/0!,#DIV/0!,,,,,,,,,,,,,,,
,,,,,,,,,,,,,,,,,,,,,,,,,
,,,,,,,,,,,,,,,,,,,,,,,,,
,,,,,,,,,,,,,,,,,,,,,,,,,
,,,,,,,,,,,,,,,,,,,,,,,,,
,,,,,#DIV/0!,#DIV/0!,#DIV/0!,#DIV/0!,#DIV/0!,#DIV/0!,,,,,,,,,,,,,,,
,,,,,,,,,,,,,,,,,,,,,,,,,
,,,,,,,,,,,,,,,,,,,,,,,,,
,,,,,,,,,,,,,,,,,,,,,,,,,
,,,,,,,,,,,,,,,,,,,,,,,,,
,,,,,#DIV/0!,#DIV/0!,#DIV/0!,#DIV/0!,#DIV/0!,#DIV/0!,,,,,,,,,,,,,,,
,,,,,,,,,,,,,,,,,,,,,,,,,
,,,,,,,,,,,,,,,,,,,,,,,,,
,,,,,,,,,,,,,,,,,,,,,,,,,
,,,,,,,,,,,,,,,,,,,,,,,,,
,,,,,#DIV/0!,#DIV/0!,#DIV/0!,#DIV/0!,#DIV/0!,#DIV/0!,,,,,,,,,,,,,,,
,,,,,,,,,,,,,,,,,,,,,,,,,
,,,,,,,,,,,,,,,,,,,,,,,,,
,,,,,,,,,,,,,,,,,,,,,,,,,
,,,,,,,,,,,,,,,,,,,,,,,,,
,,,,,#DIV/0!,#DIV/0!,#DIV/0!,#DIV/0!,#DIV/0!,#DIV/0!,,,,,,,,,,,,,,,
,,,,,,,,,,,,,,,,,,,,,,,,,
,,,,,,,,,,,,,,,,,,,,,,,,,
,,,,,,,,,,,,,,,,,,,,,,,,,
,,,,,,,,,,,,,,,,,,,,,,,,,
,,,,,#DIV/0!,#DIV/0!,#DIV/0!,#DIV/0!,#DIV/0!,#DIV/0!,,,,,,,,,,,,,,,
,,,,,,,,,,,,,,,,,,,,,,,,,
,,,,,,,,,,,,,,,,,,,,,,,,,
,,,,,,,,,,,,,,,,,,,,,,,,,
,,,,,,,,,,,,,,,,,,,,,,,,,
,,,,,#DIV/0!,#DIV/0!,#DIV/0!,#DIV/0!,#DIV/0!,#DIV/0!,,,,,,,,,,,,,,,
,,,,,,,,,,,,,,,,,,,,,,,,,
,,,,,,,,,,,,,,,,,,,,,,,,,
,,,,,,,,,,,,,,,,,,,,,,,,,
,,,,,,,,,,,,,,,,,,,,,,,,,
,,,,,#DIV/0!,#DIV/0!,#DIV/0!,#DIV/0!,#DIV/0!,#DIV/0!,,,,,,,,,,,,,,,
,,,,,,,,,,,,,,,,,,,,,,,,,
,,,,,,,,,,,,,,,,,,,,,,,,,
,,,,,,,,,,,,,,,,,,,,,,,,,
,,,,,,,,,,,,,,,,,,,,,,,,,
,,,,,#DIV/0!,#DIV/0!,#DIV/0!,#DIV/0!,#DIV/0!,#DIV/0!,,,,,,,,,,,,,,,
,,,,,,,,,,,,,,,,,,,,,,,,,
,,,,,,,,,,,,,,,,,,,,,,,,,
,,,,,,,,,,,,,,,,,,,,,,,,,
,,,,,,,,,,,,,,,,,,,,,,,,,
,,,,,#DIV/0!,#DIV/0!,#DIV/0!,#DIV/0!,#DIV/0!,#DIV/0!,,,,,,,,,,,,,,,
,,,,,,,,,,,,,,,,,,,,,,,,,
,,,,,,,,,,,,,,,,,,,,,,,,,
,,,,,,,,,,,,,,,,,,,,,,,,,
,,,,,,,,,,,,,,,,,,,,,,,,,
,,,,,#DIV/0!,#DIV/0!,#DIV/0!,#DIV/0!,#DIV/0!,#DIV/0!,,,,,,,,,,,,,,,
,,,,,,,,,,,,,,,,,,,,,,,,,
,,,,,,,,,,,,,,,,,,,,,,,,,
,,,,,,,,,,,,,,,,,,,,,,,,,
,,,,,,,,,,,,,,,,,,,,,,,,,
,,,,,#DIV/0!,#DIV/0!,#DIV/0!,#DIV/0!,#DIV/0!,#DIV/0!,,,,,,,,,,,,,,,
,,,,,,,,,,,,,,,,,,,,,,,,,
,,,,,,,,,,,,,,,,,,,,,,,,,
,,,,,,,,,,,,,,,,,,,,,,,,,
,,,,,,,,,,,,,,,,,,,,,,,,,
,,,,,#DIV/0!,#DIV/0!,#DIV/0!,#DIV/0!,#DIV/0!,#DIV/0!,,,,,,,,,,,,,,,
,,,,,,,,,,,,,,,,,,,,,,,,,
,,,,,,,,,,,,,,,,,,,,,,,,,
,,,,,,,,,,,,,,,,,,,,,,,,,
,,,,,,,,,,,,,,,,,,,,,,,,,
,,,,,#DIV/0!,#DIV/0!,#DIV/0!,#DIV/0!,#DIV/0!,#DIV/0!,,,,,,,,,,,,,,,
,,,,,,,,,,,,,,,,,,,,,,,,,
,,,,,,,,,,,,,,,,,,,,,,,,,
,,,,,,,,,,,,,,,,,,,,,,,,,
,,,,,,,,,,,,,,,,,,,,,,,,,
,,,,,#DIV/0!,#DIV/0!,#DIV/0!,#DIV/0!,#DIV/0!,#DIV/0!,,,,,,,,,,,,,,,
,,,,,,,,,,,,,,,,,,,,,,,,,
,,,,,,,,,,,,,,,,,,,,,,,,,
,,,,,,,,,,,,,,,,,,,,,,,,,
,,,,,,,,,,,,,,,,,,,,,,,,,
,,,,,#DIV/0!,#DIV/0!,#DIV/0!,#DIV/0!,#DIV/0!,#DIV/0!,,,,,,,,,,,,,,,
,,,,,,,,,,,,,,,,,,,,,,,,,
,,,,,,,,,,,,,,,,,,,,,,,,,
,,,,,,,,,,,,,,,,,,,,,,,,,
,,,,,,,,,,,,,,,,,,,,,,,,,
,,,,,#DIV/0!,#DIV/0!,#DIV/0!,#DIV/0!,#DIV/0!,#DIV/0!,,,,,,,,,,,,,,,
,,,,,,,,,,,,,,,,,,,,,,,,,
,,,,,,,,,,,,,,,,,,,,,,,,,
,,,,,,,,,,,,,,,,,,,,,,,,,
,,,,,,,,,,,,,,,,,,,,,,,,,
,,,,,#DIV/0!,#DIV/0!,#DIV/0!,#DIV/0!,#DIV/0!,#DIV/0!,,,,,,,,,,,,,,,
,,,,,,,,,,,,,,,,,,,,,,,,,
,,,,,,,,,,,,,,,,,,,,,,,,,
,,,,,,,,,,,,,,,,,,,,,,,,,
,,,,,,,,,,,,,,,,,,,,,,,,,
,,,,,#DIV/0!,#DIV/0!,#DIV/0!,#DIV/0!,#DIV/0!,#DIV/0!,,,,,,,,,,,,,,,
,,,,,,,,,,,,,,,,,,,,,,,,,
,,,,,,,,,,,,,,,,,,,,,,,,,
,,,,,,,,,,,,,,,,,,,,,,,,,
,,,,,,,,,,,,,,,,,,,,,,,,,
,,,,,#DIV/0!,#DIV/0!,#DIV/0!,#DIV/0!,#DIV/0!,#DIV/0!,,,,,,,,,,,,,,,
,,,,,,,,,,,,,,,,,,,,,,,,,
,,,,,,,,,,,,,,,,,,,,,,,,,
,,,,,,,,,,,,,,,,,,,,,,,,,
,,,,,,,,,,,,,,,,,,,,,,,,,
,,,,,#DIV/0!,#DIV/0!,#DIV/0!,#DIV/0!,#DIV/0!,#DIV/0!,,,,,,,,,,,,,,,
,,,,,,,,,,,,,,,,,,,,,,,,,
,,,,,,,,,,,,,,,,,,,,,,,,,
,,,,,,,,,,,,,,,,,,,,,,,,,
,,,,,,,,,,,,,,,,,,,,,,,,,
,,,,,#DIV/0!,#DIV/0!,#DIV/0!,#DIV/0!,#DIV/0!,#DIV/0!,,,,,,,,,,,,,,,
,,,,,,,,,,,,,,,,,,,,,,,,,
,,,,,,,,,,,,,,,,,,,,,,,,,
,,,,,,,,,,,,,,,,,,,,,,,,,
,,,,,,,,,,,,,,,,,,,,,,,,,
,,,,,#DIV/0!,#DIV/0!,#DIV/0!,#DIV/0!,#DIV/0!,#DIV/0!,,,,,,,,,,,,,,,
,,,,,,,,,,,,,,,,,,,,,,,,,
,,,,,,,,,,,,,,,,,,,,,,,,,
,,,,,,,,,,,,,,,,,,,,,,,,,
,,,,,,,,,,,,,,,,,,,,,,,,,
,,,,,#DIV/0!,#DIV/0!,#DIV/0!,#DIV/0!,#DIV/0!,#DIV/0!,,,,,,,,,,,,,,,
,,,,,,,,,,,,,,,,,,,,,,,,,
,,,,,,,,,,,,,,,,,,,,,,,,,
,,,,,,,,,,,,,,,,,,,,,,,,,
,,,,,,,,,,,,,,,,,,,,,,,,,
,,,,,#DIV/0!,#DIV/0!,#DIV/0!,#DIV/0!,#DIV/0!,#DIV/0!,,,,,,,,,,,,,,,
,,,,,,,,,,,,,,,,,,,,,,,,,
,,,,,,,,,,,,,,,,,,,,,,,,,
,,,,,,,,,,,,,,,,,,,,,,,,,
,,,,,,,,,,,,,,,,,,,,,,,,,
,,,,,#DIV/0!,#DIV/0!,#DIV/0!,#DIV/0!,#DIV/0!,#DIV/0!,,,,,,,,,,,,,,,
,,,,,,,,,,,,,,,,,,,,,,,,,
,,,,,,,,,,,,,,,,,,,,,,,,,
,,,,,,,,,,,,,,,,,,,,,,,,,
,,,,,,,,,,,,,,,,,,,,,,,,,
,,,,,#DIV/0!,#DIV/0!,#DIV/0!,#DIV/0!,#DIV/0!,#DIV/0!,,,,,,,,,,,,,,,
,,,,,,,,,,,,,,,,,,,,,,,,,
,,,,,,,,,,,,,,,,,,,,,,,,,
,,,,,,,,,,,,,,,,,,,,,,,,,
,,,,,,,,,,,,,,,,,,,,,,,,,
,,,,,#DIV/0!,#DIV/0!,#DIV/0!,#DIV/0!,#DIV/0!,#DIV/0!,,,,,,,,,,,,,,,
,,,,,,,,,,,,,,,,,,,,,,,,,
,,,,,,,,,,,,,,,,,,,,,,,,,
,,,,,,,,,,,,,,,,,,,,,,,,,
,,,,,,,,,,,,,,,,,,,,,,,,,
,,,,,#DIV/0!,#DIV/0!,#DIV/0!,#DIV/0!,#DIV/0!,#DIV/0!,,,,,,,,,,,,,,,
,,,,,,,,,,,,,,,,,,,,,,,,,
,,,,,,,,,,,,,,,,,,,,,,,,,
,,,,,,,,,,,,,,,,,,,,,,,,,
,,,,,,,,,,,,,,,,,,,,,,,,,
,,,,,#DIV/0!,#DIV/0!,#DIV/0!,#DIV/0!,#DIV/0!,#DIV/0!,,,,,,,,,,,,,,,
,,,,,,,,,,,,,,,,,,,,,,,,,
,,,,,,,,,,,,,,,,,,,,,,,,,
,,,,,,,,,,,,,,,,,,,,,,,,,
,,,,,,,,,,,,,,,,,,,,,,,,,
,,,,,#DIV/0!,#DIV/0!,#DIV/0!,#DIV/0!,#DIV/0!,#DIV/0!,,,,,,,,,,,,,,,
,,,,,,,,,,,,,,,,,,,,,,,,,
,,,,,,,,,,,,,,,,,,,,,,,,,
,,,,,,,,,,,,,,,,,,,,,,,,,
,,,,,,,,,,,,,,,,,,,,,,,,,
,,,,,#DIV/0!,#DIV/0!,#DIV/0!,#DIV/0!,#DIV/0!,#DIV/0!,,,,,,,,,,,,,,,
,,,,,,,,,,,,,,,,,,,,,,,,,
,,,,,,,,,,,,,,,,,,,,,,,,,
,,,,,,,,,,,,,,,,,,,,,,,,,
,,,,,,,,,,,,,,,,,,,,,,,,,
,,,,,#DIV/0!,#DIV/0!,#DIV/0!,#DIV/0!,#DIV/0!,#DIV/0!,,,,,,,,,,,,,,,
,,,,,,,,,,,,,,,,,,,,,,,,,
,,,,,,,,,,,,,,,,,,,,,,,,,
,,,,,,,,,,,,,,,,,,,,,,,,,
,,,,,,,,,,,,,,,,,,,,,,,,,
,,,,,#DIV/0!,#DIV/0!,#DIV/0!,#DIV/0!,#DIV/0!,#DIV/0!,,,,,,,,,,,,,,,
,,,,,,,,,,,,,,,,,,,,,,,,,
,,,,,,,,,,,,,,,,,,,,,,,,,
,,,,,,,,,,,,,,,,,,,,,,,,,
,,,,,,,,,,,,,,,,,,,,,,,,,
,,,,,#DIV/0!,#DIV/0!,#DIV/0!,#DIV/0!,#DIV/0!,#DIV/0!,,,,,,,,,,,,,,,
,,,,,,,,,,,,,,,,,,,,,,,,,
,,,,,,,,,,,,,,,,,,,,,,,,,
,,,,,,,,,,,,,,,,,,,,,,,,,
,,,,,,,,,,,,,,,,,,,,,,,,,
,,,,,#DIV/0!,#DIV/0!,#DIV/0!,#DIV/0!,#DIV/0!,#DIV/0!,,,,,,,,,,,,,,,
,,,,,,,,,,,,,,,,,,,,,,,,,
,,,,,,,,,,,,,,,,,,,,,,,,,
,,,,,,,,,,,,,,,,,,,,,,,,,
,,,,,,,,,,,,,,,,,,,,,,,,,
,,,,,#DIV/0!,#DIV/0!,#DIV/0!,#DIV/0!,#DIV/0!,#DIV/0!,,,,,,,,,,,,,,,
,,,,,,,,,,,,,,,,,,,,,,,,,
,,,,,,,,,,,,,,,,,,,,,,,,,
,,,,,,,,,,,,,,,,,,,,,,,,,
,,,,,,,,,,,,,,,,,,,,,,,,,
,,,,,#DIV/0!,#DIV/0!,#DIV/0!,#DIV/0!,#DIV/0!,#DIV/0!,,,,,,,,,,,,,,,
,,,,,,,,,,,,,,,,,,,,,,,,,
,,,,,,,,,,,,,,,,,,,,,,,,,
,,,,,,,,,,,,,,,,,,,,,,,,,
,,,,,,,,,,,,,,,,,,,,,,,,,
,,,,,#DIV/0!,#DIV/0!,#DIV/0!,#DIV/0!,#DIV/0!,#DIV/0!,,,,,,,,,,,,,,,
,,,,,,,,,,,,,,,,,,,,,,,,,
,,,,,,,,,,,,,,,,,,,,,,,,,
,,,,,,,,,,,,,,,,,,,,,,,,,
,,,,,,,,,,,,,,,,,,,,,,,,,
,,,,,#DIV/0!,#DIV/0!,#DIV/0!,#DIV/0!,#DIV/0!,#DIV/0!,,,,,,,,,,,,,,,
,,,,,,,,,,,,,,,,,,,,,,,,,
,,,,,,,,,,,,,,,,,,,,,,,,,
,,,,,,,,,,,,,,,,,,,,,,,,,
,,,,,,,,,,,,,,,,,,,,,,,,,
,,,,,#DIV/0!,#DIV/0!,#DIV/0!,#DIV/0!,#DIV/0!,#DIV/0!,,,,,,,,,,,,,,,
,,,,,,,,,,,,,,,,,,,,,,,,,
,,,,,,,,,,,,,,,,,,,,,,,,,
,,,,,,,,,,,,,,,,,,,,,,,,,
,,,,,,,,,,,,,,,,,,,,,,,,,
,,,,,#DIV/0!,#DIV/0!,#DIV/0!,#DIV/0!,#DIV/0!,#DIV/0!,,,,,,,,,,,,,,,
,,,,,,,,,,,,,,,,,,,,,,,,,
,,,,,,,,,,,,,,,,,,,,,,,,,
,,,,,,,,,,,,,,,,,,,,,,,,,
,,,,,,,,,,,,,,,,,,,,,,,,,
,,,,,#DIV/0!,#DIV/0!,#DIV/0!,#DIV/0!,#DIV/0!,#DIV/0!,,,,,,,,,,,,,,,
,,,,,,,,,,,,,,,,,,,,,,,,,
,,,,,,,,,,,,,,,,,,,,,,,,,
,,,,,,,,,,,,,,,,,,,,,,,,,
,,,,,,,,,,,,,,,,,,,,,,,,,
,,,,,#DIV/0!,#DIV/0!,#DIV/0!,#DIV/0!,#DIV/0!,#DIV/0!,,,,,,,,,,,,,,,
,,,,,,,,,,,,,,,,,,,,,,,,,
,,,,,,,,,,,,,,,,,,,,,,,,,
,,,,,,,,,,,,,,,,,,,,,,,,,
,,,,,,,,,,,,,,,,,,,,,,,,,
,,,,,#DIV/0!,#DIV/0!,#DIV/0!,#DIV/0!,#DIV/0!,#DIV/0!,,,,,,,,,,,,,,,
,,,,,,,,,,,,,,,,,,,,,,,,,
,,,,,,,,,,,,,,,,,,,,,,,,,
,,,,,,,,,,,,,,,,,,,,,,,,,
,,,,,,,,,,,,,,,,,,,,,,,,,
,,,,,#DIV/0!,#DIV/0!,#DIV/0!,#DIV/0!,#DIV/0!,#DIV/0!,,,,,,,,,,,,,,,
,,,,,,,,,,,,,,,,,,,,,,,,,
,,,,,,,,,,,,,,,,,,,,,,,,,
,,,,,,,,,,,,,,,,,,,,,,,,,
,,,,,,,,,,,,,,,,,,,,,,,,,
,,,,,#DIV/0!,#DIV/0!,#DIV/0!,#DIV/0!,#DIV/0!,#DIV/0!,,,,,,,,,,,,,,,
,,,,,,,,,,,,,,,,,,,,,,,,,
,,,,,,,,,,,,,,,,,,,,,,,,,
,,,,,,,,,,,,,,,,,,,,,,,,,
,,,,,,,,,,,,,,,,,,,,,,,,,
,,,,,#DIV/0!,#DIV/0!,#DIV/0!,#DIV/0!,#DIV/0!,#DIV/0!,,,,,,,,,,,,,,,
,,,,,,,,,,,,,,,,,,,,,,,,,
,,,,,,,,,,,,,,,,,,,,,,,,,
,,,,,,,,,,,,,,,,,,,,,,,,,
,,,,,,,,,,,,,,,,,,,,,,,,,
,,,,,#DIV/0!,#DIV/0!,#DIV/0!,#DIV/0!,#DIV/0!,#DIV/0!,,,,,,,,,,,,,,,
,,,,,,,,,,,,,,,,,,,,,,,,,
,,,,,,,,,,,,,,,,,,,,,,,,,
,,,,,,,,,,,,,,,,,,,,,,,,,
,,,,,,,,,,,,,,,,,,,,,,,,,
,,,,,#DIV/0!,#DIV/0!,#DIV/0!,#DIV/0!,#DIV/0!,#DIV/0!,,,,,,,,,,,,,,,
,,,,,,,,,,,,,,,,,,,,,,,,,
,,,,,,,,,,,,,,,,,,,,,,,,,
,,,,,,,,,,,,,,,,,,,,,,,,,
,,,,,,,,,,,,,,,,,,,,,,,,,
,,,,,#DIV/0!,#DIV/0!,#DIV/0!,#DIV/0!,#DIV/0!,#DIV/0!,,,,,,,,,,,,,,,
,,,,,,,,,,,,,,,,,,,,,,,,,
,,,,,,,,,,,,,,,,,,,,,,,,,
,,,,,,,,,,,,,,,,,,,,,,,,,
,,,,,,,,,,,,,,,,,,,,,,,,,
,,,,,#DIV/0!,#DIV/0!,#DIV/0!,#DIV/0!,#DIV/0!,#DIV/0!,,,,,,,,,,,,,,,
,,,,,,,,,,,,,,,,,,,,,,,,,
,,,,,,,,,,,,,,,,,,,,,,,,,
,,,,,,,,,,,,,,,,,,,,,,,,,
,,,,,,,,,,,,,,,,,,,,,,,,,
,,,,,#DIV/0!,#DIV/0!,#DIV/0!,#DIV/0!,#DIV/0!,#DIV/0!,,,,,,,,,,,,,,,
,,,,,,,,,,,,,,,,,,,,,,,,,
,,,,,,,,,,,,,,,,,,,,,,,,,
,,,,,,,,,,,,,,,,,,,,,,,,,
,,,,,,,,,,,,,,,,,,,,,,,,,
,,,,,#DIV/0!,#DIV/0!,#DIV/0!,#DIV/0!,#DIV/0!,#DIV/0!,,,,,,,,,,,,,,,
,,,,,,,,,,,,,,,,,,,,,,,,,
,,,,,,,,,,,,,,,,,,,,,,,,,
,,,,,,,,,,,,,,,,,,,,,,,,,
,,,,,,,,,,,,,,,,,,,,,,,,,
,,,,,#DIV/0!,#DIV/0!,#DIV/0!,#DIV/0!,#DIV/0!,#DIV/0!,,,,,,,,,,,,,,,
,,,,,,,,,,,,,,,,,,,,,,,,,
,,,,,,,,,,,,,,,,,,,,,,,,,
,,,,,,,,,,,,,,,,,,,,,,,,,
,,,,,,,,,,,,,,,,,,,,,,,,,
,,,,,#DIV/0!,#DIV/0!,#DIV/0!,#DIV/0!,#DIV/0!,#DIV/0!,,,,,,,,,,,,,,,
,,,,,,,,,,,,,,,,,,,,,,,,,
,,,,,,,,,,,,,,,,,,,,,,,,,
,,,,,,,,,,,,,,,,,,,,,,,,,
,,,,,,,,,,,,,,,,,,,,,,,,,
,,,,,#DIV/0!,#DIV/0!,#DIV/0!,#DIV/0!,#DIV/0!,#DIV/0!,,,,,,,,,,,,,,,
,,,,,,,,,,,,,,,,,,,,,,,,,
,,,,,,,,,,,,,,,,,,,,,,,,,
,,,,,,,,,,,,,,,,,,,,,,,,,
,,,,,,,,,,,,,,,,,,,,,,,,,
,,,,,#DIV/0!,#DIV/0!,#DIV/0!,#DIV/0!,#DIV/0!,#DIV/0!,,,,,,,,,,,,,,,
,,,,,,,,,,,,,,,,,,,,,,,,,
,,,,,,,,,,,,,,,,,,,,,,,,,
,,,,,,,,,,,,,,,,,,,,,,,,,
,,,,,,,,,,,,,,,,,,,,,,,,,
,,,,,#DIV/0!,#DIV/0!,#DIV/0!,#DIV/0!,#DIV/0!,#DIV/0!,,,,,,,,,,,,,,,
,,,,,,,,,,,,,,,,,,,,,,,,,
,,,,,,,,,,,,,,,,,,,,,,,,,
,,,,,,,,,,,,,,,,,,,,,,,,,
,,,,,,,,,,,,,,,,,,,,,,,,,
,,,,,#DIV/0!,#DIV/0!,#DIV/0!,#DIV/0!,#DIV/0!,#DIV/0!,,,,,,,,,,,,,,,
,,,,,,,,,,,,,,,,,,,,,,,,,
,,,,,,,,,,,,,,,,,,,,,,,,,
,,,,,,,,,,,,,,,,,,,,,,,,,
,,,,,,,,,,,,,,,,,,,,,,,,,
,,,,,#DIV/0!,#DIV/0!,#DIV/0!,#DIV/0!,#DIV/0!,#DIV/0!,,,,,,,,,,,,,,,
,,,,,,,,,,,,,,,,,,,,,,,,,
,,,,,,,,,,,,,,,,,,,,,,,,,
,,,,,,,,,,,,,,,,,,,,,,,,,
,,,,,,,,,,,,,,,,,,,,,,,,,
,,,,,#DIV/0!,#DIV/0!,#DIV/0!,#DIV/0!,#DIV/0!,#DIV/0!,,,,,,,,,,,,,,,
,,,,,,,,,,,,,,,,,,,,,,,,,
,,,,,,,,,,,,,,,,,,,,,,,,,
,,,,,,,,,,,,,,,,,,,,,,,,,
,,,,,,,,,,,,,,,,,,,,,,,,,
,,,,,#DIV/0!,#DIV/0!,#DIV/0!,#DIV/0!,#DIV/0!,#DIV/0!,,,,,,,,,,,,,,,
,,,,,,,,,,,,,,,,,,,,,,,,,
,,,,,,,,,,,,,,,,,,,,,,,,,
,,,,,,,,,,,,,,,,,,,,,,,,,
,,,,,,,,,,,,,,,,,,,,,,,,,
,,,,,#DIV/0!,#DIV/0!,#DIV/0!,#DIV/0!,#DIV/0!,#DIV/0!,,,,,,,,,,,,,,,
,,,,,,,,,,,,,,,,,,,,,,,,,
,,,,,,,,,,,,,,,,,,,,,,,,,
,,,,,,,,,,,,,,,,,,,,,,,,,
,,,,,,,,,,,,,,,,,,,,,,,,,
,,,,,#DIV/0!,#DIV/0!,#DIV/0!,#DIV/0!,#DIV/0!,#DIV/0!,,,,,,,,,,,,,,,
,,,,,,,,,,,,,,,,,,,,,,,,,
,,,,,,,,,,,,,,,,,,,,,,,,,
,,,,,,,,,,,,,,,,,,,,,,,,,
,,,,,,,,,,,,,,,,,,,,,,,,,
,,,,,#DIV/0!,#DIV/0!,#DIV/0!,#DIV/0!,#DIV/0!,#DIV/0!,,,,,,,,,,,,,,,
,,,,,,,,,,,,,,,,,,,,,,,,,
,,,,,,,,,,,,,,,,,,,,,,,,,
,,,,,,,,,,,,,,,,,,,,,,,,,
,,,,,,,,,,,,,,,,,,,,,,,,,
,,,,,#DIV/0!,#DIV/0!,#DIV/0!,#DIV/0!,#DIV/0!,#DIV/0!,,,,,,,,,,,,,,,
,,,,,,,,,,,,,,,,,,,,,,,,,
,,,,,,,,,,,,,,,,,,,,,,,,,
,,,,,,,,,,,,,,,,,,,,,,,,,
,,,,,,,,,,,,,,,,,,,,,,,,,
,,,,,#DIV/0!,#DIV/0!,#DIV/0!,#DIV/0!,#DIV/0!,#DIV/0!,,,,,,,,,,,,,,,
,,,,,,,,,,,,,,,,,,,,,,,,,
,,,,,,,,,,,,,,,,,,,,,,,,,
,,,,,,,,,,,,,,,,,,,,,,,,,
,,,,,,,,,,,,,,,,,,,,,,,,,
,,,,,#DIV/0!,#DIV/0!,#DIV/0!,#DIV/0!,#DIV/0!,#DIV/0!,,,,,,,,,,,,,,,
,,,,,,,,,,,,,,,,,,,,,,,,,
,,,,,,,,,,,,,,,,,,,,,,,,,
,,,,,,,,,,,,,,,,,,,,,,,,,
,,,,,,,,,,,,,,,,,,,,,,,,,
,,,,,#DIV/0!,#DIV/0!,#DIV/0!,#DIV/0!,#DIV/0!,#DIV/0!,,,,,,,,,,,,,,,
,,,,,,,,,,,,,,,,,,,,,,,,,
,,,,,,,,,,,,,,,,,,,,,,,,,
,,,,,,,,,,,,,,,,,,,,,,,,,
,,,,,,,,,,,,,,,,,,,,,,,,,
,,,,,#DIV/0!,#DIV/0!,#DIV/0!,#DIV/0!,#DIV/0!,#DIV/0!,,,,,,,,,,,,,,,
,,,,,,,,,,,,,,,,,,,,,,,,,
,,,,,,,,,,,,,,,,,,,,,,,,,
,,,,,,,,,,,,,,,,,,,,,,,,,
,,,,,,,,,,,,,,,,,,,,,,,,,
,,,,,#DIV/0!,#DIV/0!,#DIV/0!,#DIV/0!,#DIV/0!,#DIV/0!,,,,,,,,,,,,,,,
,,,,,,,,,,,,,,,,,,,,,,,,,
,,,,,,,,,,,,,,,,,,,,,,,,,
,,,,,,,,,,,,,,,,,,,,,,,,,
,,,,,,,,,,,,,,,,,,,,,,,,,
,,,,,#DIV/0!,#DIV/0!,#DIV/0!,#DIV/0!,#DIV/0!,#DIV/0!,,,,,,,,,,,,,,,
,,,,,,,,,,,,,,,,,,,,,,,,,
,,,,,,,,,,,,,,,,,,,,,,,,,
,,,,,,,,,,,,,,,,,,,,,,,,,
,,,,,,,,,,,,,,,,,,,,,,,,,
,,,,,#DIV/0!,#DIV/0!,#DIV/0!,#DIV/0!,#DIV/0!,#DIV/0!,,,,,,,,,,,,,,,
,,,,,,,,,,,,,,,,,,,,,,,,,
,,,,,,,,,,,,,,,,,,,,,,,,,
,,,,,,,,,,,,,,,,,,,,,,,,,
,,,,,,,,,,,,,,,,,,,,,,,,,
,,,,,#DIV/0!,#DIV/0!,#DIV/0!,#DIV/0!,#DIV/0!,#DIV/0!,,,,,,,,,,,,,,,
,,,,,,,,,,,,,,,,,,,,,,,,,
,,,,,,,,,,,,,,,,,,,,,,,,,
,,,,,,,,,,,,,,,,,,,,,,,,,
,,,,,,,,,,,,,,,,,,,,,,,,,
,,,,,#DIV/0!,#DIV/0!,#DIV/0!,#DIV/0!,#DIV/0!,#DIV/0!,,,,,,,,,,,,,,,
,,,,,,,,,,,,,,,,,,,,,,,,,
,,,,,,,,,,,,,,,,,,,,,,,,,
,,,,,,,,,,,,,,,,,,,,,,,,,
,,,,,,,,,,,,,,,,,,,,,,,,,
,,,,,#DIV/0!,#DIV/0!,#DIV/0!,#DIV/0!,#DIV/0!,#DIV/0!,,,,,,,,,,,,,,,
,,,,,,,,,,,,,,,,,,,,,,,,,
,,,,,,,,,,,,,,,,,,,,,,,,,
,,,,,,,,,,,,,,,,,,,,,,,,,
,,,,,,,,,,,,,,,,,,,,,,,,,
,,,,,#DIV/0!,#DIV/0!,#DIV/0!,#DIV/0!,#DIV/0!,#DIV/0!,,,,,,,,,,,,,,,
,,,,,,,,,,,,,,,,,,,,,,,,,
,,,,,,,,,,,,,,,,,,,,,,,,,
,,,,,,,,,,,,,,,,,,,,,,,,,
,,,,,,,,,,,,,,,,,,,,,,,,,
,,,,,#DIV/0!,#DIV/0!,#DIV/0!,#DIV/0!,#DIV/0!,#DIV/0!,,,,,,,,,,,,,,,
,,,,,,,,,,,,,,,,,,,,,,,,,
,,,,,,,,,,,,,,,,,,,,,,,,,
,,,,,,,,,,,,,,,,,,,,,,,,,
,,,,,,,,,,,,,,,,,,,,,,,,,
,,,,,#DIV/0!,#DIV/0!,#DIV/0!,#DIV/0!,#DIV/0!,#DIV/0!,,,,,,,,,,,,,,,
,,,,,,,,,,,,,,,,,,,,,,,,,
,,,,,,,,,,,,,,,,,,,,,,,,,
,,,,,,,,,,,,,,,,,,,,,,,,,
,,,,,,,,,,,,,,,,,,,,,,,,,
,,,,,#DIV/0!,#DIV/0!,#DIV/0!,#DIV/0!,#DIV/0!,#DIV/0!,,,,,,,,,,,,,,,
,,,,,,,,,,,,,,,,,,,,,,,,,
,,,,,,,,,,,,,,,,,,,,,,,,,
,,,,,,,,,,,,,,,,,,,,,,,,,
,,,,,,,,,,,,,,,,,,,,,,,,,
,,,,,#DIV/0!,#DIV/0!,#DIV/0!,#DIV/0!,#DIV/0!,#DIV/0!,,,,,,,,,,,,,,,
,,,,,,,,,,,,,,,,,,,,,,,,,
,,,,,,,,,,,,,,,,,,,,,,,,,
,,,,,,,,,,,,,,,,,,,,,,,,,
,,,,,,,,,,,,,,,,,,,,,,,,,
,,,,,#DIV/0!,#DIV/0!,#DIV/0!,#DIV/0!,#DIV/0!,#DIV/0!,,,,,,,,,,,,,,,
,,,,,,,,,,,,,,,,,,,,,,,,,
,,,,,,,,,,,,,,,,,,,,,,,,,
,,,,,,,,,,,,,,,,,,,,,,,,,
,,,,,,,,,,,,,,,,,,,,,,,,,
,,,,,#DIV/0!,#DIV/0!,#DIV/0!,#DIV/0!,#DIV/0!,#DIV/0!,,,,,,,,,,,,,,,
,,,,,,,,,,,,,,,,,,,,,,,,,
,,,,,,,,,,,,,,,,,,,,,,,,,
,,,,,,,,,,,,,,,,,,,,,,,,,
,,,,,,,,,,,,,,,,,,,,,,,,,
,,,,,#DIV/0!,#DIV/0!,#DIV/0!,#DIV/0!,#DIV/0!,#DIV/0!,,,,,,,,,,,,,,,