epoch,mode,loss
1,train,0.19087662359680793
1,val,0.18878715515136718
2,train,0.19033957972671045
2,val,0.18827468872070313
3,train,0.18980991479122278
3,val,0.18776432037353516
4,train,0.18928267739035867
4,val,0.18726110458374023
5,train,0.18876170148753157
5,val,0.1867613410949707
6,train,0.18824465587885694
6,val,0.18626495361328124
7,train,0.18773223414565576
7,val,0.185771427154541
8,train,0.18722399316652857
8,val,0.1852802276611328
9,train,0.1867174283422605
9,val,0.18479280471801757
10,train,0.18621471674755366
10,val,0.18430482864379882
11,train,0.1857140666306621
11,val,0.18381805419921876
12,train,0.18521516973322089
12,val,0.18333335876464843
13,train,0.18471833431359494
13,val,0.1828470230102539
14,train,0.18422265486283737
14,val,0.18236068725585938
15,train,0.18372739926733153
15,val,0.18187402725219726
16,train,0.18323229780100814
16,val,0.1813861083984375
17,train,0.1827367917455808
17,val,0.1808958625793457
18,train,0.1822397829306246
18,val,0.1804056167602539
19,train,0.18174206126819958
19,val,0.17991348266601562
20,train,0.18124241299099392
20,val,0.17941818237304688
21,train,0.1807416087449199
21,val,0.1789227294921875
22,train,0.18023939807005604
22,val,0.17842401504516603
23,train,0.1797336038917002
23,val,0.17792152404785155
24,train,0.17922465006510416
24,val,0.17741756439208983
25,train,0.1787137310914319
25,val,0.17690879821777344
26,train,0.1781986698959813
26,val,0.1763950538635254
27,train,0.17767744353323273
27,val,0.17587709426879883
28,train,0.17715348137749565
28,val,0.17535423278808593
29,train,0.17662501094317196
29,val,0.1748249626159668
30,train,0.17609224415788746
30,val,0.17429424285888673
31,train,0.17555620212747594
31,val,0.17375850677490234
32,train,0.1750160949398773
32,val,0.17321590423583985
33,train,0.17447009231104996
33,val,0.17266714096069335
34,train,0.1739193694760101
34,val,0.17211057662963866
35,train,0.1733606319234829
35,val,0.1715481948852539
36,train,0.1727964613172743
36,val,0.17097900390625
37,train,0.1722269154558278
37,val,0.17040477752685546
38,train,0.17165170534692628
38,val,0.169822998046875
39,train,0.17106867318201546
39,val,0.16923181533813478
40,train,0.17047779969494753
40,val,0.16863618850708006
41,train,0.16988033718532985
41,val,0.16802968978881835
42,train,0.16927453243371213
42,val,0.1674150848388672
43,train,0.16866079002919823
43,val,0.16679290771484376
44,train,0.16804009254532631
44,val,0.1661589813232422
45,train,0.16740924180156053
45,val,0.16551708221435546
46,train,0.16677249561656604
46,val,0.16486692428588867
47,train,0.16612788884326665
47,val,0.16420602798461914
48,train,0.16547305174548216
48,val,0.16353801727294923
49,train,0.1648102191963581
49,val,0.16285717010498046
50,train,0.1641366168706104
50,val,0.16216802597045898
51,train,0.1634552117550012
51,val,0.16146896362304688
52,train,0.16276403870245423
52,val,0.16076045989990234
53,train,0.1620642536818379
53,val,0.16004249572753906
54,train,0.16135490301883582
54,val,0.15931482315063478
55,train,0.16063757617064198
55,val,0.15857977867126466
56,train,0.15991120386605312
56,val,0.1578349018096924
57,train,0.15917581500429095
57,val,0.15707781791687012
58,train,0.15842972379742246
58,val,0.15631166458129883
59,train,0.1576746449326024
59,val,0.15553678512573244
60,train,0.15691071327286538
60,val,0.1547530174255371
61,train,0.15613868983104975
61,val,0.15396018028259278
62,train,0.1553565998270054
62,val,0.153156099319458
63,train,0.15456603271792632
63,val,0.15234437942504883
64,train,0.15376553390965317
64,val,0.151521520614624
65,train,0.15295602817728063
65,val,0.15069423675537108
66,train,0.1521400490192452
66,val,0.1498589038848877
67,train,0.15131440788808495
67,val,0.14901490211486818
68,train,0.15048307361024799
68,val,0.14816207885742189
69,train,0.1496435704857412
69,val,0.14730329513549806
70,train,0.14879796962545375
70,val,0.1464383602142334
71,train,0.14794480680215238
71,val,0.1455716896057129
72,train,0.14709089259908656
72,val,0.14469532966613768
73,train,0.14622821229876895
73,val,0.14381921768188477
74,train,0.14536407740429194
74,val,0.14293797492980956
75,train,0.1444963782724708
75,val,0.14205471992492677
76,train,0.14362305342549025
76,val,0.1411716651916504
77,train,0.14274954555010555
77,val,0.1402873992919922
78,train,0.14187422665682706
78,val,0.13940390586853027
79,train,0.14100072841451625
79,val,0.13852021217346192
80,train,0.14012592970722854
80,val,0.13763849258422853
81,train,0.13925412688592467
81,val,0.13675623893737793
82,train,0.13838293094827672
82,val,0.13588333129882812
83,train,0.13752202313355724
83,val,0.1350143814086914
84,train,0.13666245431611032
84,val,0.13415153503417968
85,train,0.13580991764261266
85,val,0.13329360008239746
86,train,0.13496099337182862
86,val,0.13244640350341796
87,train,0.1341216540095782
87,val,0.1316080379486084
88,train,0.13328914449672508
88,val,0.13077707290649415
89,train,0.1324665377838443
89,val,0.12996017456054687
90,train,0.13165554855809067
90,val,0.12915481567382814
91,train,0.13085740985292377
91,val,0.12836077690124512
92,train,0.13007141845394868
92,val,0.127581787109375
93,train,0.12929872069695983
93,val,0.1268165397644043
94,train,0.12854112759985106
94,val,0.12606318473815917
95,train,0.12779782998441447
95,val,0.12532730102539064
96,train,0.12707036914247455
96,val,0.12460412979125976
97,train,0.12635715561683733
97,val,0.12389811515808105
98,train,0.12566215823395083
98,val,0.12320941925048828
99,train,0.12498311322144788
99,val,0.12253663063049317
100,train,0.12432258297698666
100,val,0.12188352584838867
101,train,0.12367853492197364
101,val,0.12124626159667969
102,train,0.12305173006924716
102,val,0.12062886238098144
103,train,0.12244450925576567
103,val,0.12002901077270507
104,train,0.12185626559787327
104,val,0.11944333076477051
105,train,0.121283714217369
105,val,0.118878173828125
106,train,0.12073028448856238
106,val,0.11833105087280274
107,train,0.12019468557955039
107,val,0.11779911994934082
108,train,0.11967494271018288
108,val,0.1172861099243164
109,train,0.11917351231430516
109,val,0.11678962707519532
110,train,0.11868922878997494
110,val,0.11631446838378906
111,train,0.11822361416286892
111,val,0.11585294723510742
112,train,0.11777290190109099
112,val,0.11540968894958496
113,train,0.11734023238673355
113,val,0.11498292922973632
114,train,0.11692351524275962
114,val,0.11457117080688477
115,train,0.11652119954427083
115,val,0.11417681694030762
116,train,0.11613465318776141
116,val,0.11379801750183105
117,train,0.11576324039035374
117,val,0.11343403816223145
118,train,0.11540548729174065
118,val,0.11308423042297364
119,train,0.11506183701332169
119,val,0.1127471923828125
120,train,0.11473131661463265
120,val,0.11242381095886231
121,train,0.11441396462796914
121,val,0.11211586952209472
122,train,0.11410941499652284
122,val,0.11181953430175781
123,train,0.11381794707943695
123,val,0.11153413772583008
124,train,0.113536921414462
124,val,0.11126118659973144
125,train,0.11326667515918462
125,val,0.11100065231323242
126,train,0.11300904823072029
126,val,0.11074790000915527
127,train,0.11275971537888652
127,val,0.1105078125
128,train,0.1125217399211845
128,val,0.11027900695800781
129,train,0.11229280991987749
129,val,0.11005815505981445
130,train,0.11207371528702553
130,val,0.10984685897827148
131,train,0.11186179729423137
131,val,0.1096445655822754
132,train,0.1116600903597745
132,val,0.10944968223571777
133,train,0.11146477978638929
133,val,0.10926558494567871
134,train,0.11127878439546836
134,val,0.1090854549407959
135,train,0.11109858811503709
135,val,0.10891481399536133
136,train,0.11092620425754124
136,val,0.10874944686889648
137,train,0.11075897409458353
137,val,0.10859350204467773
138,train,0.11059980681448271
138,val,0.10844204902648925
139,train,0.11044673727016256
139,val,0.10829814910888672
140,train,0.11029923564255839
140,val,0.10815853118896485
141,train,0.11015663724957091
141,val,0.10802618026733399
142,train,0.1100199246647382
142,val,0.10789692878723145
143,train,0.10988774925771386
143,val,0.10777379989624024
144,train,0.1097605156176018
144,val,0.10765652656555176
145,train,0.10963785768759371
145,val,0.10754123687744141
146,train,0.10951870619648635
146,val,0.10743270874023438
147,train,0.10940362949563999
147,val,0.10732676506042481
148,train,0.10929348492863203
148,val,0.10722550392150879
149,train,0.10918531514177418
149,val,0.1071284294128418
150,train,0.10908236648097183
150,val,0.1070324420928955
151,train,0.10898175865712792
151,val,0.10694215774536132
152,train,0.10888412745312007
152,val,0.10685619354248047
153,train,0.10878968479657414
153,val,0.10677175521850586
154,train,0.10869791050149936
154,val,0.10669086456298828
155,train,0.10860985457295119
155,val,0.10661129951477051
156,train,0.10852338810159702
156,val,0.10653736114501954
157,train,0.10843926246720131
157,val,0.10646303176879883
158,train,0.10835651436237374
158,val,0.1063915729522705
159,train,0.10827771581784644
159,val,0.10632311820983886
160,train,0.10819986131456164
160,val,0.10625709533691406
161,train,0.10812465590660018
161,val,0.10619318008422851
162,train,0.10805112665349786
162,val,0.1061303424835205
163,train,0.10797910979299834
163,val,0.10606955528259278
164,train,0.10790848009514087
164,val,0.10601144790649414
165,train,0.10784058619027186
165,val,0.10595479965209961
166,train,0.10777338586672387
166,val,0.10589892387390137
167,train,0.10770788096418285
167,val,0.1058455753326416
168,train,0.10764332010288431
168,val,0.10579462051391601
169,train,0.1075806858563664
169,val,0.10574332237243653
170,train,0.10751877409039122
170,val,0.10569348335266113
171,train,0.10745837471701881
171,val,0.10564621925354004
172,train,0.1073988326872238
172,val,0.10559934616088867
173,train,0.10734009983563664
173,val,0.10555295944213867
174,train,0.1072836114902689
174,val,0.1055100154876709
175,train,0.1072275855324485
175,val,0.10546650886535644
176,train,0.10717206049447107
176,val,0.10542469024658203
177,train,0.10711746986466225
177,val,0.10538283348083496
178,train,0.10706354391695273
178,val,0.10534323692321777
179,train,0.10701120742643723
179,val,0.10530469894409179
180,train,0.10695897689973465
180,val,0.10526521682739258
181,train,0.10690785417653094
181,val,0.10522833824157715
182,train,0.1068570204455443
182,val,0.10519155502319336
183,train,0.10680701515891335
183,val,0.10515672683715821
184,train,0.10675846446644176
184,val,0.10512166023254395
185,train,0.10670940322105331
185,val,0.10508658409118653
186,train,0.10666119931924223
186,val,0.10505400657653809
187,train,0.10661436331392539
187,val,0.10502026557922363
188,train,0.10656698785646997
188,val,0.10498807907104492
189,train,0.10652011331885752
189,val,0.1049560546875
190,train,0.10647416355633976
190,val,0.10492629051208496
191,train,0.10642862801599984
191,val,0.10489559173583984
192,train,0.1063836319277985
192,val,0.10486659049987793
193,train,0.10633905969484887
193,val,0.10483529090881348
194,train,0.10629402507435191
194,val,0.10480708122253418
195,train,0.10624962623673256
195,val,0.10477835655212403
196,train,0.10620621960572522
196,val,0.10475067138671874
197,train,0.1061634680237433
197,val,0.10472169876098633
198,train,0.1061205334133572
198,val,0.10469571113586426
199,train,0.10607810935588798
199,val,0.10466880798339843
200,train,0.10603538667312776
200,val,0.10464291572570801
201,train,0.10599370436234908
201,val,0.10461712837219238
202,train,0.105952060583866
202,val,0.10459120750427246
203,train,0.10591039753923512
203,val,0.10456703186035156
204,train,0.105870150556468
204,val,0.10454130172729492
205,train,0.10582889210094105
205,val,0.10451690673828125
206,train,0.10578862585202613
206,val,0.10449277877807617
207,train,0.105747482993386
207,val,0.10446882247924805
208,train,0.10570686032073666
208,val,0.10444575309753418
209,train,0.10566734545158618
209,val,0.1044230556488037
210,train,0.10562749342484908
210,val,0.10439810752868653
211,train,0.10558733313974708
211,val,0.10437616348266601
212,train,0.10554808799666587
212,val,0.10435324668884277
213,train,0.10550911257965397
213,val,0.10433218955993652
214,train,0.1054693761498037
214,val,0.10430906295776367
215,train,0.10542996724446614
215,val,0.1042870044708252
216,train,0.10539125192044961
216,val,0.10426576614379883
217,train,0.10535185264818596
217,val,0.10424443244934083
218,train,0.1053127520012133
218,val,0.10422295570373535
219,train,0.10527477842388731
219,val,0.10420146942138672
220,train,0.10523577410765368
220,val,0.10418174743652343
221,train,0.10519727071126302
221,val,0.10416023254394531
222,train,0.1051588925448331
222,val,0.1041411304473877
223,train,0.10512054327762488
223,val,0.10411934852600098
224,train,0.10508203988123421
224,val,0.10409953117370606
225,train,0.10504393144087358
225,val,0.10407913208007813
226,train,0.10500578446821733
226,val,0.10405900001525879
227,train,0.10496788795548256
227,val,0.10403778076171875
228,train,0.1049297217166785
228,val,0.10401932716369629
229,train,0.10489185410316544
229,val,0.1039998722076416
230,train,0.10485351446903113
230,val,0.10398008346557618
231,train,0.10481581061777442
231,val,0.10396089553833007
232,train,0.1047786943840258
232,val,0.10394209861755371
233,train,0.10474055704444346
233,val,0.10392213821411132
234,train,0.10470307475388652
234,val,0.10390317916870118
235,train,0.1046653227372603
235,val,0.10388489723205567
236,train,0.10462818723736388
236,val,0.10386512756347656
237,train,0.1045909072413589
237,val,0.1038463306427002
238,train,0.10455329972084122
238,val,0.10382851600646972
239,train,0.10451538394195865
239,val,0.10380961418151856
240,train,0.10447842183739248
240,val,0.10379056930541992
241,train,0.10444109367601799
241,val,0.10377252578735352
242,train,0.10440405450686059
242,val,0.10375460624694824
243,train,0.1043667070793383
243,val,0.10373661041259766
244,train,0.1043296293778853
244,val,0.10371734619140625
245,train,0.10429205075658933
245,val,0.10370022773742676
246,train,0.10425482855902778
246,val,0.10368294715881347
247,train,0.10421734626847085
247,val,0.1036644458770752
248,train,0.1041804901277176
248,val,0.1036467456817627
249,train,0.10414263214727845
249,val,0.10362874031066895
250,train,0.10410599756722498
250,val,0.10361141204833985
251,train,0.1040686597727766
251,val,0.10359418869018555
252,train,0.10403177473280165
252,val,0.10357645988464355
253,train,0.10399427317609691
253,val,0.10355865478515625
254,train,0.1039565982240619
254,val,0.10354148864746093
255,train,0.10391962648642183
255,val,0.1035231113433838
256,train,0.10388297264022056
256,val,0.10350587844848633
257,train,0.10384531695433337
257,val,0.10348945617675781
258,train,0.10380777686533302
258,val,0.10347255706787109
259,train,0.10377062209928879
259,val,0.1034553337097168
260,train,0.10373367926087042
260,val,0.10343791961669922
261,train,0.10369652449482619
261,val,0.10342084884643554
262,train,0.10365928303111684
262,val,0.10340328216552734
263,train,0.10362168514367306
263,val,0.1033873462677002
264,train,0.10358482900291982
264,val,0.10337021827697754
265,train,0.1035473948777324
265,val,0.10335421562194824
266,train,0.10350977772414083
266,val,0.10333752632141113
267,train,0.10347262295809659
267,val,0.10332062721252441
268,train,0.10343516956676137
268,val,0.10330350875854492
269,train,0.10339782213923907
269,val,0.10328721046447754
270,train,0.10336082150237728
270,val,0.10326984405517578
271,train,0.1033228671911991
271,val,0.10325436592102051
272,train,0.10328539453371606
272,val,0.1032369613647461
273,train,0.10324805673926768
273,val,0.10322022438049316
274,train,0.10320993866583314
274,val,0.10320463180541992
275,train,0.10317243710912839
275,val,0.10318871498107911
276,train,0.1031353883068971
276,val,0.1031717300415039
277,train,0.10309716426964963
277,val,0.103156099319458
278,train,0.10305966271294488
278,val,0.10314045906066895
279,train,0.10302159280487985
279,val,0.10312417030334473
280,train,0.10298368665907118
280,val,0.10310784339904785
281,train,0.10294658969147037
281,val,0.10309141159057617
282,train,0.1029083656542229
282,val,0.10307548522949218
283,train,0.10287061363759667
283,val,0.10305922508239745
284,train,0.10283256299567944
284,val,0.10304230690002442
285,train,0.10279456051913174
285,val,0.10302709579467774
286,train,0.10275730942234848
286,val,0.10301066398620605
287,train,0.10271879639288392
287,val,0.10299391746520996
288,train,0.10268036042801057
288,val,0.10297872543334961
289,train,0.10264298410126657
289,val,0.10296189308166503
290,train,0.10260468299942788
290,val,0.1029464340209961
291,train,0.10256658419214114
291,val,0.10293037414550782
292,train,0.10252863951403686
292,val,0.10291513442993164
293,train,0.10249088749741063
293,val,0.10289752006530761
294,train,0.10245245153253729
294,val,0.10288235664367676
295,train,0.10241415043069858
295,val,0.10286790847778321
296,train,0.10237605162341186
296,val,0.10285018920898438
297,train,0.10233748079550387
297,val,0.1028324031829834
298,train,0.10229984437576448
298,val,0.10281803131103516
299,train,0.1022603487727618
299,val,0.1028018856048584
300,train,0.10222227886469677
300,val,0.10278690338134766
301,train,0.10218365023834537
301,val,0.10276972770690918
302,train,0.10214478078514638
302,val,0.10275440216064453
303,train,0.10210597876346472
303,val,0.10273871421813965
304,train,0.10206799555306482
304,val,0.10272214889526367
305,train,0.1020283554539536
305,val,0.10270696640014648
306,train,0.10199033371125808
306,val,0.10268989562988282
307,train,0.1019508381082554
307,val,0.10267425537109375
308,train,0.1019122191149779
308,val,0.10265915870666503
309,train,0.10187279094349254
309,val,0.10264267921447753
310,train,0.10183366139729817
310,val,0.10262505531311035
311,train,0.10179396349974353
311,val,0.10261045455932617
312,train,0.10175440046522352
312,val,0.1025938320159912
313,train,0.10171545394743332
313,val,0.10257822036743164
314,train,0.10167599687672625
314,val,0.10256169319152832
315,train,0.1016366168706104
315,val,0.10254647254943848
316,train,0.10159680337616891
316,val,0.10253005027770996
317,train,0.10155735593853575
317,val,0.1025136661529541
318,train,0.10151776400479404
318,val,0.10249744415283203
319,train,0.10147799867572206
319,val,0.10248159408569336
320,train,0.10143803105209813
320,val,0.10246656417846679
321,train,0.10139812122691762
321,val,0.1024495792388916
322,train,0.10135805727255465
322,val,0.1024337100982666
323,train,0.10131807038278291
323,val,0.10241751670837403
324,train,0.10127776560157237
324,val,0.10240140914916993
325,train,0.10123774017950501
325,val,0.10238631248474121
326,train,0.10119743539829447
326,val,0.10236942291259765
327,train,0.10115659116494535
327,val,0.10235408782958984
328,train,0.10111636344832603
328,val,0.10233866691589355
329,train,0.10107563481186375
329,val,0.10232157707214355
330,train,0.10103549379290956
330,val,0.10230475425720215
331,train,0.1009948229548907
331,val,0.10228963851928712
332,train,0.1009536800962506
332,val,0.10227413177490234
333,train,0.10091309595589686
333,val,0.10225688934326171
334,train,0.10087215539180872
334,val,0.1022409439086914
335,train,0.10083124372694227
335,val,0.10222509384155273
336,train,0.10079043802588877
336,val,0.10220927238464356
337,train,0.10074927590110085
337,val,0.1021915340423584
338,train,0.10070808487709122
338,val,0.10217550277709961
339,train,0.10066681678849038
339,val,0.10215934753417968
340,train,0.10062525007459852
340,val,0.10214262008666992
341,train,0.10058364482841106
341,val,0.1021271800994873
342,train,0.1005416927915631
342,val,0.10210995674133301
343,train,0.10050038617066663
343,val,0.10209311485290527
344,train,0.10045821257311889
344,val,0.10207703590393066
345,train,0.10041688668607461
345,val,0.10206103324890137
346,train,0.10037471308852687
346,val,0.10204354286193848
347,train,0.1003327321524572
347,val,0.10202828407287598
348,train,0.10029036589343139
348,val,0.10201141357421875
349,train,0.10024799963440557
349,val,0.10199635505676269
350,train,0.10020605723063152
350,val,0.10198013305664062
351,train,0.1001636813385318
351,val,0.10196234703063965
352,train,0.10012136324487551
352,val,0.10194522857666016
353,train,0.10007841900141552
353,val,0.10192851066589355
354,train,0.10003577338324653
354,val,0.10191308975219726
355,train,0.09999280024056482
355,val,0.10189552307128906
356,train,0.09994985599710483
356,val,0.10187873840332032
357,train,0.09990719111278804
357,val,0.10186264991760254
358,train,0.0998637941148546
358,val,0.10184487342834472
359,train,0.09982109069824219
359,val,0.10182798385620118
360,train,0.0997781560878561
360,val,0.10181171417236329
361,train,0.09973386321404967
361,val,0.10179377555847167
362,train,0.09969078410755504
362,val,0.1017775821685791
363,train,0.09964700178666548
363,val,0.10176022529602051
364,train,0.09960320983270202
364,val,0.10174180984497071
365,train,0.099559870633212
365,val,0.10172589302062988
366,train,0.09951553922710997
366,val,0.10170873641967773
367,train,0.09947194956769848
367,val,0.1016912841796875
368,train,0.09942761816159644
368,val,0.10167405128479004
369,train,0.09938397070374151
369,val,0.10165678024291992
370,train,0.09933947553538312
370,val,0.10164000511169434
371,train,0.09929569321449357
371,val,0.10162322998046874
372,train,0.09925105355002663
372,val,0.10160532951354981
373,train,0.0992057781026821
373,val,0.101588134765625
374,train,0.09916151412809739
374,val,0.10157175064086914
375,train,0.0991167396005958
375,val,0.1015536880493164
376,train,0.09907210956920277
376,val,0.10153688430786133
377,train,0.099027055682558
377,val,0.10152015686035157
378,train,0.09898206922743055
378,val,0.1015015697479248
379,train,0.09893681304623382
379,val,0.10148462295532226
380,train,0.09889114264285925
380,val,0.10146766662597656
381,train,0.09884606949006668
381,val,0.10145007133483887
382,train,0.09880037018747041
382,val,0.10143256187438965
383,train,0.0987542759288441
383,val,0.1014150047302246
384,train,0.09870896194920395
384,val,0.1013975715637207
385,train,0.09866311815049914
385,val,0.10137965202331543
386,train,0.09861729361794212
386,val,0.10136347770690918
387,train,0.09857126679083314
387,val,0.10134517669677734
388,train,0.09852547115749782
388,val,0.10132648468017579
389,train,0.0984793191004281
389,val,0.10131010055541992
390,train,0.09843262759121982
390,val,0.10129185676574708
391,train,0.09838637920341106
391,val,0.10127449989318847
392,train,0.09833988035568084
392,val,0.10125642776489258
393,train,0.09829403655697601
393,val,0.10123980522155762
394,train,0.09824707532169843
394,val,0.10122206687927246
395,train,0.09819962279965179
395,val,0.1012043857574463
396,train,0.09815309505269985
396,val,0.10118785858154297
397,train,0.09810614345049617
397,val,0.10116912841796875
398,train,0.0980592014813664
398,val,0.10115234375
399,train,0.09801192235465002
399,val,0.10113480567932129
400,train,0.09796482625633779
400,val,0.10111713409423828
401,train,0.09791764346036044
401,val,0.10109899520874023
402,train,0.09786998864376184
402,val,0.10108179092407227
403,train,0.09782237235945884
403,val,0.10106366157531738
404,train,0.0977745923128995
404,val,0.10104586601257325
405,train,0.09772713015777897
405,val,0.10102679252624512
406,train,0.09767852166686396
406,val,0.10100948333740234
407,train,0.09763029849890506
407,val,0.10099116325378418
408,train,0.09758207533094618
408,val,0.10097290992736817
409,train,0.09753348610617897
409,val,0.10095509529113769
410,train,0.09748588908802379
410,val,0.10093758583068847
411,train,0.09743666408037899
411,val,0.10091790199279785
412,train,0.09738740054043857
412,val,0.10090069770812989
413,train,0.09733902324329723
413,val,0.10088229179382324
414,train,0.09728942254577021
414,val,0.10086461067199708
415,train,0.0972408525871508
415,val,0.10084665298461915
416,train,0.09719153124876696
416,val,0.10082869529724121
417,train,0.09714240257186119
417,val,0.10081013679504394
418,train,0.09709297526966441
418,val,0.10079156875610351
419,train,0.09704327824139836
419,val,0.1007729434967041
420,train,0.09699427479445333
420,val,0.10075507164001465
421,train,0.09694450070159603
421,val,0.10073874473571777
422,train,0.09689460137877802
422,val,0.1007188892364502
423,train,0.09684486581821634
423,val,0.1006993293762207
424,train,0.09679474493469854
424,val,0.1006820011138916
425,train,0.09674495157569346
425,val,0.10066279411315918
426,train,0.09669450316766295
426,val,0.10064586639404297
427,train,0.09664427632033223
427,val,0.10062656402587891
428,train,0.09659381827922782
428,val,0.10060856819152832
429,train,0.09654320610894097
429,val,0.10059039115905762
430,train,0.0964922278818458
430,val,0.10057121276855469
431,train,0.09644182763918481
431,val,0.10055312156677246
432,train,0.09638991500392105
432,val,0.10053350448608399
433,train,0.09633910053908223
433,val,0.10051630020141601
434,train,0.09628841130420415
434,val,0.10049633979797364
435,train,0.09623670096349235
435,val,0.10047977447509765
436,train,0.09618542411110619
436,val,0.10045914649963379
437,train,0.09613341514510337
437,val,0.10044045448303222
438,train,0.0960817818689828
438,val,0.10042038917541504
439,train,0.0960301004274927
439,val,0.10040164947509765
440,train,0.09597796623152915
440,val,0.10038285255432129
441,train,0.09592563937408756
441,val,0.10036477088928222
442,train,0.0958740638964104
442,val,0.1003445816040039
443,train,0.09582162144208195
443,val,0.10032627105712891
444,train,0.09576875513250177
444,val,0.10030657768249512
445,train,0.09571641864198627
445,val,0.10028791427612305
446,train,0.09566384132462319
446,val,0.10026848793029786
447,train,0.09561109061192985
447,val,0.10024950981140136
448,train,0.09555799310857599
448,val,0.10022909164428712
449,train,0.09550487633907434
449,val,0.10021147727966309
450,train,0.09545197149719854
450,val,0.10019246101379395
451,train,0.09539879692925347
451,val,0.10017217636108398
452,train,0.09534566089360401
452,val,0.10015264511108399
453,train,0.09529217806729404
453,val,0.10013425827026368
454,train,0.09523834845032354
454,val,0.10011444091796876
455,train,0.09518485599093968
455,val,0.10009466171264648
456,train,0.09513148876151653
456,val,0.10007554054260254
457,train,0.09507649354260377
457,val,0.10005703926086426
458,train,0.09502261576026377
458,val,0.10003637313842774
459,train,0.09496939302694918
459,val,0.1000174617767334
460,train,0.0949143303765191
460,val,0.09999794960021972
461,train,0.09485999020663174
461,val,0.09997745513916016
462,train,0.0948053803106751
462,val,0.0999593734741211
463,train,0.09475031766024503
463,val,0.09993905067443848
464,train,0.09469624721642697
464,val,0.09991798400878907
465,train,0.09464096300529712
465,val,0.09989984512329102
466,train,0.09458682512996172
466,val,0.09987974166870117
467,train,0.09453112669665405
467,val,0.09986076354980469
468,train,0.09447584248552418
468,val,0.09983933448791504
469,train,0.0944204426775075
469,val,0.09982039451599121
470,train,0.09436429148972636
470,val,0.09980085372924805
471,train,0.09430894948015309
471,val,0.09978142738342285
472,train,0.09425305838536735
472,val,0.09976119041442871
473,train,0.09419788013805043
473,val,0.0997420597076416
474,train,0.09414105463509607
474,val,0.09972023010253907
475,train,0.09408483601579762
475,val,0.09970012664794922
476,train,0.0940296385023329
476,val,0.09968138694763183
477,train,0.09397220611572266
477,val,0.09966214179992676
478,train,0.09391606456101542
478,val,0.09964127540588379
479,train,0.0938593353888001
479,val,0.09962274551391602
480,train,0.09380270254732383
480,val,0.09960155487060547
481,train,0.09374593484281289
481,val,0.09958135604858398
482,train,0.09368848319005485
482,val,0.09956188201904297
483,train,0.09363097373885337
483,val,0.0995425033569336
484,train,0.09357377254601681
484,val,0.09952280044555664
485,train,0.0935167640146583
485,val,0.09950397491455078
486,train,0.09345981328174321
486,val,0.0994822120666504
487,train,0.0934018510760683
487,val,0.09946269989013672
488,train,0.0933433397851809
488,val,0.09944226264953614
489,train,0.0932860422616053
489,val,0.09942354202270508
490,train,0.09322703005087496
490,val,0.09940333366394043
491,train,0.09316882701835247
491,val,0.09938462257385254
492,train,0.0931103638928346
492,val,0.09936356544494629
493,train,0.09305209342879478
493,val,0.09934304237365722
494,train,0.09299332204491201
494,val,0.0993234920501709
495,train,0.0929344254310685
495,val,0.09930414199829102
496,train,0.09287507606275154
496,val,0.09928440093994141
497,train,0.09281627577964706
497,val,0.09926373481750489
498,train,0.09275744659732087
498,val,0.09924444198608398
499,train,0.09269799126519097
499,val,0.09922487258911133
500,train,0.09263845886846986
500,val,0.09920475006103516
501,train,0.09257865674567944
501,val,0.09918340682983398
502,train,0.09251883535674124
502,val,0.09916385650634765
503,train,0.09245915846391158
503,val,0.09914294242858887
504,train,0.09239910588119969
504,val,0.09912251472473145
505,train,0.0923387065078273
505,val,0.09910204887390137
506,train,0.09227881768737177
506,val,0.09908305168151856
507,train,0.09221825455174301
507,val,0.09906314849853516
508,train,0.09215790334374013
508,val,0.09904168128967285
509,train,0.0920970704820421
509,val,0.09902201652526856
510,train,0.09203636285030481
510,val,0.09900089263916016
511,train,0.09197510613335504
511,val,0.09898292541503906
512,train,0.091914273271657
512,val,0.09896105766296387
513,train,0.0918526023325294
513,val,0.09894146919250488
514,train,0.09179228965682212
514,val,0.09892110824584961
515,train,0.09172993476944741
515,val,0.09890111923217773
516,train,0.09166843722565006
516,val,0.09887840270996094
517,train,0.091607209407922
517,val,0.09886027336120605
518,train,0.09154501828280362
518,val,0.09883848190307618
519,train,0.09148275972616793
519,val,0.09882032394409179
520,train,0.09142091539171007
520,val,0.09879837036132813
521,train,0.09135853160511363
521,val,0.09877724647521972
522,train,0.09129626341540405
522,val,0.09875638961791992
523,train,0.09123387962880761
523,val,0.09873541831970215
524,train,0.09117106235388553
524,val,0.09871525764465332
525,train,0.09110834140970249
525,val,0.09869452476501465
526,train,0.09104563009859336
526,val,0.09867390632629394
527,train,0.09098236006919784
527,val,0.09865331649780273
528,train,0.09091867581762449
528,val,0.0986327075958252
529,train,0.09085660028939295
529,val,0.0986124610900879
530,train,0.09079286787245008
530,val,0.09859088897705078
531,train,0.09073005059752802
531,val,0.09857019424438476
532,train,0.09066515257864287
532,val,0.09855036735534668
533,train,0.09060282659048986
533,val,0.09852861404418946
534,train,0.09053877628210819
534,val,0.09850772857666015
535,train,0.09047457184454408
535,val,0.09848670959472657
536,train,0.09041054080231022
536,val,0.09846596717834473
537,train,0.09034621113478536
537,val,0.09844489097595215
538,train,0.0902822186248471
538,val,0.09842493057250977
539,train,0.09021786969117444
539,val,0.09840276718139648
540,train,0.09015278864388514
540,val,0.09838446617126465
541,train,0.09008893099698154
541,val,0.09836283683776856
542,train,0.09002477472478693
542,val,0.09834183692932129
543,train,0.08996014643197107
543,val,0.09832082748413086
544,train,0.0898947956586125
544,val,0.09830069541931152
545,train,0.0898303503942008
545,val,0.09828145027160645
546,train,0.08976499962084221
546,val,0.09825953483581543
547,train,0.08970034242880465
547,val,0.09823906898498536
548,train,0.08963497238929825
548,val,0.09821828842163086
549,train,0.08956985280971334
549,val,0.09819950103759766
550,train,0.08950478139549795
550,val,0.0981777286529541
551,train,0.08943898750073982
551,val,0.09815558433532715
552,train,0.0893738197557854
552,val,0.09813703536987305
553,train,0.08930834375246606
553,val,0.09811668395996094
554,train,0.08924288701529455
554,val,0.09809574127197265
555,train,0.08917682339446713
555,val,0.0980751132965088
556,train,0.08911103913278291
556,val,0.09805423736572266
557,train,0.08904577505708945
557,val,0.09803457260131836
558,train,0.08897918161719737
558,val,0.0980140781402588
559,train,0.08891333955706972
559,val,0.09799325942993165
560,train,0.08884656308877348
560,val,0.09797273635864258
561,train,0.08877979625355113
561,val,0.09795245170593261
562,train,0.0887133665759154
562,val,0.0979312515258789
563,train,0.08864626258310646
563,val,0.09791069984436035
564,train,0.08858050722064394
564,val,0.09789082527160645
565,train,0.08851340322783499
565,val,0.09787140846252441
566,train,0.08844627033580434
566,val,0.09784996032714843
567,train,0.088379204875291
567,val,0.09782966613769531
568,train,0.08831266923384233
568,val,0.09781059265136718
569,train,0.08824456340134745
569,val,0.09778974533081054
570,train,0.0881777291346078
570,val,0.0977703857421875
571,train,0.08811070220639007
571,val,0.0977492618560791
572,train,0.08804335738673355
572,val,0.09772749900817872
573,train,0.08797538641727332
573,val,0.0977081298828125
574,train,0.08790734801629577
574,val,0.09768610000610352
575,train,0.08784026328963462
575,val,0.09766512870788574
576,train,0.08777204186025292
576,val,0.09764575958251953
577,train,0.08770454291141394
577,val,0.09762601852416992
578,train,0.08763696689798374
578,val,0.09760562896728515
579,train,0.08756882253319326
579,val,0.09758452415466308
580,train,0.08750090936217646
580,val,0.09756411552429199
581,train,0.08743242783979936
581,val,0.09754387855529785
582,train,0.08736457246722597
582,val,0.09752531051635742
583,train,0.08729607167870107
583,val,0.09750528335571289
584,train,0.08722841860067965
584,val,0.09748255729675293
585,train,0.0871591086339469
585,val,0.09746406555175781
586,train,0.08709076197460444
586,val,0.09744284629821777
587,train,0.08702263687596176
587,val,0.09742183685302734
588,train,0.08695397232518051
588,val,0.09740220069885254
589,train,0.08688472978996509
589,val,0.09738332748413087
590,train,0.08681642166291824
590,val,0.09736201286315918
591,train,0.08674735252303306
591,val,0.09734293937683106
592,train,0.08667822558470446
592,val,0.09732165336608886
593,train,0.08660876148878927
593,val,0.09730173110961914
594,train,0.08653960565123896
594,val,0.09728240966796875
595,train,0.08647005485765862
595,val,0.09726274490356446
596,train,0.0864008797539605
596,val,0.09724048614501953
597,train,0.08633181061407533
597,val,0.09722216606140137
598,train,0.08626192266290839
598,val,0.09720107078552247
599,train,0.08619273792613637
599,val,0.09718075752258301
600,train,0.08612298483800407
600,val,0.09716187477111816
601,train,0.08605366523819741
601,val,0.09714300155639649
602,train,0.08598410481154317
602,val,0.09712178230285645
603,train,0.08591348474675958
603,val,0.09710237503051758
604,train,0.08584402065084439
604,val,0.09708027839660645
605,train,0.08577426756271209
605,val,0.09706174850463867
606,train,0.08570396538936731
606,val,0.09704233169555664
607,train,0.08563384624442669
607,val,0.09702228546142579
608,train,0.08556430508392025
608,val,0.09700210571289063
609,train,0.08549382951524523
609,val,0.09698321342468262
610,train,0.08542419202399976
610,val,0.096962308883667
611,train,0.08535337929773812
611,val,0.09694253921508789
612,train,0.0852832312535758
612,val,0.09692402839660645
613,train,0.08521229329735341
613,val,0.09690430641174316
614,train,0.08514197185786083
614,val,0.09688386917114258
615,train,0.08507199720902876
615,val,0.0968632698059082
616,train,0.08500051016759391
616,val,0.09684503555297852
617,train,0.08493162405611289
617,val,0.09682475090026856
618,train,0.08486015628082584
618,val,0.09680462837219238
619,train,0.08478846694483902
619,val,0.09678614616394043
620,train,0.08471862715904159
620,val,0.09676694869995117
621,train,0.08464849838102707
621,val,0.09674712181091309
622,train,0.08457669344815341
622,val,0.09672780036926269
623,train,0.0845063238432913
623,val,0.09670708656311035
624,train,0.08443472120496961
624,val,0.09668807983398438
625,train,0.08436382178104285
625,val,0.09666791915893555
626,train,0.0842926815302685
626,val,0.09664945602416992
627,train,0.08422160871101148
627,val,0.09663056373596192
628,train,0.08415117167463207
628,val,0.09661044120788574
629,train,0.08408032041607481
629,val,0.0965909481048584
630,train,0.0840086696123836
630,val,0.09657025337219238
631,train,0.08393722110324436
631,val,0.09655307769775391
632,train,0.08386682259916055
632,val,0.09653230667114258
633,train,0.08379514289624763
633,val,0.0965130615234375
634,train,0.08372400264547329
634,val,0.09649489402770996
635,train,0.08365223624489525
635,val,0.09647627830505372
636,train,0.08358098039723406
636,val,0.0964560317993164
637,train,0.08350956078731653
637,val,0.09643678665161133
638,train,0.08343843016961608
638,val,0.09641788482666015
639,train,0.08336631697837753
639,val,0.09639857292175293
640,train,0.08329515746145537
640,val,0.09638090133666992
641,train,0.08322332362936001
641,val,0.09636192321777344
642,train,0.08315205814862492
642,val,0.09634329795837403
643,train,0.08308109129318084
643,val,0.09632390022277831
644,train,0.0830093634248984
644,val,0.09630565643310547
645,train,0.0829383869363804
645,val,0.09628572463989257
646,train,0.0828664471404721
646,val,0.09626633644104005
647,train,0.0827954417527324
647,val,0.09624924659729003
648,train,0.08272327076305043
648,val,0.0962297534942627
649,train,0.08265209197998047
649,val,0.09621106147766113
650,train,0.08257949713504675
650,val,0.09619107246398925
651,train,0.0825086073441939
651,val,0.09617358207702636
652,train,0.08243681204439414
652,val,0.09615345001220703
653,train,0.0823648048169685
653,val,0.09613543510437011
654,train,0.08229327924323804
654,val,0.09611736297607422
655,train,0.08222084816056069
655,val,0.09610002517700195
656,train,0.08214931295375631
656,val,0.0960810661315918
657,train,0.08207776811387804
657,val,0.09606162071228028
658,train,0.08200606914481731
658,val,0.09604269981384278
659,train,0.0819341004496873
659,val,0.09602726936340332
660,train,0.08186254597673512
660,val,0.09600688934326172
661,train,0.08179010526098386
661,val,0.09598862648010253
662,train,0.08171889757869219
662,val,0.09597129821777343
663,train,0.08164626420146287
663,val,0.09595288276672363
664,train,0.08157494092228437
664,val,0.09593499183654786
665,train,0.08150292406178485
665,val,0.0959172534942627
666,train,0.08143032921685113
666,val,0.0958981990814209
667,train,0.08135841832016454
667,val,0.09588069915771484
668,train,0.08128603540285669
668,val,0.09586342811584472
669,train,0.08121375844936178
669,val,0.09584645271301269
670,train,0.08114204984722716
670,val,0.0958272647857666
671,train,0.08106950316766295
671,val,0.0958094310760498
672,train,0.0809970817180595
672,val,0.09579241752624512
673,train,0.0809254694466639
673,val,0.09577641487121583
674,train,0.08085265304103043
674,val,0.09575687408447266
675,train,0.08078034237177685
675,val,0.09574098587036133
676,train,0.08070756449843898
676,val,0.09572231292724609
677,train,0.08063598594280204
677,val,0.09570256233215332
678,train,0.08056371862238104
678,val,0.09568506240844726
679,train,0.08049147538464478
679,val,0.09566925048828125
680,train,0.0804191454492434
680,val,0.09565223693847656
681,train,0.080346420557812
681,val,0.09563551902770996
682,train,0.08027480346987946
682,val,0.0956183910369873
683,train,0.08020219417533489
683,val,0.09559983253479004
684,train,0.08013020621405707
684,val,0.09558344841003417
685,train,0.08005803040783814
685,val,0.09556685447692871
686,train,0.07998566194014116
686,val,0.09555115699768066
687,train,0.0799135198496809
687,val,0.09553228378295898
688,train,0.07984171010027027
688,val,0.09551727294921875
689,train,0.07976876846467605
689,val,0.0954995346069336
690,train,0.07969733922168462
690,val,0.09548291206359863
691,train,0.07962468176177054
691,val,0.09546622276306152
692,train,0.07955260710282759
692,val,0.0954505443572998
693,train,0.0794802290020567
693,val,0.09543314933776856
694,train,0.07940761007443824
694,val,0.09541816711425781
695,train,0.0793358822061558
695,val,0.09540102005004883
696,train,0.07926371603301077
696,val,0.09538455009460449
697,train,0.07919131384955512
697,val,0.09536766052246094
698,train,0.07911954744897708
698,val,0.0953515625
699,train,0.07904757393731011
699,val,0.09533567428588867
700,train,0.07897420844646415
700,val,0.09532102584838867
701,train,0.07890277920347272
701,val,0.09530208587646484
702,train,0.07883067564530806
702,val,0.09528852462768554
703,train,0.07875863470212378
703,val,0.09527067184448242
704,train,0.07868747518520162
704,val,0.09525577545166015
705,train,0.07861458653151387
705,val,0.0952410888671875
706,train,0.07854238182607323
706,val,0.09522477149963379
707,train,0.07847023973561297
707,val,0.09520816802978516
708,train,0.07839712470468849
708,val,0.09519333839416504
709,train,0.07832583995780559
709,val,0.09517627716064453
710,train,0.07825340405859128
710,val,0.09516229629516601
711,train,0.07818038535840584
711,val,0.09514582633972168
712,train,0.07810884533506451
712,val,0.09512961387634278
713,train,0.07803715599907769
713,val,0.09511343002319336
714,train,0.07796440220842457
714,val,0.0950978946685791
715,train,0.07789200484150588
715,val,0.09508243560791016
716,train,0.07781952077692206
716,val,0.09506762504577637
717,train,0.07774779772517657
717,val,0.09505151748657227
718,train,0.07767559783627288
718,val,0.09503608703613281
719,train,0.07760360024192116
719,val,0.09502315521240234
720,train,0.07753075012052903
720,val,0.09500693321228028
721,train,0.07745917156489208
721,val,0.09499131202697754
722,train,0.07738664896801264
722,val,0.09497594833374023
723,train,0.07731475733747387
723,val,0.09495847702026367
724,train,0.07724224919020528
724,val,0.09494557380676269
725,train,0.07717079104799213
725,val,0.09492925643920898
726,train,0.07709805652348682
726,val,0.09491406440734863
727,train,0.0770252930997598
727,val,0.0949016284942627
728,train,0.07695293426513672
728,val,0.09488617897033691
729,train,0.07688067657778962
729,val,0.09487112998962402
730,train,0.07680903540717231
730,val,0.09485464096069336
731,train,0.07673654170951458
731,val,0.09483925819396972
732,train,0.07666553632177488
732,val,0.09482463836669922
733,train,0.07659286441224994
733,val,0.09480879783630371
734,train,0.0765203225492227
734,val,0.09479394912719727
735,train,0.07644800224689523
735,val,0.09477912902832031
736,train,0.07637571566032642
736,val,0.09476643562316894
737,train,0.07630535087200126
737,val,0.09475031852722168
738,train,0.07623209616150518
738,val,0.09473528861999511
739,train,0.07616060430353339
739,val,0.09471919059753418
740,train,0.07608867414069898
740,val,0.09470528602600098
741,train,0.07601606966269137
741,val,0.0946926498413086
742,train,0.07594427436289161
742,val,0.09467850685119629
743,train,0.07587267654110687
743,val,0.09466439247131347
744,train,0.07579955669364544
744,val,0.09465035438537597
745,train,0.07572820933178218
745,val,0.09463560104370117
746,train,0.07565607205785886
746,val,0.09462072372436524
747,train,0.07558396368315726
747,val,0.09460774421691895
748,train,0.07551202388724895
748,val,0.09459486007690429
749,train,0.07544039234970555
749,val,0.09458127975463868
750,train,0.07536895347364021
750,val,0.0945660400390625
751,train,0.07529760129523999
751,val,0.09455291748046875
752,train,0.07522544957170582
752,val,0.09454028129577637
753,train,0.07515445863357698
753,val,0.09452703475952148
754,train,0.07508206608319523
754,val,0.09451163291931153
755,train,0.07501106069545553
755,val,0.09449859619140626
756,train,0.07493968443437056
756,val,0.09448412895202636
757,train,0.07486748936200383
757,val,0.09447179794311523
758,train,0.07479518832582416
758,val,0.09445791244506836
759,train,0.07472463087602095
759,val,0.09444491386413574
760,train,0.07465215162797408
760,val,0.09443036079406739
761,train,0.07458129555287987
761,val,0.09441874504089355
762,train,0.07450950025308012
762,val,0.09440433502197265
763,train,0.07443731481378729
763,val,0.09439160346984864
764,train,0.07436680071281665
764,val,0.09437885284423828
765,train,0.07429420105134597
765,val,0.09436354637145997
766,train,0.07422398557566633
766,val,0.09435285568237305
767,train,0.0741508753612788
767,val,0.09433757781982421
768,train,0.07408086218015113
768,val,0.09432645797729493
769,train,0.07400898018268624
769,val,0.09431422233581543
770,train,0.07393727639708857
770,val,0.09429903984069825
771,train,0.07386620357783154
771,val,0.09428679466247558
772,train,0.07379499107900292
772,val,0.09427380561828613
773,train,0.07372346550527245
773,val,0.09426136016845703
774,train,0.07365198328037455
774,val,0.09424964904785156
775,train,0.07358030357746163
775,val,0.09423770904541015
776,train,0.07350939452046096
776,val,0.09422512054443359
777,train,0.07343806160820855
777,val,0.09420982360839844
778,train,0.07336707548661665
778,val,0.09419692993164062
779,train,0.07329561734440351
779,val,0.09418721199035644
780,train,0.07322465530549636
780,val,0.09417319297790527
781,train,0.07315295151989869
781,val,0.09416430473327636
782,train,0.07308191241640033
782,val,0.0941517162322998
783,train,0.07301111413974955
783,val,0.09413812637329101
784,train,0.0729388901681611
784,val,0.09412835121154785
785,train,0.07286878065629439
785,val,0.09411684036254883
786,train,0.0727979823796436
786,val,0.09410228729248046
787,train,0.07272707813917989
787,val,0.09409120559692383
788,train,0.07265521059132586
788,val,0.09408016204833984
789,train,0.0725844893792663
789,val,0.09406650543212891
790,train,0.07251296380553583
790,val,0.09405566215515136
791,train,0.07244180910515063
791,val,0.09404661178588868
792,train,0.07237198858550101
792,val,0.0940342140197754
793,train,0.07230059787480518
793,val,0.09401853561401367
794,train,0.07223010785651929
794,val,0.09401017189025879
795,train,0.07215896760574494
795,val,0.09399983406066895
796,train,0.07208911337033667
796,val,0.09398848533630372
797,train,0.07201784307306464
797,val,0.0939781665802002
798,train,0.0719464427292949
798,val,0.09396610260009766
799,train,0.07187557220458984
799,val,0.09395413398742676
800,train,0.07180494250673236
800,val,0.09394270896911622
