code,prefecture,city,latitude,longitude
01101,北海道,札幌市中央区,43.053101118181786,141.3371456989903
01102,北海道,札幌市北区,43.11416396688754,141.3389050208135
01103,北海道,札幌市東区,43.096829312217196,141.3739233457016
01104,北海道,札幌市白石区,43.05267577826091,141.41469903913045
01105,北海道,札幌市豊平区,43.03046357223263,141.38349404502807
01106,北海道,札幌市南区,42.98241040721656,141.32436653350499
01107,北海道,札幌市西区,43.08074637049747,141.28994896054897
01108,北海道,札幌市厚別区,43.03895026470588,141.47533554901966
01109,北海道,札幌市手稲区,43.12251098913044,141.24430332608688
01110,北海道,札幌市清田区,42.99601874178405,141.45071493427244
01202,北海道,函館市,41.79927096618354,140.8303532705313
01203,北海道,小樽市,43.18659339583335,141.00518140277788
01204,北海道,旭川市,43.77455701715801,142.37782647910262
01205,北海道,室蘭市,42.34344026717558,140.98920907633595
01206,北海道,釧路市,43.05537184546801,144.2477752956909
01207,北海道,帯広市,42.89271383396706,143.1818097363751
01208,北海道,北見市,43.8152867427885,143.86115593509595
01209,北海道,夕張市,43.033712507042274,142.0305436478873
01210,北海道,岩見沢市,43.19226988967971,141.76332204982208
01211,北海道,網走市,44.01372005190309,144.26364109342546
01212,北海道,留萌市,43.934825116666715,141.65453265833332
01213,北海道,苫小牧市,42.64342949363056,141.59599329936296
01214,北海道,稚内市,45.401244663551395,141.6948377196261
01215,北海道,美唄市,43.33157002388058,141.8682864089554
01216,北海道,芦別市,43.5178032173913,142.1864638405797
01217,北海道,江別市,43.103952666666665,141.5396261825397
01218,北海道,赤平市,43.55319959067356,142.06775139896357
01219,北海道,紋別市,44.309919823529405,143.33292407352937
01220,北海道,士別市,44.173513035461035,142.3986330685579
01221,北海道,名寄市,44.351741755447925,142.4572744334141
01222,北海道,三笠市,43.250704765432076,141.91695946913583
01223,北海道,根室市,43.32556598876403,145.58858382584273
01224,北海道,千歳市,42.826878595238114,141.63507419387753
01225,北海道,滝川市,43.569902688311686,141.91713673376606
01226,北海道,砂川市,43.495970046843155,141.910233441955
01227,北海道,歌志内市,43.50141977777778,142.03501333333335
01228,北海道,深川市,43.73609148000001,142.05884644
01229,北海道,富良野市,43.29938583486239,142.4066711284404
01230,北海道,登別市,42.411288274809145,141.0972689312977
01231,北海道,恵庭市,42.894329685185184,141.57862008641962
01233,北海道,伊達市,42.53094205555557,140.92329211111112
01234,北海道,北広島市,42.9761307230047,141.52938763380266
01235,北海道,石狩市,43.21278409433964,141.3317637830188
01236,北海道,北斗市,41.82956905263156,140.63658185964925
01303,北海道,石狩郡当別町,43.241627275,141.51165722500002
01304,北海道,石狩郡新篠津村,43.217330037037044,141.6125684444445
01331,北海道,松前郡松前町,41.47750114705883,140.05596097058825
01332,北海道,松前郡福島町,41.48038161111112,140.24540583333334
01333,北海道,上磯郡知内町,41.594223875,140.382625375
01334,北海道,上磯郡木古内町,41.70511731578947,140.45496163157895
01337,北海道,亀田郡七飯町,41.89171794736841,140.70442505263154
01343,北海道,茅部郡鹿部町,42.0199814,140.7873956
01345,北海道,茅部郡森町,42.10682637500002,140.6165719583333
01346,北海道,二海郡八雲町,42.20031550943394,140.21099350943408
01347,北海道,山越郡長万部町,42.517515149999994,140.34034624999998
01361,北海道,檜山郡江差町,41.88194675675676,140.14856870270273
01362,北海道,檜山郡上ノ国町,41.75908161538461,140.10716484615384
01363,北海道,檜山郡厚沢部町,41.92416939285714,140.30499757142857
01364,北海道,爾志郡乙部町,42.01236826666668,140.1477558666667
01367,北海道,奥尻郡奥尻町,42.147175,139.4842764
01370,北海道,瀬棚郡今金町,42.41316495238095,140.05608219047622
01371,北海道,久遠郡せたな町,42.37092405263159,139.87728521052634
01391,北海道,島牧郡島牧村,42.7118234347826,140.07742939130435
01392,北海道,寿都郡寿都町,42.791931000000005,140.24478454545456
01393,北海道,寿都郡黒松内町,42.679564652173916,140.34042817391307
01394,北海道,磯谷郡蘭越町,42.80198878124999,140.49076918749998
01395,北海道,虻田郡ニセコ町,42.793382750000006,140.679387
01396,北海道,虻田郡真狩村,42.75131824999999,140.798831375
01397,北海道,虻田郡留寿都村,42.7178212,140.88533609999996
01398,北海道,虻田郡喜茂別町,42.7810844736842,140.98609052631573
01399,北海道,虻田郡京極町,42.87356346153846,140.9266770769231
01400,北海道,虻田郡倶知安町,42.90243542331288,140.75853252147232
01401,北海道,岩内郡共和町,42.98685959999999,140.61154779999998
01402,北海道,岩内郡岩内町,42.973603999999995,140.50890641666663
01403,北海道,古宇郡泊村,43.09844460000001,140.51722279999998
01404,北海道,古宇郡神恵内村,43.194495999999994,140.41634633333334
01405,北海道,積丹郡積丹町,43.31587481818182,140.46251781818185
01406,北海道,古平郡古平町,43.251158727272724,140.6327886363636
01407,北海道,余市郡仁木町,43.13600998461539,140.76467567692302
01408,北海道,余市郡余市町,43.19432468000001,140.78683049333338
01409,北海道,余市郡赤井川村,43.068680916666665,140.85012966666665
01423,北海道,空知郡南幌町,43.057112827586224,141.64106820689656
01424,北海道,空知郡奈井江町,43.41290625,141.88954983333332
01425,北海道,空知郡上砂川町,43.4661645,141.99960816666666
01427,北海道,夕張郡由仁町,42.97918954166667,141.80164320833327
01428,北海道,夕張郡長沼町,43.00105555681816,141.6866048295454
01429,北海道,夕張郡栗山町,43.04550840000001,141.81594667500002
01430,北海道,樺戸郡月形町,43.332470375,141.66201131249997
01431,北海道,樺戸郡浦臼町,43.43699142857143,141.80037857142855
01432,北海道,樺戸郡新十津川町,43.581807545454545,141.79117163636363
01433,北海道,雨竜郡妹背牛町,43.723174125,141.93901825000003
01434,北海道,雨竜郡秩父別町,43.77658082352941,141.9624470588235
01436,北海道,雨竜郡雨竜町,43.67426853846153,141.85449026923078
01437,北海道,雨竜郡北竜町,43.753586,141.83061666666666
01438,北海道,雨竜郡沼田町,43.82583477142857,141.9414648
01452,北海道,上川郡鷹栖町,43.84839505660378,142.33903245283014
01453,北海道,上川郡東神楽町,43.699031827272705,142.45246199090911
01454,北海道,上川郡当麻町,43.83366848000001,142.52987506000002
01455,北海道,上川郡比布町,43.88970689130434,142.47908110869562
01456,北海道,上川郡愛別町,43.91894200000001,142.61015528571434
01457,北海道,上川郡上川町,43.832794639999996,142.81539755999995
01458,北海道,上川郡東川町,43.69840063855419,142.53279179518077
01459,北海道,上川郡美瑛町,43.58347884375002,142.48047439583334
01460,北海道,空知郡上富良野町,43.4676134132231,142.4620020881544
01461,北海道,空知郡中富良野町,43.40134921212122,142.42815048484843
01462,北海道,空知郡南富良野町,43.166004833333325,142.539198
01463,北海道,勇払郡占冠村,43.002601875,142.476296375
01464,北海道,上川郡和寒町,44.01866109999999,142.39197844999995
01465,北海道,上川郡剣淵町,44.10293945454546,142.35346054545457
01468,北海道,上川郡下川町,44.3029302,142.65581199999997
01469,北海道,中川郡美深町,44.48949841984732,142.3455620839694
01470,北海道,中川郡音威子府村,44.722721,142.24254325
01471,北海道,中川郡中川町,44.75109485714285,142.06742592857142
01472,北海道,雨竜郡幌加内町,44.10428132,142.15976023999997
01481,北海道,増毛郡増毛町,43.84405533846156,141.52124043076932
01482,北海道,留萌郡小平町,44.056270538461554,141.74164165384613
01483,北海道,苫前郡苫前町,44.266630444444445,141.726225
01484,北海道,苫前郡羽幌町,44.36628817924529,141.70952433018866
01485,北海道,苫前郡初山別村,44.53291037499999,141.79733987499998
01486,北海道,天塩郡遠別町,44.69080731818182,141.85687872727271
01487,北海道,天塩郡天塩町,44.88764565789474,141.76139898684224
01511,北海道,宗谷郡猿払村,45.281361,142.13876786666668
01512,北海道,枝幸郡浜頓別町,45.118978427083306,142.35592065625
01513,北海道,枝幸郡中頓別町,44.91107547058823,142.2817210588235
01514,北海道,枝幸郡枝幸町,44.84960043589746,142.5488062564103
01516,北海道,天塩郡豊富町,45.1171488347826,141.7675819826087
01517,北海道,礼文郡礼文町,45.3628315,141.01663100000002
01518,北海道,利尻郡利尻町,45.156133,141.18134450000002
01519,北海道,利尻郡利尻富士町,45.191599499999995,141.254603
01520,北海道,天塩郡幌延町,45.008315499999995,141.86942650000003
01543,北海道,網走郡美幌町,43.81713667272726,144.10735070000013
01544,北海道,網走郡津別町,43.671002882352944,144.0184934411765
01545,北海道,斜里郡斜里町,43.92564647058823,144.7648829411765
01546,北海道,斜里郡清里町,43.785406090909085,144.55534109090908
01547,北海道,斜里郡小清水町,43.85448559999999,144.47227715000002
01549,北海道,常呂郡訓子府町,43.722554206896554,143.7311043103448
01550,北海道,常呂郡置戸町,43.68231059999999,143.58520206666662
01552,北海道,常呂郡佐呂間町,44.00879095833334,143.76192537500006
01555,北海道,紋別郡遠軽町,44.025794753968256,143.46456378571426
01559,北海道,紋別郡湧別町,44.16173948484848,143.5940958787879
01560,北海道,紋別郡滝上町,44.17307695238095,143.0688194761905
01561,北海道,紋別郡興部町,44.408864900000005,143.12075180000002
01562,北海道,紋別郡西興部村,44.33580154545455,142.92214
01563,北海道,紋別郡雄武町,44.56013300000001,142.88151275
01564,北海道,網走郡大空町,43.89824800000002,144.19358838202254
01571,北海道,虻田郡豊浦町,42.623930944444446,140.68244733333333
01575,北海道,有珠郡壮瞥町,42.57193662499999,140.941180125
01578,北海道,白老郡白老町,42.557614,141.33841723529417
01581,北海道,勇払郡厚真町,42.699514966666655,141.8928596333333
01584,北海道,虻田郡洞爺湖町,42.60081991999999,140.80397168
01585,北海道,勇払郡安平町,42.84075129268292,141.82258499999995
01586,北海道,勇払郡むかわ町,42.624626480769244,141.99072017307697
01601,北海道,沙流郡日高町,42.64409942105263,142.2089350921053
01602,北海道,沙流郡平取町,42.66076505882353,142.24708394117647
01604,北海道,新冠郡新冠町,42.44347820000001,142.37909956
01607,北海道,浦河郡浦河町,42.18665355882353,142.78290492647054
01608,北海道,様似郡様似町,42.136198291666666,142.95889749999995
01609,北海道,幌泉郡えりも町,42.0363417,143.19988679999994
01610,北海道,日高郡新ひだか町,42.33576496842106,142.4358214842105
01631,北海道,河東郡音更町,42.997243932203396,143.19923545127133
01632,北海道,河東郡士幌町,43.162610250000014,143.2556845344829
01633,北海道,河東郡上士幌町,43.276597615384624,143.27865538461538
01634,北海道,河東郡鹿追町,43.12544253571427,143.01047647142863
01635,北海道,上川郡新得町,43.09859865760868,142.85195530978248
01636,北海道,上川郡清水町,42.99231555882351,142.8995051882351
01637,北海道,河西郡芽室町,42.897209603515655,143.035154501953
01638,北海道,河西郡中札内村,42.68576729651161,143.12328677906984
01639,北海道,河西郡更別村,42.631194799999996,143.2273464
01641,北海道,広尾郡大樹町,42.49572879166667,143.270226
01642,北海道,広尾郡広尾町,42.3013959368421,143.2960895578947
01643,北海道,中川郡幕別町,42.79120618571429,143.30258317142852
01644,北海道,中川郡池田町,42.94179907936508,143.4480077142857
01645,北海道,中川郡豊頃町,42.77248958823529,143.53066038235298
01646,北海道,中川郡本別町,43.133324972972964,143.5844957027027
01647,北海道,足寄郡足寄町,43.26415682352942,143.56817560784305
01648,北海道,足寄郡陸別町,43.50057977358491,143.72637694339628
01649,北海道,十勝郡浦幌町,42.826978650485444,143.70282893203876
01661,北海道,釧路郡釧路町,43.02193630901289,144.449505828326
01662,北海道,厚岸郡厚岸町,43.06139797849462,144.82587391397857
01663,北海道,厚岸郡浜中町,43.1496702389937,145.0791852830189
01664,北海道,川上郡標茶町,43.301353015873005,144.58663530158745
01665,北海道,川上郡弟子屈町,43.520238196969686,144.44516930303024
01667,北海道,阿寒郡鶴居村,43.22913803773586,144.3022930943397
01668,北海道,白糠郡白糠町,43.0031676893617,144.07040917446795
01691,北海道,野付郡別海町,43.41924078846155,145.00313505769233
01692,北海道,標津郡中標津町,43.54800793341124,144.96624866238298
01693,北海道,標津郡標津町,43.66554290217392,145.12052438043477
01694,北海道,目梨郡羅臼町,44.07662223076922,145.22182834615387
02201,青森県,青森市,40.809353669811316,140.743581654088
02202,青森県,弘前市,40.60242967437373,140.46469276107902
02203,青森県,八戸市,40.5095039628253,141.49309869144983
02204,青森県,黒石市,40.64809367407406,140.60584424444454
02205,青森県,五所川原市,40.824214421052645,140.45681926315785
02206,青森県,十和田市,40.6139134925373,141.20842025373133
02207,青森県,三沢市,40.707292867816115,141.3825177183907
02208,青森県,むつ市,41.27736022058824,141.17168761764708
02209,青森県,つがる市,40.83342178125,140.3702690520835
02210,青森県,平川市,40.58277655357142,140.57761235714287
02301,青森県,東津軽郡平内町,40.922653222222216,140.94498800000005
02303,青森県,東津軽郡今別町,41.1917959,140.51780409999998
02304,青森県,東津軽郡蓬田村,40.984006285714294,140.6356407142857
02307,青森県,東津軽郡外ヶ浜町,41.1370459,140.5369747363637
02321,青森県,西津軽郡鰺ヶ沢町,40.74777940625001,140.21303296874996
02323,青森県,西津軽郡深浦町,40.62973670833335,139.95599770833337
02343,青森県,中津軽郡西目屋村,40.556379666666665,140.26983588888888
02361,青森県,南津軽郡藤崎町,40.679003156250005,140.5186789375
02362,青森県,南津軽郡大鰐町,40.512870199999995,140.57307899999998
02367,青森県,南津軽郡田舎館村,40.64212131578947,140.5416940526316
02381,青森県,北津軽郡板柳町,40.71193909999999,140.47546146666662
02384,青森県,北津軽郡鶴田町,40.753524777777784,140.43301727777776
02387,青森県,北津軽郡中泊町,40.98134877777778,140.42155894444443
02401,青森県,上北郡野辺地町,40.86642297,141.12687664999996
02402,青森県,上北郡七戸町,40.7257882077922,141.1557585670996
02405,青森県,上北郡六戸町,40.63927706249999,141.32500212499994
02406,青森県,上北郡横浜町,41.08408773584905,141.26316518867918
02408,青森県,上北郡東北町,40.80084089999999,141.2230083105263
02411,青森県,上北郡六ヶ所村,40.9626715,141.35079166666665
02412,青森県,上北郡おいらせ町,40.62497370068025,141.40004185714284
02423,青森県,下北郡大間町,41.4972425,140.922111
02424,青森県,下北郡東通村,41.30247258333333,141.35722174999998
02425,青森県,下北郡風間浦村,41.48470633333333,141.016343
02426,青森県,下北郡佐井村,41.3514175,140.8496435
02441,青森県,三戸郡三戸町,40.37797482352942,141.2404469411765
02442,青森県,三戸郡五戸町,40.526148313868624,141.30724678832124
02443,青森県,三戸郡田子町,40.302617600000005,141.0792831
02445,青森県,三戸郡南部町,40.43265988888885,141.34807622222223
02446,青森県,三戸郡階上町,40.45641913043478,141.57768382608694
02450,青森県,三戸郡新郷村,40.443158,141.14811450000002
03201,岩手県,盛岡市,39.70539474009897,141.13348703712887
03202,岩手県,宮古市,39.638858238095246,141.90312044642857
03203,岩手県,大船渡市,39.08402872727272,141.73434581818185
03205,岩手県,花巻市,39.40319601069516,141.13655063101612
03206,岩手県,北上市,39.293536238938046,141.10411000000002
03207,岩手県,久慈市,40.18299095081966,141.73557060655733
03208,岩手県,遠野市,39.33776799999999,141.52922263999994
03209,岩手県,一関市,38.926780592000014,141.1942212719999
03210,岩手県,陸前高田市,39.024537374999994,141.62898449999997
03211,岩手県,釜石市,39.27487567857141,141.86234158333335
03213,岩手県,二戸市,40.2719055625,141.25857456249997
03214,岩手県,八幡平市,40.10479530985917,140.9940333943662
03215,岩手県,奥州市,39.07608646931404,141.0977529927798
03216,岩手県,滝沢市,39.73951192857141,141.07517577472532
03301,岩手県,岩手郡雫石町,39.69539876271188,140.97360740677956
03302,岩手県,岩手郡葛巻町,40.031730333333336,141.41906633333335
03303,岩手県,岩手郡岩手町,39.98239342857143,141.2113283571428
03321,岩手県,紫波郡紫波町,39.55716466037735,141.1669268490567
03322,岩手県,紫波郡矢巾町,39.61130737931034,141.1424204827586
03366,岩手県,和賀郡西和賀町,39.35396799999999,140.77206424000008
03381,岩手県,胆沢郡金ヶ崎町,39.199689600000006,141.04189860000002
03402,岩手県,西磐井郡平泉町,38.9894325,141.1140755
03441,岩手県,気仙郡住田町,39.192939,141.55566266666665
03461,岩手県,上閉伊郡大槌町,39.36803069230769,141.9051155
03482,岩手県,下閉伊郡山田町,39.47555972222222,141.938502
03483,岩手県,下閉伊郡岩泉町,39.83256563157895,141.77108042105266
03484,岩手県,下閉伊郡田野畑村,39.92804372500002,141.8663497250001
03485,岩手県,下閉伊郡普代村,40.00732138709677,141.87340574193547
03501,岩手県,九戸郡軽米町,40.305960400000004,141.4601419
03503,岩手県,九戸郡野田村,40.072430499999996,141.800661
03506,岩手県,九戸郡九戸村,40.209561777777786,141.436081
03507,岩手県,九戸郡洋野町,40.302922333333335,141.68887311111112
03524,岩手県,二戸郡一戸町,40.162480599999995,141.2861585
04101,宮城県,仙台市青葉区,38.27945833096086,140.83687635587194
04102,宮城県,仙台市宮城野区,38.27354892972973,140.93493017837838
04103,宮城県,仙台市若林区,38.23959173509933,140.9162437880793
04104,宮城県,仙台市太白区,38.22245168181823,140.8565722474747
04105,宮城県,仙台市泉区,38.32651312087918,140.86076001098903
04202,宮城県,石巻市,38.44367231722054,141.33112017522646
04203,宮城県,塩竈市,38.32243759999999,141.02445081111114
04205,宮城県,気仙沼市,38.86588131920203,141.55642799002524
04206,宮城県,白石市,38.00086103030303,140.62662651515151
04207,宮城県,名取市,38.168989875,140.87548479464272
04208,宮城県,角田市,37.99650417391304,140.7819728695652
04209,宮城県,多賀城市,38.294311108108126,141.00670036486483
04211,宮城県,岩沼市,38.111292559999995,140.8695565899999
04212,宮城県,登米市,38.6391645147059,141.192628302941
04213,宮城県,栗原市,38.768493961038956,141.0380865844157
04214,宮城県,東松島市,38.40216223333332,141.17281023333328
04215,宮城県,大崎市,38.57554582959642,140.96391527802692
04216,宮城県,富谷市,38.37170323728814,140.88796532203398
04301,宮城県,刈田郡蔵王町,38.10904023076924,140.62020830769225
04302,宮城県,刈田郡七ヶ宿町,38.008367809338495,140.38100542412454
04321,宮城県,柴田郡大河原町,38.05200025000001,140.73057894117642
04322,宮城県,柴田郡村田町,38.112361625000005,140.72519862500002
04323,宮城県,柴田郡柴田町,38.070898328571424,140.7890305428571
04324,宮城県,柴田郡川崎町,38.19205875,140.62374475
04341,宮城県,伊具郡丸森町,37.90133106766917,140.73938443984977
04361,宮城県,亘理郡亘理町,38.03907284210526,140.8607999605263
04362,宮城県,亘理郡山元町,37.9632242857143,140.87781564285712
04401,宮城県,宮城郡松島町,38.4005874,141.0737835
04404,宮城県,宮城郡七ヶ浜町,38.29742088461539,141.05210492307685
04406,宮城県,宮城郡利府町,38.338504410256405,140.97258307692306
04421,宮城県,黒川郡大和町,38.42506651020406,140.90317955102043
04422,宮城県,黒川郡大郷町,38.42672316666667,141.00288216666667
04424,宮城県,黒川郡大衡村,38.47396861538462,140.89450461538465
04444,宮城県,加美郡色麻町,38.54259316666668,140.81859158333336
04445,宮城県,加美郡加美町,38.57995019134773,140.75102675207984
04501,宮城県,遠田郡涌谷町,38.53999725688075,141.12613044036704
04505,宮城県,遠田郡美里町,38.536723847222206,141.0761283333333
04581,宮城県,牡鹿郡女川町,38.43524136363637,141.47023025
04606,宮城県,本吉郡南三陸町,38.68844275000001,141.4566465
05201,秋田県,秋田市,39.713349586274454,140.12133954901978
05202,秋田県,能代市,40.19810060479041,140.06915350898203
05203,秋田県,横手市,39.29370816560507,140.53173409554142
05204,秋田県,大館市,40.26840856441716,140.5614763128834
05206,秋田県,男鹿市,39.936659941176465,139.8304947058824
05207,秋田県,湯沢市,39.15964028813563,140.487600841808
05209,秋田県,鹿角市,40.25073608333332,140.78806658333335
05210,秋田県,由利本荘市,39.36694580869563,140.0991734739129
05211,秋田県,潟上市,39.87034146666668,140.07450566666665
05212,秋田県,大仙市,39.49354743902439,140.46554393495953
05213,秋田県,北秋田市,40.10106024637684,140.38759199999998
05214,秋田県,にかほ市,39.21807302941177,139.9560336176471
05215,秋田県,仙北市,39.6618923,140.59769083333327
05303,秋田県,鹿角郡小坂町,40.35234533333334,140.76689616666667
05327,秋田県,北秋田郡上小阿仁村,40.026205666666655,140.30485155555556
05346,秋田県,山本郡藤里町,40.326916399999995,140.26916820000002
05348,秋田県,山本郡三種町,40.080726375000005,140.05815018750002
05349,秋田県,山本郡八峰町,40.30304741666666,140.06719041666668
05361,秋田県,南秋田郡五城目町,39.94717338888889,140.12546508333332
05363,秋田県,南秋田郡八郎潟町,39.94625103571428,140.07355139285715
05366,秋田県,南秋田郡井川町,39.90518578571429,140.10978464285716
05368,秋田県,南秋田郡大潟村,40.01260647619048,139.96982271428575
05434,秋田県,仙北郡美郷町,39.42714895833333,140.56590633333332
05463,秋田県,雄勝郡羽後町,39.18937207207209,140.4157564774774
05464,秋田県,雄勝郡東成瀬村,39.152264333333335,140.693999
06201,山形県,山形市,38.254109163227035,140.32519083302063
06202,山形県,米沢市,37.906096056994826,140.11187075647686
06203,山形県,鶴岡市,38.70984876470591,139.82175710457545
06204,山形県,酒田市,38.91132620303033,139.88516268181826
06205,山形県,新庄市,38.766817499999995,140.30007059090906
06206,山形県,寒河江市,38.38331105747128,140.2713084712644
06207,山形県,上山市,38.14763404629626,140.28442459259247
06208,山形県,村山市,38.49291450877191,140.37488814035086
06209,山形県,長井市,38.10796998076923,140.03177474999998
06210,山形県,天童市,38.354262173076926,140.37134582692303
06211,山形県,東根市,38.42471831578943,140.3944424210526
06212,山形県,尾花沢市,38.60690601666666,140.4371456
06213,山形県,南陽市,38.06485434782608,140.14720343478263
06301,山形県,東村山郡山辺町,38.28678230434782,140.24481678260875
06302,山形県,東村山郡中山町,38.333124100000006,140.2669585
06321,山形県,西村山郡河北町,38.425266782608695,140.31256578260866
06322,山形県,西村山郡西川町,38.446381,140.08184393749997
06323,山形県,西村山郡朝日町,38.29667875000001,140.13018857142856
06324,山形県,西村山郡大江町,38.37108174285714,140.14741600000008
06341,山形県,北村山郡大石田町,38.60033325,140.3563368125
06361,山形県,最上郡金山町,38.88677216666667,140.33672433333334
06362,山形県,最上郡最上町,38.76121191666666,140.51256858333335
06363,山形県,最上郡舟形町,38.681308200000004,140.310772
06364,山形県,最上郡真室川町,38.9174619,140.2678489
06365,山形県,最上郡大蔵村,38.6651275,140.21910175
06366,山形県,最上郡鮭川村,38.81581849999999,140.21813275
06367,山形県,最上郡戸沢村,38.742597125,140.15451112500003
06381,山形県,東置賜郡高畠町,37.99313291891892,140.17991667567566
06382,山形県,東置賜郡川西町,37.99956913636364,140.06184059090904
06401,山形県,西置賜郡小国町,38.06347702298851,139.75280248275857
06402,山形県,西置賜郡白鷹町,38.2006534347826,140.0901646521739
06403,山形県,西置賜郡飯豊町,37.962021681818186,139.91522322727272
06426,山形県,東田川郡三川町,38.78882089473686,139.85294499999998
06428,山形県,東田川郡庄内町,38.816889253968256,139.92421223809515
06461,山形県,飽海郡遊佐町,39.02630400000001,139.91541770833336
07201,福島県,福島市,37.745981867816106,140.45068255172424
07202,福島県,会津若松市,37.49362774242425,139.91712545075728
07203,福島県,郡山市,37.397082085051586,140.36708008247416
07204,福島県,いわき市,37.014866752000025,140.86182702666653
07205,福島県,白河市,37.117972683397724,140.2250112741311
07207,福島県,須賀川市,37.29088019444444,140.35475534027773
07208,福島県,喜多方市,37.64919492640694,139.86646664935066
07209,福島県,相馬市,37.79898382456139,140.92030663157894
07210,福島県,二本松市,37.58196575,140.43579996710528
07211,福島県,田村市,37.43414443396227,140.6116393018867
07212,福島県,南相馬市,37.622408994764406,140.9672422931937
07213,福島県,伊達市,37.81739723437498,140.53690460156255
07214,福島県,本宮市,37.50223730769231,140.4197850769231
07301,福島県,伊達郡桑折町,37.84237978082191,140.5173843835616
07303,福島県,伊達郡国見町,37.885217727272725,140.5481353181818
07308,福島県,伊達郡川俣町,37.66492793589745,140.60423752564105
07322,福島県,安達郡大玉村,37.553177500000004,140.3497215
07342,福島県,岩瀬郡鏡石町,37.24685411764707,140.35254884313727
07344,福島県,岩瀬郡天栄村,37.24849976923077,140.20854669230772
07362,福島県,南会津郡下郷町,37.25923918181818,139.8839295909091
07364,福島県,南会津郡檜枝岐村,37.021291500000004,139.38572588888889
07367,福島県,南会津郡只見町,37.32473795833332,139.3845399583334
07368,福島県,南会津郡南会津町,37.14987679999998,139.58589097333333
07402,福島県,耶麻郡北塩原村,37.669179,139.9848186
07405,福島県,耶麻郡西会津町,37.636814095238094,139.6557073333333
07407,福島県,耶麻郡磐梯町,37.57973675,139.98492099999999
07408,福島県,耶麻郡猪苗代町,37.57428733073929,140.10945516342406
07421,福島県,河沼郡会津坂下町,37.56376880000001,139.8216428818181
07422,福島県,河沼郡湯川村,37.56630099999999,139.88240616666664
07423,福島県,河沼郡柳津町,37.46653575,139.7122507
07444,福島県,大沼郡三島町,37.46567238461538,139.64885661538457
07445,福島県,大沼郡金山町,37.43273933333333,139.50586122222228
07446,福島県,大沼郡昭和村,37.32633188888889,139.6363314444444
07447,福島県,大沼郡会津美里町,37.45581796089386,139.8579841061452
07461,福島県,西白河郡西郷村,37.13785099999999,140.16433209523805
07464,福島県,西白河郡泉崎村,37.1584354,140.2958994
07465,福島県,西白河郡中島村,37.14238066666667,140.36096266666667
07466,福島県,西白河郡矢吹町,37.19416136363637,140.3510361477273
07481,福島県,東白川郡棚倉町,37.02733111111111,140.3700216388889
07482,福島県,東白川郡矢祭町,36.86426673333334,140.42376593333336
07483,福島県,東白川郡塙町,36.94312008333333,140.443576375
07484,福島県,東白川郡鮫川村,37.021638124999996,140.50862
07501,福島県,石川郡石川町,37.1503037671233,140.44402582191776
07502,福島県,石川郡玉川村,37.21725166666666,140.4437713333333
07503,福島県,石川郡平田村,37.21254715384615,140.56689338461538
07504,福島県,石川郡浅川町,37.07847088235295,140.42021482352942
07505,福島県,石川郡古殿町,37.100246874999996,140.55832675
07521,福島県,田村郡三春町,37.43885479999999,140.49174895000002
07522,福島県,田村郡小野町,37.2784215882353,140.61369047058824
07541,福島県,双葉郡広野町,37.21668709090908,140.985913
07542,福島県,双葉郡楢葉町,37.27768745454545,140.99494245454548
07543,福島県,双葉郡富岡町,37.35153233333333,141.00214458333326
07544,福島県,双葉郡川内村,37.332539,140.810313
07545,福島県,双葉郡大熊町,37.39604224999999,140.982897875
07546,福島県,双葉郡双葉町,37.45054405,140.99486030000003
07547,福島県,双葉郡浪江町,37.50294839393939,140.93672554545455
07548,福島県,双葉郡葛尾村,37.50647925,140.755573
07561,福島県,相馬郡新地町,37.871134222222224,140.9044778888889
07564,福島県,相馬郡飯舘村,37.679857600000005,140.7395167
08201,茨城県,水戸市,36.37555477489178,140.45320471428565
08202,茨城県,日立市,36.581841964843726,140.64141051953126
08203,茨城県,土浦市,36.08480441538461,140.1933801846153
08204,茨城県,古河市,36.18505554807691,139.74515986538478
08205,茨城県,石岡市,36.21047986956525,140.24835866666666
08207,茨城県,結城市,36.26783838461536,139.86634003846154
08208,茨城県,龍ヶ崎市,35.92117324060152,140.1815031879699
08210,茨城県,下妻市,36.18652955813955,139.96621975581394
08211,茨城県,常総市,36.066778000000006,139.9716380674158
08212,茨城県,常陸太田市,36.57651830769231,140.50947029807682
08214,茨城県,高萩市,36.726933750000015,140.69192747499997
08215,茨城県,北茨城市,36.80953965151515,140.7364048181818
08216,茨城県,笠間市,36.35086861643835,140.28752835616444
08217,茨城県,取手市,35.911885530769254,140.07257257692308
08219,茨城県,牛久市,35.977889972222215,140.1598950694444
08220,茨城県,つくば市,36.07948429096992,140.09151737792632
08221,茨城県,ひたちなか市,36.381126413793105,140.5596829241378
08222,茨城県,鹿嶋市,35.980150204545474,140.63174471590906
08223,茨城県,潮来市,35.95459560416666,140.5661804166666
08224,茨城県,守谷市,35.94998925000001,139.98497928947373
08225,茨城県,常陸大宮市,36.58556458536585,140.36101880487792
08226,茨城県,那珂市,36.465000615384604,140.47541579487182
08227,茨城県,筑西市,36.2934774463277,139.98549854237282
08228,茨城県,坂東市,36.060393274509785,139.89629519607854
08229,茨城県,稲敷市,35.94003945263157,140.36536509473677
08230,茨城県,かすみがうら市,36.128197050000004,140.27454488333328
08231,茨城県,桜川市,36.338577720430116,140.10897861290314
08232,茨城県,神栖市,35.862480745098054,140.6978147058823
08233,茨城県,行方市,36.065553465517254,140.48130177586216
08234,茨城県,鉾田市,36.17221588888887,140.52564066666673
08235,茨城県,つくばみらい市,35.9847796,140.03058698000007
08236,茨城県,小美玉市,36.20979779245284,140.35143566037732
08302,茨城県,東茨城郡茨城町,36.28356830952382,140.41876685714283
08309,茨城県,東茨城郡大洗町,36.309947900000004,140.5670378
08310,茨城県,東茨城郡城里町,36.48280729411766,140.33355864705882
08341,茨城県,那珂郡東海村,36.46740696551723,140.57261831034486
08364,茨城県,久慈郡大子町,36.786452700000005,140.35224569999994
08442,茨城県,稲敷郡美浦村,36.01312047222223,140.32310805555562
08443,茨城県,稲敷郡阿見町,36.019622578947356,140.22099542105263
08447,茨城県,稲敷郡河内町,35.87986252,140.27096963999998
08521,茨城県,結城郡八千代町,36.183692816326534,139.90014389795917
08542,茨城県,猿島郡五霞町,36.10733400000001,139.74750227777778
08546,茨城県,猿島郡境町,36.11173603571428,139.81143060714288
08564,茨城県,北相馬郡利根町,35.86959740000001,140.16321740000006
09201,栃木県,宇都宮市,36.5580046537678,139.88758317922625
09202,栃木県,足利市,36.33469994904458,139.46105314649682
09203,栃木県,栃木市,36.36972740277776,139.70974288888885
09204,栃木県,佐野市,36.34924816949154,139.57782210169498
09205,栃木県,鹿沼市,36.55510183969465,139.7357608244275
09206,栃木県,日光市,36.751062900709215,139.63448268085097
09208,栃木県,小山市,36.30647354301078,139.8000390806451
09209,栃木県,真岡市,36.42250285401463,139.9875669416059
09210,栃木県,大田原市,36.86090281818183,140.06508492727275
09211,栃木県,矢板市,36.80547060869566,139.92297760869567
09213,栃木県,那須塩原市,36.936275427083345,139.9942387187502
09214,栃木県,さくら市,36.711720127659575,139.98979365957442
09215,栃木県,那須烏山市,36.65979750000001,140.1309582068965
09216,栃木県,下野市,36.399074111111105,139.86066364197535
09301,栃木県,河内郡上三川町,36.446394999999995,139.90696675
09342,栃木県,芳賀郡益子町,36.45733304545453,140.10091622727273
09343,栃木県,芳賀郡茂木町,36.544444048780484,140.1873294878049
09344,栃木県,芳賀郡市貝町,36.56941852941176,140.10976617647054
09345,栃木県,芳賀郡芳賀町,36.54978960000001,140.0445881
09361,栃木県,下都賀郡壬生町,36.45526691666665,139.81531547916669
09364,栃木県,下都賀郡野木町,36.2283366,139.7416096
09384,栃木県,塩谷郡塩谷町,36.769971826086966,139.8511536521739
09386,栃木県,塩谷郡高根沢町,36.630572187500015,140.01274331250005
09407,栃木県,那須郡那須町,37.01316996296296,140.12883474074076
09411,栃木県,那須郡那珂川町,36.75304817241379,140.15976379310348
10201,群馬県,前橋市,36.39732721090908,139.09338629090917
10202,群馬県,高崎市,36.33468005747129,138.9950197088121
10203,群馬県,桐生市,36.420404767241386,139.3262143189655
10204,群馬県,伊勢崎市,36.317800559701475,139.21543364179104
10205,群馬県,太田市,36.29720963087249,139.34461614093962
10206,群馬県,沼田市,36.65676914999999,139.09322634999992
10207,群馬県,館林市,36.24530653246755,139.53404133766244
10208,群馬県,渋川市,36.513685686274506,139.021924372549
10209,群馬県,藤岡市,36.2299329318182,139.05295311363636
10210,群馬県,富岡市,36.26480071698115,138.85657986792464
10211,群馬県,安中市,36.32479547761194,138.84017685074633
10212,群馬県,みどり市,36.48095540909091,139.30571727272726
10344,群馬県,北群馬郡榛東村,36.4473998,138.95897340000002
10345,群馬県,北群馬郡吉岡町,36.445896000000005,139.00329012499998
10366,群馬県,多野郡上野村,36.07298199999999,138.7651437142857
10367,群馬県,多野郡神流町,36.11032320000001,138.8817532
10382,群馬県,甘楽郡下仁田町,36.214178157894736,138.7581428421052
10383,群馬県,甘楽郡南牧村,36.162967333333334,138.69580791666667
10384,群馬県,甘楽郡甘楽町,36.2330886923077,138.92419538461533
10421,群馬県,吾妻郡中之条町,36.612814192307674,138.78205684615386
10424,群馬県,吾妻郡長野原町,36.536654363636366,138.64027390909095
10425,群馬県,吾妻郡嬬恋村,36.52925436363636,138.5255199090909
10426,群馬県,吾妻郡草津町,36.610423499999996,138.57545349999998
10428,群馬県,吾妻郡高山村,36.622433,138.9357225
10429,群馬県,吾妻郡東吾妻町,36.533023347826074,138.81323582608695
10443,群馬県,利根郡片品村,36.778328,139.2347607857143
10444,群馬県,利根郡川場村,36.705181777777774,139.1147221111111
10448,群馬県,利根郡昭和村,36.617005285714285,139.09203785714288
10449,群馬県,利根郡みなかみ町,36.73997111363636,138.96001725
10464,群馬県,佐波郡玉村町,36.30195708000001,139.12650755999994
10521,群馬県,邑楽郡板倉町,36.231172739130436,139.623282
10522,群馬県,邑楽郡明和町,36.207564500000004,139.53570018750003
10523,群馬県,邑楽郡千代田町,36.21063446666667,139.45489139999998
10524,群馬県,邑楽郡大泉町,36.255187269230774,139.4105305
10525,群馬県,邑楽郡邑楽町,36.25867891666666,139.4678385
11101,埼玉県,さいたま市西区,35.908637947368426,139.57461560526318
11102,埼玉県,さいたま市北区,35.935609333333325,139.61880996296293
11103,埼玉県,さいたま市大宮区,35.907283648148145,139.62695383333337
11104,埼玉県,さいたま市見沼区,35.93153768571429,139.6668685142857
11105,埼玉県,さいたま市中央区,35.88224150724639,139.6238787826087
11106,埼玉県,さいたま市桜区,35.856192300000004,139.61756584285718
11107,埼玉県,さいたま市浦和区,35.87239750574711,139.65323919540236
11108,埼玉県,さいたま市南区,35.84358265000001,139.65322721249993
11109,埼玉県,さいたま市緑区,35.88235312307691,139.69877009230774
11110,埼玉県,さいたま市岩槻区,35.950114153225826,139.70706620161292
11201,埼玉県,川越市,35.911316694779124,139.47322638152622
11202,埼玉県,熊谷市,36.154315092105236,139.37800849122806
11203,埼玉県,川口市,35.829820452205865,139.73097999264706
11206,埼玉県,行田市,36.139737297872315,139.46098489361702
11207,埼玉県,秩父市,36.002411388059706,139.05811041791043
11208,埼玉県,所沢市,35.80030831250001,139.45518998125
11209,埼玉県,飯能市,35.86703927380953,139.28498955952384
11210,埼玉県,加須市,36.12969093243243,139.62087505405412
11211,埼玉県,本庄市,36.22716952857141,139.17329578571432
11212,埼玉県,東松山市,36.026982878378384,139.400169081081
11214,埼玉県,春日部市,35.975658202797206,139.76426929370626
11215,埼玉県,狭山市,35.8599052586207,139.41102843103448
11216,埼玉県,羽生市,36.169087337349396,139.5491120963856
11217,埼玉県,鴻巣市,36.07553570895523,139.4968146044776
11218,埼玉県,深谷市,36.191701430769264,139.27792663846145
11219,埼玉県,上尾市,35.97546897163119,139.58108986524826
11221,埼玉県,草加市,35.83790302608698,139.80104199130432
11222,埼玉県,越谷市,35.89331557286432,139.7930936432162
11223,埼玉県,蕨市,35.82467275862071,139.6862803448276
11224,埼玉県,戸田市,35.81520871875001,139.66272198437503
11225,埼玉県,入間市,35.8255934489796,139.38139003061227
11227,埼玉県,朝霞市,35.80716564102564,139.59234656410246
11228,埼玉県,志木市,35.83397066666667,139.57915493939393
11229,埼玉県,和光市,35.78938265625002,139.62032381250003
11230,埼玉県,新座市,35.78564863414632,139.5602538780488
11231,埼玉県,桶川市,36.00486798039216,139.5630042352942
11232,埼玉県,久喜市,36.08536661184214,139.67589660526323
11233,埼玉県,北本市,36.02729707874015,139.53159522834656
11234,埼玉県,八潮市,35.81734693617023,139.8365738510639
11235,埼玉県,富士見市,35.85117048333332,139.54686676666668
11237,埼玉県,三郷市,35.83500521052636,139.86933051754372
11238,埼玉県,蓮田市,35.989478927536226,139.6537349710146
11239,埼玉県,坂戸市,35.96045659183676,139.38659232653075
11240,埼玉県,幸手市,36.0730253015873,139.73099114285714
11241,埼玉県,鶴ヶ島市,35.93736730232559,139.3974779767442
11242,埼玉県,日高市,35.89307126415095,139.33691250943392
11243,埼玉県,吉川市,35.887150631578926,139.85902471578947
11245,埼玉県,ふじみ野市,35.86945335200001,139.51883790399998
11246,埼玉県,白岡市,36.02545318918918,139.6660092432433
11301,埼玉県,北足立郡伊奈町,36.00496353658535,139.61360436585363
11324,埼玉県,入間郡三芳町,35.83138016666667,139.53093249999998
11326,埼玉県,入間郡毛呂山町,35.94368539999997,139.32055420000003
11327,埼玉県,入間郡越生町,35.963273034482775,139.28797437931036
11341,埼玉県,比企郡滑川町,36.05693004545455,139.3537382727273
11342,埼玉県,比企郡嵐山町,36.05285380952381,139.31989723809525
11343,埼玉県,比企郡小川町,36.06657695,139.26273029999993
11346,埼玉県,比企郡川島町,35.9861353220339,139.47911767796603
11347,埼玉県,比企郡吉見町,36.04347834693876,139.46180571428576
11348,埼玉県,比企郡鳩山町,35.98715776000001,139.34321351999995
11349,埼玉県,比企郡ときがわ町,36.00319344444443,139.2632942222222
11361,埼玉県,秩父郡横瀬町,35.967510000000004,139.13127400000002
11362,埼玉県,秩父郡皆野町,36.080887700000005,139.08522029999997
11363,埼玉県,秩父郡長瀞町,36.113879874999995,139.116352125
11365,埼玉県,秩父郡小鹿野町,36.02395116666667,138.9581428333333
11369,埼玉県,秩父郡東秩父村,36.04851685714285,139.18388114285713
11381,埼玉県,児玉郡美里町,36.178995352941186,139.1764209411765
11383,埼玉県,児玉郡神川町,36.197059450000005,139.08915874999997
11385,埼玉県,児玉郡上里町,36.2522070625,139.13424331250002
11408,埼玉県,大里郡寄居町,36.109033260869566,139.2085989130435
11442,埼玉県,南埼玉郡宮代町,36.02258824561404,139.72103333333334
11464,埼玉県,北葛飾郡杉戸町,36.038125199999996,139.73960366666674
11465,埼玉県,北葛飾郡松伏町,35.92774616,139.8241984
12101,千葉県,千葉市中央区,35.60024049999999,140.1268489701493
12102,千葉県,千葉市花見川区,35.67235316455693,140.08577335443044
12103,千葉県,千葉市稲毛区,35.63807216923078,140.1041945230769
12104,千葉県,千葉市若葉区,35.62202841509433,140.17871105660385
12105,千葉県,千葉市緑区,35.541237382352946,140.2123325294117
12106,千葉県,千葉市美浜区,35.638190711538456,140.05844675
12202,千葉県,銚子市,35.735791684523804,140.80511752976193
12203,千葉県,市川市,35.715591004201656,139.92520219747894
12204,千葉県,船橋市,35.721840428134655,140.01164259938852
12205,千葉県,館山市,34.977821959999986,139.85819569333333
12206,千葉県,木更津市,35.37612940170938,139.94390426068372
12207,千葉県,松戸市,35.8021294291498,139.93135464372457
12208,千葉県,野田市,35.98459350961538,139.8511927115384
12210,千葉県,茂原市,35.440723723809555,140.29834032380944
12211,千葉県,成田市,35.803335774509804,140.33729349019626
12212,千葉県,佐倉市,35.715111303664926,140.20334328272253
12213,千葉県,東金市,35.55812296629214,140.37121466292135
12215,千葉県,旭市,35.73539404687501,140.66206987500007
12216,千葉県,習志野市,35.682117999999996,140.03660414893614
12217,千葉県,柏市,35.85347863207544,139.97635422955952
12218,千葉県,勝浦市,35.17014666000001,140.2740142000001
12219,千葉県,市原市,35.473391939086376,140.11995217512688
12220,千葉県,流山市,35.8668711014493,139.91448162318832
12221,千葉県,八千代市,35.725537732142854,140.10011848214293
12222,千葉県,我孫子市,35.86839734108527,140.05574664341083
12223,千葉県,鴨川市,35.11352134210524,140.05935818421057
12224,千葉県,鎌ヶ谷市,35.767979870588206,140.00015794117647
12225,千葉県,君津市,35.297906544600934,139.96773789201873
12226,千葉県,富津市,35.254390807228894,139.88926710843373
12227,千葉県,浦安市,35.64704061445784,139.90618650602403
12228,千葉県,四街道市,35.6688849552239,140.18175135820897
12229,千葉県,袖ヶ浦市,35.42088739189192,140.00343040540548
12230,千葉県,八街市,35.64927944444443,140.29703380555557
12231,千葉県,印西市,35.80420238624336,140.16741017989418
12232,千葉県,白井市,35.794606607843136,140.05631080392158
12233,千葉県,富里市,35.735975619047636,140.33000761904762
12234,千葉県,南房総市,35.03634024324321,139.93010982882885
12235,千葉県,匝瑳市,35.708141814285696,140.54242068571418
12236,千葉県,香取市,35.86492287943261,140.53056112765958
12237,千葉県,山武市,35.62216226966294,140.4254780224719
12238,千葉県,いすみ市,35.282001937500006,140.34053040625
12239,千葉県,大網白里市,35.51838242857142,140.3312988214286
12322,千葉県,印旛郡酒々井町,35.729188272727264,140.27770124242423
12329,千葉県,印旛郡栄町,35.84367501960785,140.2416311764706
12342,千葉県,香取郡神崎町,35.88999716666666,140.40896627777778
12347,千葉県,香取郡多古町,35.754255634146354,140.47379919512198
12349,千葉県,香取郡東庄町,35.80765776,140.66986524
12403,千葉県,山武郡九十九里町,35.52657575,140.42712106250002
12409,千葉県,山武郡芝山町,35.71697856521739,140.41631060869565
12410,千葉県,山武郡横芝光町,35.66573478000001,140.48839090000007
12421,千葉県,長生郡一宮町,35.369521299999995,140.37110330000002
12422,千葉県,長生郡睦沢町,35.361341375,140.3154961875
12423,千葉県,長生郡長生村,35.41017466666666,140.3582242916667
12424,千葉県,長生郡白子町,35.450634000000015,140.37795721428574
12426,千葉県,長生郡長柄町,35.44070592307692,140.2208608076923
12427,千葉県,長生郡長南町,35.384159999999994,140.2426203030303
12441,千葉県,夷隅郡大多喜町,35.25613713793105,140.22473027586213
12443,千葉県,夷隅郡御宿町,35.192431000000006,140.34250991666667
12463,千葉県,安房郡鋸南町,35.12935152941176,139.86500976470586
13101,東京都,千代田区,35.69180986086954,139.75971808695644
13102,東京都,中央区,35.67579435714288,139.77717087755104
13103,東京都,港区,35.655364435897454,139.73948148717955
13104,東京都,新宿区,35.7004364868421,139.71826459868421
13105,東京都,文京区,35.71702964705881,139.74711998529426
13106,東京都,台東区,35.7142002222222,139.78582924074072
13107,東京都,墨田区,35.70703957692308,139.81206185576923
13108,東京都,江東区,35.669547899371054,139.81253999999998
13109,東京都,品川区,35.611529299999994,139.7244510384615
13110,東京都,目黒区,35.62976767045456,139.689096784091
13111,東京都,大田区,35.57378438990826,139.71896903669733
13112,東京都,世田谷区,35.640530895306824,139.63535057039704
13113,東京都,渋谷区,35.665480912500016,139.69705101249997
13114,東京都,中野区,35.711335811764705,139.6619402823528
13115,東京都,杉並区,35.69885049640288,139.62396089928046
13116,東京都,豊島区,35.7319853253012,139.71191361445767
13117,東京都,北区,35.7619071238938,139.73159760176992
13118,東京都,荒川区,35.74043390384617,139.77806236538464
13119,東京都,板橋区,35.769011791044775,139.67794709701494
13120,東京都,練馬区,35.74628064851488,139.6224803118812
13121,東京都,足立区,35.780008018587345,139.797524301115
13122,東京都,葛飾区,35.752057954838705,139.85561214193564
13123,東京都,江戸川区,35.69516582914573,139.87871479396975
13201,東京都,八王子市,35.65387053768841,139.32976158793983
13202,東京都,立川市,35.71420006329116,139.4053518101267
13203,東京都,武蔵野市,35.70816303921567,139.56124107843132
13204,東京都,三鷹市,35.68555922580642,139.56149359677408
13205,東京都,青梅市,35.794075319444445,139.26619863888882
13206,東京都,府中市,35.67126545578232,139.48012856462583
13207,東京都,昭島市,35.708301937499996,139.36571022500004
13208,東京都,調布市,35.65774974074074,139.5527095555556
13209,東京都,町田市,35.55751867368417,139.45516933684212
13210,東京都,小金井市,35.70154362222222,139.51082164444452
13211,東京都,小平市,35.72791256756757,139.48226202702702
13212,東京都,日野市,35.66397493750001,139.39414281249995
13213,東京都,東村山市,35.75854094339623,139.4699793207547
13214,東京都,国分寺市,35.70601745714288,139.4618925142857
13215,東京都,国立市,35.6864958064516,139.4380486129032
13218,東京都,福生市,35.738436799999995,139.33026830000003
13219,東京都,狛江市,35.635038536585384,139.57762919512197
13220,東京都,東大和市,35.74771159210527,139.43052847368418
13221,東京都,清瀬市,35.782082302325584,139.52290790697677
13222,東京都,東久留米市,35.754315062499984,139.52033225
13223,東京都,武蔵村山市,35.75170258461539,139.38414103076923
13224,東京都,多摩市,35.62921686516854,139.44035108988763
13225,東京都,稲城市,35.628959807692304,139.48766715384613
13227,東京都,羽村市,35.76336086274508,139.31403288235285
13228,東京都,あきる野市,35.72823060714287,139.27412407142862
13229,東京都,西東京市,35.73592419298247,139.54876260526316
13303,東京都,西多摩郡瑞穂町,35.774682318181824,139.3407006818182
13305,東京都,西多摩郡日の出町,35.754901000000004,139.241916
13307,東京都,西多摩郡檜原村,35.733453153846156,139.1149576153846
13308,東京都,西多摩郡奥多摩町,35.806247666666664,139.09213153333337
13361,東京都,大島町,34.7419316,139.38470940000002
13362,東京都,利島村,34.529992,139.278011
13363,東京都,新島村,34.374137499999996,139.25415250000003
13364,東京都,神津島村,34.21047262857144,139.14392442857144
13381,東京都,三宅村,34.08799883333334,139.51914016666666
13382,東京都,御蔵島村,33.897291,139.595894
13401,東京都,八丈町,33.10570357142858,139.77049485714284
13402,東京都,青ヶ島村,32.459834,139.76484649999998
13421,東京都,小笠原村,25.450344571428577,142.68086457142857
14101,神奈川県,横浜市鶴見区,35.510364561538466,139.67416200769225
14102,神奈川県,横浜市神奈川区,35.481975125984285,139.6295253779528
14103,神奈川県,横浜市西区,35.45616047058825,139.6191593970589
14104,神奈川県,横浜市中区,35.439378027131795,139.63986217054264
14105,神奈川県,横浜市南区,35.43150463398693,139.61157562091492
14106,神奈川県,横浜市保土ヶ谷区,35.45796318181818,139.58401403030302
14107,神奈川県,横浜市磯子区,35.39824014473684,139.61467182894748
14108,神奈川県,横浜市金沢区,35.34557525742576,139.61995768316837
14109,神奈川県,横浜市港北区,35.531569990099,139.62911773267334
14110,神奈川県,横浜市戸塚区,35.40270413333333,139.53300197777781
14111,神奈川県,横浜市港南区,35.39632551190474,139.57942240476194
14112,神奈川県,横浜市旭区,35.47704869444445,139.53047001388887
14113,神奈川県,横浜市緑区,35.514007984375006,139.53500395312506
14114,神奈川県,横浜市瀬谷区,35.46694459322033,139.4874852711865
14115,神奈川県,横浜市栄区,35.362952796296305,139.55861031481476
14116,神奈川県,横浜市泉区,35.41726150819672,139.50646304918027
14117,神奈川県,横浜市青葉区,35.55988702531646,139.5275208734177
14118,神奈川県,横浜市都筑区,35.54732032631577,139.5782259263158
14131,神奈川県,川崎市川崎区,35.523629891304324,139.71925604347828
14132,神奈川県,川崎市幸区,35.543863954545444,139.68271136363637
14133,神奈川県,川崎市中原区,35.57657202666668,139.6492887733333
14134,神奈川県,川崎市高津区,35.59471490140846,139.6159668028168
14135,神奈川県,川崎市多摩区,35.61819162745098,139.54865689215683
14136,神奈川県,川崎市宮前区,35.585985695652155,139.57998614130432
14137,神奈川県,川崎市麻生区,35.60120748412698,139.50091645238098
14151,神奈川県,相模原市緑区,35.593675459183665,139.28857848979584
14152,神奈川県,相模原市中央区,35.566717620915064,139.3754908104576
14153,神奈川県,相模原市南区,35.52896369600002,139.42062180800008
14201,神奈川県,横須賀市,35.256798568965536,139.66620364080447
14203,神奈川県,平塚市,35.346749846153855,139.3346434166666
14204,神奈川県,鎌倉市,35.327055542483656,139.5347371111111
14205,神奈川県,藤沢市,35.34890784688995,139.47325830143546
14206,神奈川県,小田原市,35.272694978102194,139.16933852554754
14207,神奈川県,茅ヶ崎市,35.33675834166664,139.41118040833334
14208,神奈川県,逗子市,35.29871605660379,139.58232669811323
14210,神奈川県,三浦市,35.154736375,139.63029625
14211,神奈川県,秦野市,35.377149571428546,139.21695672380952
14212,神奈川県,厚木市,35.452577206896564,139.34642788275858
14213,神奈川県,大和市,35.47667822131149,139.454519647541
14214,神奈川県,伊勢原市,35.401218070422544,139.31527270422532
14215,神奈川県,海老名市,35.44149055555557,139.3931497962963
14216,神奈川県,座間市,35.48669541791043,139.41355935820897
14217,神奈川県,南足柄市,35.31430233333334,139.09549729629634
14218,神奈川県,綾瀬市,35.437944905982945,139.43224423076927
14301,神奈川県,三浦郡葉山町,35.270658000000005,139.60185366666664
14321,神奈川県,高座郡寒川町,35.3696456969697,139.38867351515157
14341,神奈川県,中郡大磯町,35.31657328571427,139.2949789047619
14342,神奈川県,中郡二宮町,35.309460437500015,139.25005612500004
14361,神奈川県,足柄上郡中井町,35.33299386666667,139.21181826666665
14362,神奈川県,足柄上郡大井町,35.334149000000004,139.1643359
14363,神奈川県,足柄上郡松田町,35.36726,139.1383195
14364,神奈川県,足柄上郡山北町,35.38427993333333,139.0544912666667
14366,神奈川県,足柄上郡開成町,35.32946584615385,139.12426030769228
14382,神奈川県,足柄下郡箱根町,35.23213335294117,139.05508247058822
14383,神奈川県,足柄下郡真鶴町,35.1626045,139.135029
14384,神奈川県,足柄下郡湯河原町,35.15019038888889,139.10192355555554
14401,神奈川県,愛甲郡愛川町,35.524425166666674,139.317784
14402,神奈川県,愛甲郡清川村,35.4921705,139.238433
15101,新潟県,新潟市北区,37.9227667948718,139.18813035897446
15102,新潟県,新潟市東区,37.92182525193799,139.10069645348835
15103,新潟県,新潟市中央区,37.914575440476106,139.04760559325373
15104,新潟県,新潟市江南区,37.865774140221376,139.1080378265682
15105,新潟県,新潟市秋葉区,37.79699773825505,139.11767720134225
15106,新潟県,新潟市南区,37.77469554411765,139.02496859558818
15107,新潟県,新潟市西区,37.86590774458877,138.96469283982702
15108,新潟県,新潟市西蒲区,37.757280222222235,138.91022548611102
15202,新潟県,長岡市,37.47059781485358,138.84794299686192
15204,新潟県,三条市,37.60469427952757,138.98434189763782
15205,新潟県,柏崎市,37.36285458955222,138.5861613022387
15206,新潟県,新発田市,37.95436787323946,139.34520756338014
15208,新潟県,小千谷市,37.30538769863015,138.79796027397254
15209,新潟県,加茂市,37.6575051025641,139.0574054487179
15210,新潟県,十日町市,37.11571110495628,138.72187933527692
15211,新潟県,見附市,37.53075800952384,138.91769981904758
15212,新潟県,村上市,38.26075742379182,139.49549720817828
15213,新潟県,燕市,37.66186454028434,138.88839413744068
15216,新潟県,糸魚川市,37.0268599,137.91645547894743
15217,新潟県,妙高市,36.99946016184974,138.2512589364161
15218,新潟県,五泉市,37.715546345454555,139.1874006303031
15222,新潟県,上越市,37.13881776423691,138.31361645899804
15223,新潟県,阿賀野市,37.830132680952374,139.23684638571427
15224,新潟県,佐渡市,38.019737976588615,138.34411035117063
15225,新潟県,魚沼市,37.26231210743802,138.98734804958667
15226,新潟県,南魚沼市,37.07565907594934,138.9043552594937
15227,新潟県,胎内市,38.061958061946925,139.40806311504434
15307,新潟県,北蒲原郡聖籠町,37.97978515384615,139.26664980769235
15342,新潟県,西蒲原郡弥彦村,37.689759636363625,138.84999995454544
15361,新潟県,南蒲原郡田上町,37.69646158333333,139.06033025000002
15385,新潟県,東蒲原郡阿賀町,37.6820940819672,139.43783811475407
15405,新潟県,三島郡出雲崎町,37.53133395121952,138.7123258780487
15461,新潟県,南魚沼郡湯沢町,36.9134819,138.8056991
15482,新潟県,中魚沼郡津南町,36.98120988235294,138.6417831176471
15504,新潟県,刈羽郡刈羽村,37.42513475,138.63443609999996
15581,新潟県,岩船郡関川村,38.08977470212766,139.56660282978726
15586,新潟県,岩船郡粟島浦村,38.460425666666666,139.24431
16201,富山県,富山市,36.659430488281295,137.2087213960937
16202,富山県,高岡市,36.73953609743586,136.99859069999985
16204,富山県,魚津市,36.80760520769232,137.42677842307685
16205,富山県,氷見市,36.862995147541,136.95549385245891
16206,富山県,滑川市,36.75741897457627,137.36501440677975
16207,富山県,黒部市,36.86525489915965,137.46941828571426
16208,富山県,砺波市,36.62856910810811,136.98264967567567
16209,富山県,小矢部市,36.667250338461585,136.8647019692308
16210,富山県,南砺市,36.52214516370107,136.915628455516
16211,富山県,射水市,36.73073179918035,137.09703420081965
16321,富山県,中新川郡舟橋村,36.700501200000005,137.3047724
16322,富山県,中新川郡上市町,36.69993748780487,137.3690250569105
16323,富山県,中新川郡立山町,36.65001865413532,137.32907816541342
16342,富山県,下新川郡入善町,36.92246946551723,137.4959286896551
16343,富山県,下新川郡朝日町,36.93588076086958,137.5668167608696
17201,石川県,金沢市,36.5639320456522,136.65796081413032
17202,石川県,七尾市,37.06740421531102,136.93702455502407
17203,石川県,小松市,36.38477512891986,136.46317415679437
17204,石川県,輪島市,37.33109195813954,136.8634265395348
17205,石川県,珠洲市,37.457726935064926,137.24411606493504
17206,石川県,加賀市,36.29337655696201,136.34819808016888
17207,石川県,羽咋市,36.905902972222215,136.8044558194443
17209,石川県,かほく市,36.74060971698111,136.72323633962262
17210,石川県,白山市,36.471612649425296,136.57731220977
17211,石川県,能美市,36.44239132692306,136.52399024999994
17212,石川県,野々市市,36.526408647619036,136.6048196761905
17324,石川県,能美郡川北町,36.46850941666667,136.54104775000002
17361,石川県,河北郡津幡町,36.67927969999998,136.76150716000004
17365,石川県,河北郡内灘町,36.648110227272724,136.64309313636366
17384,石川県,羽咋郡志賀町,37.08964468103448,136.76640618965504
17386,石川県,羽咋郡宝達志水町,36.83010292452828,136.78955335849042
17407,石川県,鹿島郡中能登町,36.973177680851066,136.89860153191495
17461,石川県,鳳珠郡穴水町,37.235558524590154,136.93473660655738
17463,石川県,鳳珠郡能登町,37.32607726315788,137.1415014
18201,福井県,福井市,36.06034257713503,136.21050493250675
18202,福井県,敦賀市,35.64909079084964,136.07138209150327
18204,福井県,小浜市,35.49094625,135.75379339583318
18205,福井県,大野市,35.95886732663315,136.5428693417085
18206,福井県,勝山市,36.06803768333332,136.49980526666664
18207,福井県,鯖江市,35.958526856209176,136.19298009803924
18208,福井県,あわら市,36.22125980645157,136.2301467741935
18209,福井県,越前市,35.90002633864541,136.17956294023912
18210,福井県,坂井市,36.164092193905795,136.22508547922453
18322,福井県,吉田郡永平寺町,36.087672516483536,136.32511223076924
18382,福井県,今立郡池田町,35.885387808510636,136.36386742553188
18404,福井県,南条郡南越前町,35.79778337931036,136.1884275689655
18423,福井県,丹生郡越前町,35.96281568367347,136.07621637755108
18442,福井県,三方郡美浜町,35.60986059374999,135.95067196874996
18481,福井県,大飯郡高浜町,35.49592555769231,135.52571228846153
18483,福井県,大飯郡おおい町,35.43371063043476,135.62378989130437
18501,福井県,三方上中郡若狭町,35.511650907894726,135.87347914473693
19201,山梨県,甲府市,35.659189247706415,138.56986168348644
19202,山梨県,富士吉田市,35.48972095959597,138.80697894949483
19204,山梨県,都留市,35.55328016981132,138.9095866792453
19205,山梨県,山梨市,35.723261301886794,138.68803015094332
19206,山梨県,大月市,35.61713791304348,138.95276793478257
19207,山梨県,韮崎市,35.71360954385966,138.44302156140353
19208,山梨県,南アルプス市,35.619184323076915,138.45785892307686
19209,山梨県,北杜市,35.820979236111114,138.3912835277777
19210,山梨県,甲斐市,35.70612578947368,138.52020647368417
19211,山梨県,笛吹市,35.6286673838384,138.6605854545454
19212,山梨県,上野原市,35.63100025,139.07641495833337
19213,山梨県,甲州市,35.69789515909092,138.7489562954545
19214,山梨県,中央市,35.59257925925926,138.53535699999998
19346,山梨県,西八代郡市川三郷町,35.525532250000005,138.50332879166663
19364,山梨県,南巨摩郡早川町,35.442875095238094,138.34710028571425
19365,山梨県,南巨摩郡身延町,35.43438576543208,138.4651880864199
19366,山梨県,南巨摩郡南部町,35.271547000000005,138.46582521428573
19368,山梨県,南巨摩郡富士川町,35.543823849999995,138.44081075000003
19384,山梨県,中巨摩郡昭和町,35.62775390909091,138.53248072727274
19422,山梨県,南都留郡道志村,35.52089305660376,139.03655052830183
19423,山梨県,南都留郡西桂町,35.52337266666667,138.84068266666665
19424,山梨県,南都留郡忍野村,35.460119500000005,138.84952199999998
19425,山梨県,南都留郡山中湖村,35.4262465,138.869589
19429,山梨県,南都留郡鳴沢村,35.479566366197176,138.7089940985915
19430,山梨県,南都留郡富士河口湖町,35.49151435714286,138.70396092857146
19442,山梨県,北都留郡小菅村,35.751079000000004,138.96196718181818
19443,山梨県,北都留郡丹波山村,35.790138142857145,138.92322214285713
20201,長野県,長野市,36.63268517799352,138.16777204207128
20202,長野県,松本市,36.2258725114155,137.9667642876713
20203,長野県,上田市,36.377438008771925,138.23723317543852
20204,長野県,岡谷市,36.0635122020202,138.05072832323242
20205,長野県,飯田市,35.50323718421055,137.82658968947368
20206,長野県,諏訪市,36.035894021739125,138.1180655217392
20207,長野県,須坂市,36.64562338775512,138.30845173469388
20208,長野県,小諸市,36.32758990697674,138.43024298837213
20209,長野県,伊那市,35.83442707407409,138.00533011111114
20210,長野県,駒ヶ根市,35.73499533333333,137.94258833333333
20211,長野県,中野市,36.75508884905659,138.35769803773593
20212,長野県,大町市,36.50275571428572,137.86129014285717
20213,長野県,飯山市,36.88346362068966,138.37622751724138
20214,長野県,茅野市,36.00483066666668,138.19133555555553
20215,長野県,塩尻市,36.10110275000001,137.95359955
20217,長野県,佐久市,36.23667301369866,138.4573618356164
20218,長野県,千曲市,36.5131042857143,138.13099245238095
20219,長野県,東御市,36.3557555,138.34729865
20220,長野県,安曇野市,36.31958894999999,137.89694779999996
20303,長野県,南佐久郡小海町,36.07755159999999,138.4704904
20304,長野県,南佐久郡川上村,35.948277375,138.59919100000002
20305,長野県,南佐久郡南牧村,35.976922,138.46928066666666
20306,長野県,南佐久郡南相木村,36.034941332075476,138.54315067169816
20307,長野県,南佐久郡北相木村,36.063650466666665,138.5613815333333
20309,長野県,南佐久郡佐久穂町,36.13711172727273,138.4800897272727
20321,長野県,北佐久郡軽井沢町,36.34218633333333,138.60747344444445
20323,長野県,北佐久郡御代田町,36.31363237499999,138.523175375
20324,長野県,北佐久郡立科町,36.26637044444445,138.30789711111112
20349,長野県,小県郡青木村,36.36396714285714,138.11816000000002
20350,長野県,小県郡長和町,36.23846475,138.24883725
20361,長野県,諏訪郡下諏訪町,36.07638539436618,138.08857032394363
20362,長野県,諏訪郡富士見町,35.905116799999995,138.262221
20363,長野県,諏訪郡原村,35.9642622,138.2286628666667
20382,長野県,上伊那郡辰野町,35.987249625,137.98233218750002
20383,長野県,上伊那郡箕輪町,35.9127838,137.98940780000004
20384,長野県,上伊那郡飯島町,35.6758654,137.9233276
20385,長野県,上伊那郡南箕輪村,35.876054,137.96620866666666
20386,長野県,上伊那郡中川村,35.636670499999994,137.9612085
20388,長野県,上伊那郡宮田村,35.761754,137.94059027272732
20402,長野県,下伊那郡松川町,35.604023,137.8952505
20403,長野県,下伊那郡高森町,35.569703,137.85856057142857
20404,長野県,下伊那郡阿南町,35.31670471428571,137.79579671428573
20407,長野県,下伊那郡阿智村,35.448922857142854,137.70281971428577
20409,長野県,下伊那郡平谷村,35.3226648,137.6345837
20410,長野県,下伊那郡根羽村,35.25604142424242,137.59323627272724
20411,長野県,下伊那郡下條村,35.388551500000005,137.7727645
20412,長野県,下伊那郡売木村,35.27199142857143,137.70699985714285
20413,長野県,下伊那郡天龍村,35.26965833333333,137.830476
20414,長野県,下伊那郡泰阜村,35.370526399999996,137.84757690000004
20415,長野県,下伊那郡喬木村,35.5047088125,137.8936111875
20416,長野県,下伊那郡豊丘村,35.543313,137.9472495
20417,長野県,下伊那郡大鹿村,35.580011,138.0725685
20422,長野県,木曽郡上松町,35.78102663157895,137.69294242105266
20423,長野県,木曽郡南木曽町,35.596567,137.5928726666667
20425,長野県,木曽郡木祖村,35.973967333333334,137.76463133333334
20429,長野県,木曽郡王滝村,35.8157375263158,137.54830600000003
20430,長野県,木曽郡大桑村,35.7023675,137.68787049999997
20432,長野県,木曽郡木曽町,35.89323716666666,137.67005816666668
20446,長野県,東筑摩郡麻績村,36.4590025,138.0330965
20448,長野県,東筑摩郡生坂村,36.4251025,137.93833383333336
20450,長野県,東筑摩郡山形村,36.16628816666667,137.87371433333337
20451,長野県,東筑摩郡朝日村,36.1058,137.8444645
20452,長野県,東筑摩郡筑北村,36.406595,138.0291801666667
20481,長野県,北安曇郡池田町,36.4168872,137.8990154
20482,長野県,北安曇郡松川村,36.410962,137.862022
20485,長野県,北安曇郡白馬村,36.680336,137.8442465
20486,長野県,北安曇郡小谷村,36.818171,137.91835425
20521,長野県,埴科郡坂城町,36.450787,138.18717083333334
20541,長野県,上高井郡小布施町,36.701150000000005,138.3125884
20543,長野県,上高井郡高山村,36.670437,138.403068
20561,長野県,下高井郡山ノ内町,36.744369999999996,138.441158
20562,長野県,下高井郡木島平村,36.851212000000004,138.45990833333335
20563,長野県,下高井郡野沢温泉村,36.93485914285714,138.45468714285718
20583,長野県,上水内郡信濃町,36.8091677,138.20624600000002
20588,長野県,上水内郡小川村,36.632445999999995,137.96188475
20590,長野県,上水内郡飯綱町,36.746379555555556,138.23353955555555
20602,長野県,下水内郡栄村,36.953563,138.56636133333333
21201,岐阜県,岐阜市,35.424527752216484,136.76013257909466
21202,岐阜県,大垣市,35.35645785737436,136.6101718768234
21203,岐阜県,高山市,36.13960153392328,137.27710868436586
21204,岐阜県,多治見市,35.340343090109876,137.11693739999998
21205,岐阜県,関市,35.49206330617972,136.91247320786536
21206,岐阜県,中津川市,35.515257392156876,137.49657772549023
21207,岐阜県,美濃市,35.54776171428571,136.90188512244902
21208,岐阜県,瑞浪市,35.36069665,137.2501073499999
21209,岐阜県,羽島市,35.322631573705216,136.7056252868526
21210,岐阜県,恵那市,35.384475367346944,137.39288575510204
21211,岐阜県,美濃加茂市,35.45493056363636,137.0224147181817
21212,岐阜県,土岐市,35.35662044827584,137.18699311724143
21213,岐阜県,各務原市,35.40379653695321,136.87043994720946
21214,岐阜県,可児市,35.404567656804744,137.0502303964497
21215,岐阜県,山県市,35.5634300769231,136.75732392307697
21216,岐阜県,瑞穂市,35.39914972413793,136.6750747586207
21217,岐阜県,飛騨市,36.31027059602648,137.21046231788094
21218,岐阜県,本巣市,35.54076772222221,136.64542518055552
21219,岐阜県,郡上市,35.79574125217388,136.95414635652182
21220,岐阜県,下呂市,35.81903877215187,137.21614870886083
21221,岐阜県,海津市,35.21539824358974,136.63793235897438
21302,岐阜県,羽島郡岐南町,35.38639329807689,136.7850103365384
21303,岐阜県,羽島郡笠松町,35.369589703703696,136.76299037037037
21341,岐阜県,養老郡養老町,35.29728779661018,136.56483774576273
21361,岐阜県,不破郡垂井町,35.380092,136.52610052000003
21362,岐阜県,不破郡関ヶ原町,35.360003000000006,136.45947425000003
21381,岐阜県,安八郡神戸町,35.41346004166666,136.60958266666668
21382,岐阜県,安八郡輪之内町,35.288142444444446,136.63605966666668
21383,岐阜県,安八郡安八町,35.3350866,136.6621978
21401,岐阜県,揖斐郡揖斐川町,35.531814939393946,136.52633589393946
21403,岐阜県,揖斐郡大野町,35.46279246666667,136.62655550000002
21404,岐阜県,揖斐郡池田町,35.445792814814816,136.56445325925935
21421,岐阜県,本巣郡北方町,35.43201826881721,136.69082916129028
21501,岐阜県,加茂郡坂祝町,35.43594281818182,136.98569645454546
21502,岐阜県,加茂郡富加町,35.487706285714275,136.97453885714285
21503,岐阜県,加茂郡川辺町,35.49747607692308,137.07675353846156
21504,岐阜県,加茂郡七宗町,35.55599775,137.11258700000002
21505,岐阜県,加茂郡八百津町,35.48952791666667,137.1553665
21506,岐阜県,加茂郡白川町,35.60392521428572,137.23250407142854
21507,岐阜県,加茂郡東白川村,35.64077633333333,137.33456833333332
21521,岐阜県,可児郡御嵩町,35.43410570000002,137.15152784999998
21604,岐阜県,大野郡白川村,36.23867878260869,136.89347639130435
22101,静岡県,静岡市葵区,35.013583735941296,138.36837345232277
22102,静岡県,静岡市駿河区,34.955852740331515,138.3928393977902
22103,静岡県,静岡市清水区,35.03090126755853,138.4858751371236
22131,静岡県,浜松市中区,34.72289522797927,137.72619901036285
22132,静岡県,浜松市東区,34.74491529508197,137.77108622950814
22133,静岡県,浜松市西区,34.729904729166655,137.65111491666664
22134,静岡県,浜松市南区,34.68273523728814,137.75495298305086
22135,静岡県,浜松市北区,34.82947382812501,137.64599157812503
22136,静岡県,浜松市浜北区,34.808006673469386,137.78237869387752
22137,静岡県,浜松市天竜区,34.97230080519482,137.85304185714287
22203,静岡県,沼津市,35.09759447126439,138.85250079310347
22205,静岡県,熱海市,35.094205450000004,139.07001862500002
22206,静岡県,三島市,35.124299666666666,138.92637166666665
22207,静岡県,富士宮市,35.24790920879121,138.60364181318684
22208,静岡県,伊東市,34.95989116923077,139.0945456615385
22209,静岡県,島田市,34.84437523239438,138.15877695774648
22210,静岡県,富士市,35.16192873737376,138.6859788787879
22211,静岡県,磐田市,34.72373098351648,137.84988741758238
22212,静岡県,焼津市,34.85680934285717,138.31025326428573
22213,静岡県,掛川市,34.76806784916202,138.01625936871505
22214,静岡県,藤枝市,34.86872479523811,138.25237124285735
22215,静岡県,御殿場市,35.29407876785716,138.92227835714283
22216,静岡県,袋井市,34.74660274782608,137.92044228695653
22219,静岡県,下田市,34.692973121951205,138.93426129268292
22220,静岡県,裾野市,35.19879387096775,138.89502935483873
22221,静岡県,湖西市,34.72226494285714,137.51158602857137
22222,静岡県,伊豆市,34.94146292452828,138.94105647169815
22223,静岡県,御前崎市,34.645243,138.14872884615386
22224,静岡県,菊川市,34.73659038000001,138.09745381999994
22225,静岡県,伊豆の国市,35.03294065116278,138.954511627907
22226,静岡県,牧之原市,34.71403331914894,138.18496323404258
22301,静岡県,賀茂郡東伊豆町,34.8270506,139.0304354
22302,静岡県,賀茂郡河津町,34.76534166666667,138.96623259999993
22304,静岡県,賀茂郡南伊豆町,34.659107423076925,138.83845488461543
22305,静岡県,賀茂郡松崎町,34.75041777272728,138.8031100454545
22306,静岡県,賀茂郡西伊豆町,34.80896528571429,138.79698757142856
22325,静岡県,田方郡函南町,35.09429211764706,138.96909217647058
22341,静岡県,駿東郡清水町,35.09967540000001,138.9032198666667
22342,静岡県,駿東郡長泉町,35.145884785714294,138.8914670714286
22344,静岡県,駿東郡小山町,35.352452875,138.9557015
22424,静岡県,榛原郡吉田町,34.776279599999995,138.2540052
22429,静岡県,榛原郡川根本町,35.09135423809524,138.11586300000002
22461,静岡県,周智郡森町,34.85393509090908,137.9332447727273
23101,愛知県,名古屋市千種区,35.16840574921636,136.9587552821317
23102,愛知県,名古屋市東区,35.18257210344826,136.93088197701144
23103,愛知県,名古屋市北区,35.20392617499999,136.91912931250016
23104,愛知県,名古屋市西区,35.204102526041645,136.88590791666658
23105,愛知県,名古屋市中村区,35.16651179895563,136.86150847258483
23106,愛知県,名古屋市中区,35.16093236065574,136.90572375409835
23107,愛知県,名古屋市昭和区,35.148173479310344,136.93957488965523
23108,愛知県,名古屋市瑞穂区,35.12789016012084,136.93488767069493
23109,愛知県,名古屋市熱田区,35.12943620952381,136.89852524761903
23110,愛知県,名古屋市中川区,35.137491838582704,136.85871667913372
23111,愛知県,名古屋市港区,35.1046921694915,136.85526866101702
23112,愛知県,名古屋市南区,35.0934658286517,136.92264710674146
23113,愛知県,名古屋市守山区,35.20914030188676,136.98300090566028
23114,愛知県,名古屋市緑区,35.08062099539172,136.97709671889393
23115,愛知県,名古屋市名東区,35.16785070285714,137.00343713142846
23116,愛知県,名古屋市天白区,35.12224424137929,136.9840530827587
23201,愛知県,豊橋市,34.752085871052635,137.3979902763159
23202,愛知県,岡崎市,34.94951469252082,137.1872176620499
23203,愛知県,一宮市,35.30305732619043,136.8058091023808
23204,愛知県,瀬戸市,35.22311249329759,137.09316991689016
23205,愛知県,半田市,34.903812712837905,136.92860094594585
23206,愛知県,春日井市,35.255939087221094,136.98811246247462
23207,愛知県,豊川市,34.82597027500002,137.3752199437499
23208,愛知県,津島市,35.17592577165357,136.73263185039366
23209,愛知県,碧南市,34.89055700157475,137.0001900377953
23210,愛知県,刈谷市,34.99320301530614,137.00302336224496
23211,愛知県,豊田市,35.09585512189047,137.18825016417892
23212,愛知県,安城市,34.96312800800002,137.08123689599992
23213,愛知県,西尾市,34.85250488311684,137.05015966233773
23214,愛知県,蒲郡市,34.82452633333332,137.23059540740735
23215,愛知県,犬山市,35.34819438147138,136.96260660762923
23216,愛知県,常滑市,34.89399055617976,136.84387519943817
23217,愛知県,江南市,35.3413601869919,136.86964100813017
23219,愛知県,小牧市,35.29265407870369,136.93761898611098
23220,愛知県,稲沢市,35.245777831560304,136.792299531915
23221,愛知県,新城市,34.93158180769229,137.51909596153848
23222,愛知県,東海市,35.023215706896565,136.90037034482762
23223,愛知県,大府市,35.016540932960886,136.95326793296098
23224,愛知県,知多市,34.96533841250003,136.869141125
23225,愛知県,知立市,35.00099870329668,137.04523306593407
23226,愛知県,尾張旭市,35.212130978260845,137.03350396195648
23227,愛知県,高浜市,34.931884967741944,136.99451617741937
23228,愛知県,岩倉市,35.277626999999995,136.8703994
23229,愛知県,豊明市,35.058439956521745,137.001270826087
23230,愛知県,日進市,35.13155390666665,137.0401796
23231,愛知県,田原市,34.65416493589745,137.21187530769225
23232,愛知県,愛西市,35.17868676470589,136.71774358823527
23233,愛知県,清須市,35.217811407407424,136.84766444781155
23234,愛知県,北名古屋市,35.24957416216217,136.86812499999988
23235,愛知県,弥富市,35.08910374394456,136.75967544636686
23236,愛知県,みよし市,35.1086356451613,137.0988051612903
23237,愛知県,あま市,35.18480125882354,136.798298882353
23238,愛知県,長久手市,35.17955180102042,137.05150906122432
23302,愛知県,愛知郡東郷町,35.098532694444444,137.04354297222224
23342,愛知県,西春日井郡豊山町,35.2522035,136.915891
23361,愛知県,丹羽郡大口町,35.331622066666654,136.91022944000005
23362,愛知県,丹羽郡扶桑町,35.36245757142857,136.90802242857146
23424,愛知県,海部郡大治町,35.173117166666664,136.82451925
23425,愛知県,海部郡蟹江町,35.13513107070709,136.78523604040413
23427,愛知県,海部郡飛島村,35.07798096470587,136.7957817882353
23441,愛知県,知多郡阿久比町,34.93391373076925,136.92350565384612
23442,愛知県,知多郡東浦町,34.9646622,136.957781
23445,愛知県,知多郡南知多町,34.715751555555556,136.9489907777778
23446,愛知県,知多郡美浜町,34.77938637931035,136.89377413793102
23447,愛知県,知多郡武豊町,34.8528572011494,136.90919944252886
23501,愛知県,額田郡幸田町,34.86741405555554,137.16578672222218
23561,愛知県,北設楽郡設楽町,35.10181764999999,137.56538855
23562,愛知県,北設楽郡東栄町,35.081758416666666,137.70355550000002
23563,愛知県,北設楽郡豊根村,35.1728455,137.7280713333333
24201,三重県,津市,34.71139791975306,136.45821075925932
24202,三重県,四日市市,34.975643671232895,136.6061993607306
24203,三重県,伊勢市,34.49189819718308,136.70842452816896
24204,三重県,松阪市,34.559536936802964,136.48587700743488
24205,三重県,桑名市,35.0739421619938,136.6677467725857
24207,三重県,鈴鹿市,34.86998874440896,136.56731591693287
24208,三重県,名張市,34.62428362146896,136.11020348022606
24209,三重県,尾鷲市,34.05505477192983,136.20103528070186
24210,三重県,亀山市,34.85660067647057,136.43148235294098
24211,三重県,鳥羽市,34.46033912121213,136.86025999999995
24212,三重県,熊野市,33.913992153846145,136.02118769230762
24214,三重県,いなべ市,35.143286380434766,136.52408372826096
24215,三重県,志摩市,34.33340405263158,136.82066721052632
24216,三重県,伊賀市,34.753590231092446,136.16733781932783
24303,三重県,桑名郡木曽岬町,35.07304468181818,136.73808340909093
24324,三重県,員弁郡東員町,35.087325217391324,136.5936546521739
24341,三重県,三重郡菰野町,35.03413467741935,136.5084776774193
24343,三重県,三重郡朝日町,35.03764718181818,136.65927372727276
24344,三重県,三重郡川越町,35.025071700000005,136.67984160000003
24441,三重県,多気郡多気町,34.4846848,136.52857075555553
24442,三重県,多気郡明和町,34.55715278125001,136.62516690624994
24443,三重県,多気郡大台町,34.372114780487806,136.36260141463416
24461,三重県,度会郡玉城町,34.487498483870965,136.62950377419358
24470,三重県,度会郡度会町,34.4069956875,136.59165803125003
24471,三重県,度会郡大紀町,34.356415071428565,136.44122792857144
24472,三重県,度会郡南伊勢町,34.30511316216216,136.60530254054055
24543,三重県,北牟婁郡紀北町,34.16156036363636,136.25828986363638
24561,三重県,南牟婁郡御浜町,33.83423042857143,136.00956842857144
24562,三重県,南牟婁郡紀宝町,33.766027357142846,135.98089535714286
25201,滋賀県,大津市,35.01682263064831,135.90088654616903
25202,滋賀県,彦根市,35.24914890780145,136.23680534751767
25203,滋賀県,長浜市,35.448908467105255,136.25379036842105
25204,滋賀県,近江八幡市,35.12947200534763,136.0966048395721
25206,滋賀県,草津市,35.0116449657534,135.95462277397257
25207,滋賀県,守山市,35.066076507042254,135.984890859155
25208,滋賀県,栗東市,35.02596236144577,135.99118163855425
25209,滋賀県,甲賀市,34.93806187861271,136.17625225433528
25210,滋賀県,野洲市,35.08416753571429,136.02661128571427
25211,滋賀県,湖南市,35.01032157575759,136.0697878030302
25212,滋賀県,高島市,35.376338476510064,135.99694008053692
25213,滋賀県,東近江市,35.11436638589209,136.21842886307047
25214,滋賀県,米原市,35.35710433333335,136.34075915555565
25383,滋賀県,蒲生郡日野町,35.017417696969716,136.25008003030314
25384,滋賀県,蒲生郡竜王町,35.070823749999995,136.11582845833337
25425,滋賀県,愛知郡愛荘町,35.17107939024391,136.23650631707312
25441,滋賀県,犬上郡豊郷町,35.19819531249998,136.2294571875
25442,滋賀県,犬上郡甲良町,35.20441149999999,136.26485591666668
25443,滋賀県,犬上郡多賀町,35.22141386842106,136.32164836842105
26101,京都府,京都市北区,35.059484315545234,135.73656045243615
26102,京都府,京都市上京区,35.02708076440682,135.75116950677972
26103,京都府,京都市左京区,35.05145773793104,135.79053657586218
26104,京都府,京都市中京区,35.010725491295936,135.7553635106381
26105,京都府,京都市東山区,34.99576132669328,135.77535084462158
26106,京都府,京都市下京区,34.99514974427478,135.75588315839707
26107,京都府,京都市南区,34.972000166666646,135.7408567777777
26108,京都府,京都市右京区,35.031293675675656,135.6942616300674
26109,京都府,京都市伏見区,34.940725810344844,135.769008981322
26110,京都府,京都市山科区,34.98191213157893,135.81434437499973
26111,京都府,京都市西京区,34.97975261587304,135.68971803492056
26201,京都府,福知山市,35.310890189075614,135.13000825210096
26202,京都府,舞鶴市,35.4678329574468,135.35824021276608
26203,京都府,綾部市,35.32410497637797,135.27951270078748
26204,京都府,宇治市,34.89564907272728,135.80301556363634
26205,京都府,宮津市,35.56257466666666,135.20733722988507
26206,京都府,亀岡市,35.01053579144387,135.5594660374331
26207,京都府,城陽市,34.84529725,135.78442641666666
26208,京都府,向日市,34.94818666666667,135.70359733333336
26209,京都府,長岡京市,34.92444721794871,135.69003534615376
26210,京都府,八幡市,34.86661726628892,135.7172813286123
26211,京都府,京田辺市,34.80856600814327,135.76096650488608
26212,京都府,京丹後市,35.639862488636375,135.04294579545441
26213,京都府,南丹市,35.16850067716534,135.52280322047247
26214,京都府,木津川市,34.73677489075632,135.83949180672272
26303,京都府,乙訓郡大山崎町,34.90177533333333,135.69254533333333
26322,京都府,久世郡久御山町,34.887935285714285,135.74351904761903
26343,京都府,綴喜郡井手町,34.80649033333333,135.838435
26344,京都府,綴喜郡宇治田原町,34.85566325000001,135.87180891666665
26364,京都府,相楽郡笠置町,34.76341425,135.946926
26365,京都府,相楽郡和束町,34.79729528571429,135.9133713571429
26366,京都府,相楽郡精華町,34.7493225,135.77542630555553
26367,京都府,相楽郡南山城村,34.76685916666667,135.99552283333333
26407,京都府,船井郡京丹波町,35.216294,135.38616579710137
26463,京都府,与謝郡伊根町,35.708952249999996,135.26691015
26465,京都府,与謝郡与謝野町,35.51886345,135.10660579999998
27102,大阪府,大阪市都島区,34.70982272340424,135.52888176595744
27103,大阪府,大阪市福島区,34.693456585365865,135.47684668292678
27104,大阪府,大阪市此花区,34.677840881355934,135.4421297966102
27106,大阪府,大阪市西区,34.678950813559325,135.48414147457632
27107,大阪府,大阪市港区,34.661970275862075,135.45265917241377
27108,大阪府,大阪市大正区,34.64815441666666,135.46980112500003
27109,大阪府,大阪市天王寺区,34.660680957142844,135.52079302857138
27111,大阪府,大阪市浪速区,34.65968408064516,135.49572119354832
27113,大阪府,大阪市西淀川区,34.7084999047619,135.44900007936502
27114,大阪府,大阪市東淀川区,34.74489088505746,135.53057410344823
27115,大阪府,大阪市東成区,34.67314831818183,135.5465256590909
27116,大阪府,大阪市生野区,34.65339188888886,135.5430765444445
27117,大阪府,大阪市旭区,34.72356057777777,135.5476218000001
27118,大阪府,大阪市城東区,34.69640792105263,135.5486221710527
27119,大阪府,大阪市阿倍野区,34.63374748529411,135.51361835294114
27120,大阪府,大阪市住吉区,34.607254557692315,135.50412202884618
27121,大阪府,大阪市東住吉区,34.62048757843133,135.53252087254896
27122,大阪府,大阪市西成区,34.64048970238095,135.49266765476193
27123,大阪府,大阪市淀川区,34.72865935227272,135.48275040909095
27124,大阪府,大阪市鶴見区,34.702455915254234,135.5764843389831
27125,大阪府,大阪市住之江区,34.615392670000034,135.46341316
27126,大阪府,大阪市平野区,34.61694236428575,135.5593337785714
27127,大阪府,大阪市北区,34.70438717886179,135.50393925203258
27128,大阪府,大阪市中央区,34.6807040860215,135.5101479193549
27141,大阪府,堺市堺区,34.57576511222445,135.47591483166318
27142,大阪府,堺市中区,34.52413340000002,135.499965
27143,大阪府,堺市東区,34.54146699999998,135.53189652380956
27144,大阪府,堺市西区,34.541234521428564,135.46002982142855
27145,大阪府,堺市南区,34.486077989473685,135.50003174736844
27146,大阪府,堺市北区,34.56861300000001,135.50507248888883
27147,大阪府,堺市美原区,34.536215000000006,135.56024227027038
27202,大阪府,岸和田市,34.456287163841786,135.39489867796627
27203,大阪府,豊中市,34.77663557566763,135.47043332047463
27204,大阪府,池田市,34.82234213580247,135.43531181481484
27205,大阪府,吹田市,34.78140439267015,135.51889720418833
27206,大阪府,泉大津市,34.50265293333334,135.41381025555557
27207,大阪府,高槻市,34.84854569129282,135.6148423298153
27208,大阪府,貝塚市,34.4333959493671,135.3651111518988
27209,大阪府,守口市,34.737386122093035,135.57284576162803
27210,大阪府,枚方市,34.82027597721523,135.67769661265814
27211,大阪府,茨木市,34.82783393114753,135.56232329180332
27212,大阪府,八尾市,34.62216511356466,135.6110700425867
27213,大阪府,泉佐野市,34.40724590476189,135.32168788571434
27214,大阪府,富田林市,34.499637565934094,135.59398046703296
27215,大阪府,寝屋川市,34.765049937853114,135.62501312429367
27216,大阪府,河内長野市,34.441693583333326,135.56862949074068
27217,大阪府,松原市,34.58057771929823,135.55074311111105
27218,大阪府,大東市,34.71238861290319,135.62663748387098
27219,大阪府,和泉市,34.46709440350875,135.45155588304104
27220,大阪府,箕面市,34.838984241176476,135.4846418941177
27221,大阪府,柏原市,34.58016390909092,135.63268896969703
27222,大阪府,羽曳野市,34.55493526470585,135.59346059558834
27223,大阪府,門真市,34.73372490697675,135.60054413953495
27224,大阪府,摂津市,34.77719700000003,135.56737304210526
27225,大阪府,高石市,34.52423519230769,135.43687042307695
27226,大阪府,藤井寺市,34.572823662790704,135.6035195465116
27227,大阪府,東大阪市,34.66952392000001,135.60258116999967
27228,大阪府,泉南市,34.36674691228069,135.2749509298246
27229,大阪府,四條畷市,34.73641177049181,135.65246963934428
27230,大阪府,交野市,34.77670021985817,135.6808691134752
27231,大阪府,大阪狭山市,34.49963550000002,135.54940780232556
27232,大阪府,阪南市,34.3434828125,135.2366017916667
27301,大阪府,三島郡島本町,34.8850547,135.6651384
27321,大阪府,豊能郡豊能町,34.90785158536587,135.46125404878043
27322,大阪府,豊能郡能勢町,34.9668402,135.4187727
27341,大阪府,泉北郡忠岡町,34.48875207692307,135.39900192307692
27361,大阪府,泉南郡熊取町,34.395071905172415,135.35903731034486
27362,大阪府,泉南郡田尻町,34.4032556,135.2768638
27366,大阪府,泉南郡岬町,34.31328145454546,135.15737872727271
27381,大阪府,南河内郡太子町,34.51975022222223,135.644648
27382,大阪府,南河内郡河南町,34.486552290322585,135.64013509677415
27383,大阪府,南河内郡千早赤阪村,34.4453237,135.63099499999998
28101,兵庫県,神戸市東灘区,34.719327956937796,135.27002520095704
28102,兵庫県,神戸市灘区,34.71518663434903,135.2294279667591
28105,兵庫県,神戸市兵庫区,34.67311970967745,135.16653244516144
28106,兵庫県,神戸市長田区,34.66515073019802,135.14621708415805
28107,兵庫県,神戸市須磨区,34.66097585585584,135.11745884984975
28108,兵庫県,神戸市垂水区,34.645444407801406,135.055831074468
28109,兵庫県,神戸市北区,34.77509011111107,135.16989424579126
28110,兵庫県,神戸市中央区,34.69437050138503,135.198062
28111,兵庫県,神戸市西区,34.7087313240418,135.0149899512196
28201,兵庫県,姫路市,34.83711549476141,134.6728866123399
28202,兵庫県,尼崎市,34.73393009501189,135.4131115890732
28203,兵庫県,明石市,34.66664201913876,134.96775899999992
28204,兵庫県,西宮市,34.757603377011485,135.33633947356304
28205,兵庫県,洲本市,34.35329653703701,134.8609602499999
28206,兵庫県,芦屋市,34.732475833333346,135.30706595000004
28207,兵庫県,伊丹市,34.782710818414294,135.40546180306904
28208,兵庫県,相生市,34.82401298876405,134.46318951685393
28209,兵庫県,豊岡市,35.51607056129027,134.82303854193552
28210,兵庫県,加古川市,34.77430086363638,134.8515289772726
28212,兵庫県,赤穂市,34.76287933783784,134.39009935135132
28213,兵庫県,西脇市,35.004386682539696,134.97716898412702
28214,兵庫県,宝塚市,34.81277153003533,135.3624370141343
28215,兵庫県,三木市,34.8184689281768,135.0299847127072
28216,兵庫県,高砂市,34.76612740000001,134.79374119999986
28217,兵庫県,川西市,34.86174298882685,135.40776772625705
28218,兵庫県,小野市,34.85786366666664,134.94592024637691
28219,兵庫県,三田市,34.91597201257861,135.2037362704402
28220,兵庫県,加西市,34.92229986238532,134.85207069724785
28221,兵庫県,丹波篠山市,35.07314759745762,135.22605243220346
28222,兵庫県,養父市,35.36782311224491,134.70606035714295
28223,兵庫県,丹波市,35.164265776536325,135.05685379888268
28224,兵庫県,南あわじ市,34.28217107874015,134.76511682677162
28225,兵庫県,朝来市,35.29704830630629,134.84858065765764
28226,兵庫県,淡路市,34.49041205882355,134.90931583529414
28227,兵庫県,宍粟市,35.093070717741945,134.548253983871
28228,兵庫県,加東市,34.92034325581398,134.99413338372096
28229,兵庫県,たつの市,34.86679067499998,134.53301294375007
28301,兵庫県,川辺郡猪名川町,34.92099426785713,135.36327871428577
28365,兵庫県,多可郡多可町,35.077699766666676,134.90866429999997
28381,兵庫県,加古郡稲美町,34.74924789655171,134.91408282758624
28382,兵庫県,加古郡播磨町,34.718224560606046,134.86898060606063
28442,兵庫県,神崎郡市川町,35.00408796153847,134.7670900384615
28443,兵庫県,神崎郡福崎町,34.95811576923077,134.75424984615384
28446,兵庫県,神崎郡神河町,35.0911125,134.76811817647058
28464,兵庫県,揖保郡太子町,34.829292454545445,134.5825661818182
28481,兵庫県,赤穂郡上郡町,34.87910890384616,134.36898994230768
28501,兵庫県,佐用郡佐用町,35.011382489583305,134.36744764583344
28585,兵庫県,美方郡香美町,35.524368449999976,134.5972451299999
28586,兵庫県,美方郡新温泉町,35.57541478571431,134.48002982142856
29201,奈良県,奈良市,34.68460143925233,135.80806224299081
29202,奈良県,大和高田市,34.51022477500004,135.7446707125
29203,奈良県,大和郡山市,34.63791241525424,135.78158778813565
29204,奈良県,天理市,34.591863769230784,135.83503766666666
29205,奈良県,橿原市,34.50124793749999,135.79145280357156
29206,奈良県,桜井市,34.51684407291665,135.86618365624994
29207,奈良県,五條市,34.317094188235295,135.71921597647045
29208,奈良県,御所市,34.43713195522387,135.72785477611936
29209,奈良県,生駒市,34.7015399279279,135.71337709909915
29210,奈良県,香芝市,34.54592443877553,135.69826972448976
29211,奈良県,葛城市,34.49326488372095,135.71480039534885
29212,奈良県,宇陀市,34.50447253103447,135.96458657241382
29322,奈良県,山辺郡山添村,34.669256137931036,136.02794224137938
29342,奈良県,生駒郡平群町,34.631657153846156,135.69986732307683
29343,奈良県,生駒郡三郷町,34.603877425531905,135.69200051063834
29344,奈良県,生駒郡斑鳩町,34.606506955555545,135.7305083666666
29345,奈良県,生駒郡安堵町,34.60158685714286,135.75585257142856
29361,奈良県,磯城郡川西町,34.587812,135.768991
29362,奈良県,磯城郡三宅町,34.57324714285714,135.77291157142858
29363,奈良県,磯城郡田原本町,34.5545376904762,135.79384559523814
29385,奈良県,宇陀郡曽爾村,34.51408266666667,136.12098277777775
29386,奈良県,宇陀郡御杖村,34.475975,136.15465774999998
29401,奈良県,高市郡高取町,34.44473145833333,135.78745875000004
29402,奈良県,高市郡明日香村,34.46504357575757,135.82230178787876
29424,奈良県,北葛城郡上牧町,34.56732773333334,135.71528386666657
29425,奈良県,北葛城郡王寺町,34.58637519999998,135.69926531111116
29426,奈良県,北葛城郡広陵町,34.550458875,135.73811482500005
29427,奈良県,北葛城郡河合町,34.58261479999999,135.72955683333325
29441,奈良県,吉野郡吉野町,34.39778897297295,135.89240689189194
29442,奈良県,吉野郡大淀町,34.40235404347825,135.79840621739135
29443,奈良県,吉野郡下市町,34.33643780952381,135.80145752380955
29444,奈良県,吉野郡黒滝村,34.310170333333325,135.85140516666667
29446,奈良県,吉野郡天川村,34.22345091304347,135.83061147826092
29447,奈良県,吉野郡野迫川村,34.16226542857142,135.65778400000005
29449,奈良県,吉野郡十津川村,34.00080516363636,135.76972834545452
29450,奈良県,吉野郡下北山村,34.02871433333333,135.954703
29451,奈良県,吉野郡上北山村,34.13160525000001,136.01980974999998
29452,奈良県,吉野郡川上村,34.30863079999999,135.98747844000002
29453,奈良県,吉野郡東吉野村,34.406392777777775,136.01335838888886
30201,和歌山県,和歌山市,34.22915894545457,135.1800598484847
30202,和歌山県,海南市,34.143929846153846,135.226544948718
30203,和歌山県,橋本市,34.328611920353985,135.61040052212397
30204,和歌山県,有田市,34.08108247826086,135.1494105217391
30205,和歌山県,御坊市,33.88627665217391,135.16885704347828
30206,和歌山県,田辺市,33.77684361490683,135.52534568322974
30207,和歌山県,新宮市,33.73703330000001,135.95912674545457
30208,和歌山県,紀の川市,34.259745381355934,135.38096066949143
30209,和歌山県,岩出市,34.27042047826088,135.30828886956525
30304,和歌山県,海草郡紀美野町,34.15222948214284,135.37874651785717
30341,和歌山県,伊都郡かつらぎ町,34.271465,135.50112349999998
30343,和歌山県,伊都郡九度山町,34.268951615384616,135.5702246153846
30344,和歌山県,伊都郡高野町,34.225537736842114,135.62400078947368
30361,和歌山県,有田郡湯浅町,34.038700857142864,135.184694
30362,和歌山県,有田郡広川町,34.00696606250001,135.18302537500003
30366,和歌山県,有田郡有田川町,34.075361934782606,135.30087150000006
30381,和歌山県,日高郡美浜町,33.8912556,135.133162
30382,和歌山県,日高郡日高町,33.92622240000001,135.11249386666665
30383,和歌山県,日高郡由良町,33.97295671428571,135.11484414285715
30390,和歌山県,日高郡印南町,33.856897360000005,135.26844343999994
30391,和歌山県,日高郡みなべ町,33.80772688461538,135.3335542692308
30392,和歌山県,日高郡日高川町,33.946028872340435,135.29663421276607
30401,和歌山県,西牟婁郡白浜町,33.63578105555555,135.47157972222215
30404,和歌山県,西牟婁郡上富田町,33.70940937500001,135.44103262500005
30406,和歌山県,西牟婁郡すさみ町,33.578220749999986,135.58730833333334
30421,和歌山県,東牟婁郡那智勝浦町,33.630666370370335,135.9054833888889
30422,和歌山県,東牟婁郡太地町,33.592333499999995,135.943015
30424,和歌山県,東牟婁郡古座川町,33.581495952380955,135.7427693095238
30427,和歌山県,東牟婁郡北山村,33.957232,135.9539964
30428,和歌山県,東牟婁郡串本町,33.505122750000005,135.780097375
31201,鳥取県,鳥取市,35.47316891198501,134.1915400992509
31202,鳥取県,米子市,35.4333917573222,133.34875192468624
31203,鳥取県,倉吉市,35.42435032954544,133.79735246590909
31204,鳥取県,境港市,35.53126163265304,133.23241448979599
31302,鳥取県,岩美郡岩美町,35.545557725,134.35009827500002
31325,鳥取県,八頭郡若桜町,35.33292899999999,134.43081440000003
31328,鳥取県,八頭郡智頭町,35.24411516666665,134.23653319047622
31329,鳥取県,八頭郡八頭町,35.38726433333337,134.30151218279573
31364,鳥取県,東伯郡三朝町,35.3679483829787,133.8840520851063
31370,鳥取県,東伯郡湯梨浜町,35.47765021276596,133.90303651063837
31371,鳥取県,東伯郡琴浦町,35.467933178571435,133.66033385714292
31372,鳥取県,東伯郡北栄町,35.4756085,133.77528310714288
31384,鳥取県,西伯郡日吉津村,35.446799,133.38091966666667
31386,鳥取県,西伯郡大山町,35.48052470149253,133.5116818955224
31389,鳥取県,西伯郡南部町,35.34268298,133.34531420000005
31390,鳥取県,西伯郡伯耆町,35.34857260714285,133.43761105357143
31401,鳥取県,日野郡日南町,35.15715437499999,133.26977106249993
31402,鳥取県,日野郡日野町,35.21730074074073,133.41766455555558
31403,鳥取県,日野郡江府町,35.29637344444445,133.51119966666664
32201,島根県,松江市,35.46927622265621,133.0706394921874
32202,島根県,浜田市,34.851638836206895,132.1003160172414
32203,島根県,出雲市,35.36805512272726,132.75742706818176
32204,島根県,益田市,34.664289509433964,131.85830747169808
32205,島根県,大田市,35.140596123076904,132.47645275384613
32206,島根県,安来市,35.3749589032258,133.2338047741935
32207,島根県,江津市,34.98196871428571,132.28428612244898
32209,島根県,雲南市,35.29113046236559,132.91857747311835
32343,島根県,仁多郡奥出雲町,35.18145495999999,133.03840024000002
32386,島根県,飯石郡飯南町,35.050928049999996,132.73180714999995
32441,島根県,邑智郡川本町,35.0008990625,132.47113837500004
32448,島根県,邑智郡美郷町,35.037554511627896,132.5858054651162
32449,島根県,邑智郡邑南町,34.873735399999994,132.5426467714286
32501,島根県,鹿足郡津和野町,34.51202535135135,131.78136351351355
32505,島根県,鹿足郡吉賀町,34.39326600000001,131.9146208076923
32525,島根県,隠岐郡海士町,36.08770271428571,133.1006657142857
32526,島根県,隠岐郡西ノ島町,36.10571125,133.02642649999999
32527,島根県,隠岐郡知夫村,36.01429649999999,133.03480799999997
32528,島根県,隠岐郡隠岐の島町,36.24518804545457,133.28972125
33101,岡山県,岡山市北区,34.69388713936424,133.89982511735934
33102,岡山県,岡山市中区,34.66299693846157,133.95252683076922
33103,岡山県,岡山市東区,34.67470204347827,134.04384673188406
33104,岡山県,岡山市南区,34.60558960550459,133.92169082568802
33202,岡山県,倉敷市,34.54154860367455,133.76324191601068
33203,岡山県,津山市,35.084864053763425,134.01483410215056
33204,岡山県,玉野市,34.499764269662926,133.93456784269668
33205,岡山県,笠岡市,34.498213957746465,133.5078333661972
33207,岡山県,井原市,34.631088183333354,133.46734915000002
33208,岡山県,総社市,34.68564829166667,133.73306108333333
33209,岡山県,高梁市,34.79902897058822,133.55677615686272
33210,岡山県,新見市,34.99268042592593,133.45757287037029
33211,岡山県,備前市,34.77914271428572,134.21215245238096
33212,岡山県,瀬戸内市,34.671113952380956,134.11157019047621
33213,岡山県,赤磐市,34.805887469565256,134.0349980869565
33214,岡山県,真庭市,35.10394367605636,133.70472572535212
33215,岡山県,美作市,35.032699895104905,134.21582041958033
33216,岡山県,浅口市,34.535601,133.5933947142857
33346,岡山県,和気郡和気町,34.837317026315816,134.12941689473686
33423,岡山県,都窪郡早島町,34.610882999999994,133.82669850000002
33445,岡山県,浅口郡里庄町,34.50879675,133.55032375
33461,岡山県,小田郡矢掛町,34.62628766666668,133.58500544444445
33586,岡山県,真庭郡新庄村,35.18664969565217,133.56613947826088
33606,岡山県,苫田郡鏡野町,35.14261953333334,133.91396456666675
33622,岡山県,勝田郡勝央町,35.054582590909085,134.13006322727267
33623,岡山県,勝田郡奈義町,35.12601688888888,134.182859
33643,岡山県,英田郡西粟倉村,35.1835365,134.3297815
33663,岡山県,久米郡久米南町,34.919959999999996,133.95185477777775
33666,岡山県,久米郡美咲町,34.97713579104475,133.9766309402985
33681,岡山県,加賀郡吉備中央町,34.87463480434783,133.76063189130434
34101,広島県,広島市中区,34.38423342857143,132.45141069642864
34102,広島県,広島市東区,34.41844794890512,132.49626288321156
34103,広島県,広島市南区,34.37313041726617,132.47940278417266
34104,広島県,広島市西区,34.39225083892621,132.41867891946305
34105,広島県,広島市安佐南区,34.459577152173935,132.44482162500017
34106,広島県,広島市安佐北区,34.50730464625849,132.51226123129243
34107,広島県,広島市安芸区,34.38629963513512,132.56120601351364
34108,広島県,広島市佐伯区,34.39234748170732,132.3589230182927
34202,広島県,呉市,34.24400365355802,132.60479665917615
34203,広島県,竹原市,34.34478797959186,132.93194393877548
34204,広島県,三原市,34.4107024663677,133.04967426905836
34205,広島県,尾道市,34.42647584558823,133.1701342941176
34207,広島県,福山市,34.49295784651167,133.36470188604656
34208,広島県,府中市,34.61342544680852,133.19087451063837
34209,広島県,三次市,34.783398,132.88004328461543
34210,広島県,庄原市,34.90704007499998,133.06325971666666
34211,広島県,大竹市,34.23694761842105,132.21390348684213
34212,広島県,東広島市,34.4250626887755,132.73770328571425
34213,広島県,廿日市市,34.33175175409835,132.2932407540983
34214,広島県,安芸高田市,34.676978519999984,132.67970436
34215,広島県,江田島市,34.23659079245282,132.46148626415095
34302,広島県,安芸郡府中町,34.39157596551725,132.5098517586207
34304,広島県,安芸郡海田町,34.369208224489775,132.54179902040812
34307,広島県,安芸郡熊野町,34.34079172857144,132.58362417142857
34309,広島県,安芸郡坂町,34.33443967647059,132.5094474705882
34368,広島県,山県郡安芸太田町,34.59902381481483,132.25773833333335
34369,広島県,山県郡北広島町,34.709652367647045,132.41552007352928
34431,広島県,豊田郡大崎上島町,34.234127,132.8877292857143
34462,広島県,世羅郡世羅町,34.607690684210546,133.01123239473688
34545,広島県,神石郡神石高原町,34.742615540540534,133.2592087837838
35201,山口県,下関市,34.02302700312987,130.96496849295735
35202,山口県,宇部市,33.972698151408466,131.25620918661983
35203,山口県,山口市,34.168309081850545,131.48001980071174
35204,山口県,萩市,34.451995472222244,131.45369799999992
35206,山口県,防府市,34.055681793893136,131.5720611145039
35207,山口県,下松市,34.02387183333329,131.8753163333333
35208,山口県,岩国市,34.15608322761196,132.16417074626875
35210,山口県,光市,33.968075037383166,131.95146792523357
35211,山口県,長門市,34.37715974074074,131.1148218148148
35212,山口県,柳井市,33.96152614285714,132.1169693809524
35213,山口県,美祢市,34.19370679411764,131.23112482352943
35215,山口県,周南市,34.06544101519756,131.81050758054724
35216,山口県,山陽小野田市,33.99862184146341,131.1753168292683
35305,山口県,大島郡周防大島町,33.91209959999999,132.28875334285712
35321,山口県,玖珂郡和木町,34.20050614285715,132.21685799999995
35341,山口県,熊毛郡上関町,33.7977635,132.08361225
35343,山口県,熊毛郡田布施町,33.94469884615385,132.03550415384615
35344,山口県,熊毛郡平生町,33.9162659090909,132.08608736363638
35502,山口県,阿武郡阿武町,34.536340714285714,131.55981500000001
36201,徳島県,徳島市,34.06944246058094,134.54429373858946
36202,徳島県,鳴門市,34.18243937931034,134.56603901724142
36203,徳島県,小松島市,33.99481544,134.59324916
36204,徳島県,阿南市,33.92359741249998,134.6361061125
36205,徳島県,吉野川市,34.05095167333336,134.2444097533334
36206,徳島県,阿波市,34.09234350340136,134.24175997959188
36207,徳島県,美馬市,34.05117084210527,134.12840768421052
36208,徳島県,三好市,33.94815393959731,133.8216088791945
36301,徳島県,勝浦郡勝浦町,33.931889125,134.50289012500002
36302,徳島県,勝浦郡上勝町,33.9016124,134.3942188
36321,徳島県,名東郡佐那河内村,33.98150699999999,134.4504505
36341,徳島県,名西郡石井町,34.0790466,134.4319542
36342,徳島県,名西郡神山町,33.9768046,134.34113000000002
36368,徳島県,那賀郡那賀町,33.8194732,134.3626285
36383,徳島県,海部郡牟岐町,33.68169275000001,134.42086212499999
36387,徳島県,海部郡美波町,33.763169000000005,134.56537993749998
36388,徳島県,海部郡海陽町,33.60873375,134.30238284375002
36401,徳島県,板野郡松茂町,34.1329603,134.59151409999998
36402,徳島県,板野郡北島町,34.12831657142857,134.55137799999997
36403,徳島県,板野郡藍住町,34.12906833333333,134.49615244444442
36404,徳島県,板野郡板野町,34.140092333333335,134.44881166666667
36405,徳島県,板野郡上板町,34.117232214285714,134.41870899999998
36468,徳島県,美馬郡つるぎ町,34.00281,134.05941380000002
36489,徳島県,三好郡東みよし町,34.03038657142857,133.921857
37201,香川県,高松市,34.316848229787226,134.0466042382978
37202,香川県,丸亀市,34.29398244852939,133.79711714705888
37203,香川県,坂出市,34.321656234042514,133.85646727659577
37204,香川県,善通寺市,34.22897842857143,133.78022564285712
37205,香川県,観音寺市,34.11344669512195,133.66030356097565
37206,香川県,さぬき市,34.273487999999986,134.20977591999997
37207,香川県,東かがわ市,34.231657371428575,134.3384265142857
37208,香川県,三豊市,34.17955697435899,133.6985025897435
37322,香川県,小豆郡土庄町,34.5065725,134.1930587
37324,香川県,小豆郡小豆島町,34.48188460000001,134.295076
37341,香川県,木田郡三木町,34.24955838461537,134.1377106153846
37364,香川県,香川郡直島町,34.46385930909089,133.9869603272727
37386,香川県,綾歌郡宇多津町,34.308273799999995,133.81734010000005
37387,香川県,綾歌郡綾川町,34.223951187500006,133.94946649999997
37403,香川県,仲多度郡琴平町,34.2013188,133.8198608
37404,香川県,仲多度郡多度津町,34.271345522727266,133.74791202272723
37406,香川県,仲多度郡まんのう町,34.163108666666666,133.86236560000003
38201,愛媛県,松山市,33.85541923146742,132.7663067912254
38202,愛媛県,今治市,34.06687571367519,132.99325746794875
38203,愛媛県,宇和島市,33.21310135593219,132.55085833898315
38204,愛媛県,八幡浜市,33.45794805376343,132.42520360215048
38205,愛媛県,新居浜市,33.95387450515462,133.30211686082478
38206,愛媛県,西条市,33.89957837423314,133.12209351533735
38207,愛媛県,大洲市,33.528109304878065,132.5786231341464
38210,愛媛県,伊予市,33.72222766666666,132.70589054545454
38213,愛媛県,四国中央市,33.96877321874999,133.53271282812503
38214,愛媛県,西予市,33.38737240384616,132.56159208653847
38215,愛媛県,東温市,33.795034625,132.88922721875
38356,愛媛県,越智郡上島町,34.25837357894737,133.21721884210524
38386,愛媛県,上浮穴郡久万高原町,33.64685299999999,132.9720525
38401,愛媛県,伊予郡松前町,33.79093690000001,132.72644699999998
38402,愛媛県,伊予郡砥部町,33.7242819032258,132.78689154838713
38422,愛媛県,喜多郡内子町,33.567981378378384,132.72774297297298
38442,愛媛県,西宇和郡伊方町,33.43566076315789,132.22179450000004
38484,愛媛県,北宇和郡松野町,33.21652411111111,132.7173837777778
38488,愛媛県,北宇和郡鬼北町,33.28823018421051,132.71473973684206
38506,愛媛県,南宇和郡愛南町,32.96522678787879,132.5430495757576
39201,高知県,高知市,33.55919762259612,133.53141305769216
39202,高知県,室戸市,33.332235909090905,134.1524459090909
39203,高知県,安芸市,33.53475894736843,133.91260042105264
39204,高知県,南国市,33.588449627451006,133.6394507941177
39205,高知県,土佐市,33.47271806250001,133.39320200000003
39206,高知県,須崎市,33.404317707692314,133.3021774461538
39208,高知県,宿毛市,32.9344840348837,132.71599519767437
39209,高知県,土佐清水市,32.79108680357143,132.9312724285714
39210,高知県,四万十市,33.02477567763155,132.90359128289475
39211,高知県,香南市,33.57192164912281,133.75172745614034
39212,高知県,香美市,33.65762548993286,133.77219544966448
39301,高知県,安芸郡東洋町,33.53588800000001,134.2766576
39302,高知県,安芸郡奈半利町,33.427022666666666,134.058737
39303,高知県,安芸郡田野町,33.43367471270717,134.00989917127083
39304,高知県,安芸郡安田町,33.487110235294104,134.00387911764707
39305,高知県,安芸郡北川村,33.50753715789474,134.10162668421054
39306,高知県,安芸郡馬路村,33.6144925,134.084742
39307,高知県,安芸郡芸西村,33.556403333333336,133.82714883333333
39341,高知県,長岡郡本山町,33.7667606,133.58750875000004
39344,高知県,長岡郡大豊町,33.784074374999975,133.73345103571435
39363,高知県,土佐郡土佐町,33.73602080000001,133.50592251999996
39364,高知県,土佐郡大川村,33.79617012499999,133.40861531250005
39386,高知県,吾川郡いの町,33.59734905714288,133.3824822571428
39387,高知県,吾川郡仁淀川町,33.5861924935065,133.14905950649347
39401,高知県,高岡郡中土佐町,33.34574382352941,133.13888823529413
39402,高知県,高岡郡佐川町,33.50545900000001,133.27814877272723
39403,高知県,高岡郡越知町,33.545374037037035,133.22769222222226
39405,高知県,高岡郡檮原町,33.399925490566055,132.9183485660378
39410,高知県,高岡郡日高村,33.54562475,133.34560833333327
39411,高知県,高岡郡津野町,33.4333158,133.15226434999997
39412,高知県,高岡郡四万十町,33.22676178333334,133.07773004166677
39424,高知県,幡多郡大月町,32.805627000000015,132.71115688461535
39427,高知県,幡多郡三原村,32.904409307692305,132.855455
39428,高知県,幡多郡黒潮町,33.07771313888888,133.0633219444444
40101,福岡県,北九州市門司区,33.91529979187819,130.95707975634517
40103,福岡県,北九州市若松区,33.901508032467504,130.75385177272733
40105,福岡県,北九州市戸畑区,33.89167551724138,130.82976629885053
40106,福岡県,北九州市小倉北区,33.877164447368365,130.87644518859653
40107,福岡県,北九州市小倉南区,33.82865833806823,130.904039272727
40108,福岡県,北九州市八幡東区,33.863201840909085,130.81483537878785
40109,福岡県,北九州市八幡西区,33.84000342753622,130.73965473429945
40131,福岡県,福岡市東区,33.65490459401712,130.43243176923076
40132,福岡県,福岡市博多区,33.57568420657279,130.44197516901423
40133,福岡県,福岡市中央区,33.58363765853657,130.38771686991873
40134,福岡県,福岡市南区,33.54754448447201,130.41537137267082
40135,福岡県,福岡市西区,33.57746497315436,130.28963410738245
40136,福岡県,福岡市城南区,33.55462469148937,130.3705182659574
40137,福岡県,福岡市早良区,33.54569687058826,130.34110969411765
40202,福岡県,大牟田市,33.02966924180326,130.4510536639343
40203,福岡県,久留米市,33.31021148471618,130.54213686026208
40204,福岡県,直方市,33.74757320588236,130.73353082352938
40205,福岡県,飯塚市,33.62852516129032,130.67974032258073
40206,福岡県,田川市,33.63515546428571,130.80440717857144
40207,福岡県,柳川市,33.160410399999996,130.41081389523808
40210,福岡県,八女市,33.20640570833332,130.606532625
40211,福岡県,筑後市,33.20350258536585,130.48826882926824
40212,福岡県,大川市,33.20824387878788,130.38855872727274
40213,福岡県,行橋市,33.71852173770494,130.97234997540974
40214,福岡県,豊前市,33.59036039285716,131.1127385535714
40215,福岡県,中間市,33.8203897948718,130.71854233333337
40216,福岡県,小郡市,33.410472442307686,130.56139413461534
40217,福岡県,筑紫野市,33.48177451351351,130.53067385810814
40218,福岡県,春日市,33.52624248117154,130.45555296234318
40219,福岡県,大野城市,33.52580094964029,130.4802653165468
40220,福岡県,宗像市,33.80730462711863,130.56030756497162
40221,福岡県,太宰府市,33.51355539316238,130.51651488888893
40223,福岡県,古賀市,33.73257372222221,130.4770338194445
40224,福岡県,福津市,33.77257107619049,130.49214211428574
40225,福岡県,うきは市,33.33572851612903,130.7758048709677
40226,福岡県,宮若市,33.722210999999994,130.62102418181817
40227,福岡県,嘉麻市,33.55133845945945,130.73284240540542
40228,福岡県,朝倉市,33.40400693617021,130.70822137234038
40229,福岡県,みやま市,33.126384549019605,130.48711472549024
40230,福岡県,糸島市,33.55001513095237,130.19469390476186
40231,福岡県,那珂川市,33.50729227358493,130.42527174528314
40341,福岡県,糟屋郡宇美町,33.565392421052614,130.52368375000006
40342,福岡県,糟屋郡篠栗町,33.62695692592593,130.5239812962963
40343,福岡県,糟屋郡志免町,33.589129808823536,130.47484066176472
40344,福岡県,糟屋郡須恵町,33.590315,130.51142099999998
40345,福岡県,糟屋郡新宮町,33.707185360655735,130.44709981967213
40348,福岡県,糟屋郡久山町,33.667266,130.51324033333333
40349,福岡県,糟屋郡粕屋町,33.614142379310344,130.4733360517241
40381,福岡県,遠賀郡芦屋町,33.89259739999999,130.66748613333334
40382,福岡県,遠賀郡水巻町,33.85432006944443,130.69494158333336
40383,福岡県,遠賀郡岡垣町,33.85061427397261,130.61836330136984
40384,福岡県,遠賀郡遠賀町,33.84641345945946,130.66633848648644
40401,福岡県,鞍手郡小竹町,33.709139333333326,130.70566666666664
40402,福岡県,鞍手郡鞍手町,33.789369,130.67347180000002
40421,福岡県,嘉穂郡桂川町,33.580335444444444,130.67298355555556
40447,福岡県,朝倉郡筑前町,33.45170249999998,130.61373111111118
40448,福岡県,朝倉郡東峰村,33.42921375,130.85220425
40503,福岡県,三井郡大刀洗町,33.377291187500006,130.61481856250003
40522,福岡県,三潴郡大木町,33.21063216666666,130.4408253888889
40544,福岡県,八女郡広川町,33.248592307692306,130.55792276923074
40601,福岡県,田川郡香春町,33.671490999999996,130.85730716666666
40602,福岡県,田川郡添田町,33.52951725,130.8712295
40604,福岡県,田川郡糸田町,33.655431500000006,130.7811745
40605,福岡県,田川郡川崎町,33.59008025,130.81315525
40608,福岡県,田川郡大任町,33.613215,130.851986
40609,福岡県,田川郡赤村,33.60770866666667,130.88080766666667
40610,福岡県,田川郡福智町,33.696890714285715,130.77886500000002
40621,福岡県,京都郡苅田町,33.771846967213115,130.97423637704918
40625,福岡県,京都郡みやこ町,33.657345140350884,130.9454920701755
40642,福岡県,築上郡吉富町,33.6050537,131.16849739999998
40646,福岡県,築上郡上毛町,33.56348110526314,131.15230200000005
40647,福岡県,築上郡築上町,33.6377572195122,131.02815995121944
41201,佐賀県,佐賀市,33.27383770656373,130.2880021119691
41202,佐賀県,唐津市,33.43706687096772,129.96589387500003
41203,佐賀県,鳥栖市,33.37691948351645,130.5060584175824
41204,佐賀県,多久市,33.275982799999994,130.1189894
41205,佐賀県,伊万里市,33.3073605934066,129.8839717362637
41206,佐賀県,武雄市,33.19678978571428,130.0110877857143
41207,佐賀県,鹿島市,33.087049692307694,130.10255146153844
41208,佐賀県,小城市,33.26575196666666,130.20490563333334
41209,佐賀県,嬉野市,33.10568836363637,130.0206390909091
41210,佐賀県,神埼市,33.30208790625001,130.36752125000004
41327,佐賀県,神埼郡吉野ヶ里町,33.3369638888889,130.3992661111111
41341,佐賀県,三養基郡基山町,33.428702625,130.52380650000003
41345,佐賀県,三養基郡上峰町,33.32300525,130.42305199999998
41346,佐賀県,三養基郡みやき町,33.31323341666667,130.44187374999998
41387,佐賀県,東松浦郡玄海町,33.47361157142858,129.86573438095232
41401,佐賀県,西松浦郡有田町,33.194990852459014,129.87445345901634
41423,佐賀県,杵島郡大町町,33.2184305,130.113223
41424,佐賀県,杵島郡江北町,33.21569383333334,130.1564055
41425,佐賀県,杵島郡白石町,33.16637479166666,130.1393210833333
41441,佐賀県,藤津郡太良町,32.98464255555556,130.18034922222222
42201,長崎県,長崎市,32.75969229140464,129.8569777589099
42202,長崎県,佐世保市,33.197086009677435,129.7021678161291
42203,長崎県,島原市,32.78721278378377,130.35785259459453
42204,長崎県,諫早市,32.856895405882334,130.06482270000004
42205,長崎県,大村市,32.92856563106797,129.96491789320388
42207,長崎県,平戸市,33.32343967676764,129.501866141414
42208,長崎県,松浦市,33.39696786363636,129.76715359090912
42209,長崎県,対馬市,34.381697702479364,129.32314014049578
42210,長崎県,壱岐市,33.78234398198197,129.7157614684685
42211,長崎県,五島市,32.69630316831683,128.78770383168313
42212,長崎県,西海市,32.99044007547171,129.68413735849055
42213,長崎県,雲仙市,32.80765379999999,130.23384805714284
42214,長崎県,南島原市,32.6679210222222,130.26070406666668
42307,長崎県,西彼杵郡長与町,32.825140083333345,129.880742
42308,長崎県,西彼杵郡時津町,32.834976999999995,129.83866411111114
42321,長崎県,東彼杵郡東彼杵町,33.033694999999994,129.9481381304348
42322,長崎県,東彼杵郡川棚町,33.07821017647058,129.8631644705883
42323,長崎県,東彼杵郡波佐見町,33.12935505,129.899295
42383,長崎県,北松浦郡小値賀町,33.19632476923078,129.059673
42391,長崎県,北松浦郡佐々町,33.2445116,129.65766355999997
42411,長崎県,南松浦郡新上五島町,32.96426855,129.06738034999995
43101,熊本県,熊本市中央区,32.79790988625593,130.7149946540285
43102,熊本県,熊本市東区,32.801162820895506,130.76762542786057
43103,熊本県,熊本市西区,32.79308800781251,130.665639703125
43104,熊本県,熊本市南区,32.74723966995073,130.69350793103447
43105,熊本県,熊本市北区,32.86435988000002,130.72270764571437
43202,熊本県,八代市,32.49951478846153,130.62168714903825
43203,熊本県,人吉市,32.199332064935064,130.75809259740268
43204,熊本県,荒尾市,32.98253457142859,130.45744578571424
43205,熊本県,水俣市,32.20210493258426,130.4137424269663
43206,熊本県,玉名市,32.92128557894737,130.55862965789467
43208,熊本県,山鹿市,33.01825069318182,130.7125083522728
43210,熊本県,菊池市,32.97049905405404,130.80166174324324
43211,熊本県,宇土市,32.68404160000004,130.64612215000008
43212,熊本県,上天草市,32.49838466666667,130.4077821333333
43213,熊本県,宇城市,32.625908774647904,130.67132970422543
43214,熊本県,阿蘇市,32.95529746341463,131.09170519512193
43215,熊本県,天草市,32.418717979797975,130.1738469191919
43216,熊本県,合志市,32.894556727272736,130.7704254545455
43348,熊本県,下益城郡美里町,32.620436958333336,130.84589841666664
43364,熊本県,玉名郡玉東町,32.90917699999999,130.62741060000002
43367,熊本県,玉名郡南関町,33.0351826,130.548921
43368,熊本県,玉名郡長洲町,32.92553333333333,130.4665795
43369,熊本県,玉名郡和水町,33.0233034102564,130.61626123076925
43403,熊本県,菊池郡大津町,32.88152707692307,130.89186011538462
43404,熊本県,菊池郡菊陽町,32.86081245454545,130.7883652727273
43423,熊本県,阿蘇郡南小国町,33.073054,131.08449099999999
43424,熊本県,阿蘇郡小国町,33.14054716666667,131.07387383333332
43425,熊本県,阿蘇郡産山村,33.00369379999999,131.2090116
43428,熊本県,阿蘇郡高森町,32.824921571428575,131.20744571428574
43432,熊本県,阿蘇郡西原村,32.8284194,130.9253144
43433,熊本県,阿蘇郡南阿蘇村,32.8525169090909,131.04345272727275
43441,熊本県,上益城郡御船町,32.721400769230776,130.8193710769231
43442,熊本県,上益城郡嘉島町,32.74387888888888,130.7497365555556
43443,熊本県,上益城郡益城町,32.790775727272724,130.82451168181825
43444,熊本県,上益城郡甲佐町,32.67102910000001,130.8069528666667
43447,熊本県,上益城郡山都町,32.700566234693866,131.05578711224493
43468,熊本県,八代郡氷川町,32.568485315789474,130.679649368421
43482,熊本県,葦北郡芦北町,32.30356073913043,130.53588673913043
43484,熊本県,葦北郡津奈木町,32.239915599999996,130.459528
43501,熊本県,球磨郡錦町,32.211545,130.84037933333335
43505,熊本県,球磨郡多良木町,32.258680600000005,130.96783599999998
43506,熊本県,球磨郡湯前町,32.276890555555546,130.9881916111111
43507,熊本県,球磨郡水上村,32.35351166666666,131.018044
43510,熊本県,球磨郡相良村,32.2740086,130.82097559999997
43511,熊本県,球磨郡五木村,32.421468999999995,130.82201466666666
43512,熊本県,球磨郡山江村,32.310140000000004,130.76813900000002
43513,熊本県,球磨郡球磨村,32.26289959999999,130.64862179999997
43514,熊本県,球磨郡あさぎり町,32.23061364285714,130.90216092857142
43531,熊本県,天草郡苓北町,32.493309124999996,130.064082875
44201,大分県,大分市,33.21840740985913,131.63537660281693
44202,大分県,別府市,33.29350675714284,131.48931565714284
44203,大分県,中津市,33.53110351754388,131.1786640175438
44204,大分県,日田市,33.298503226190476,130.94479400000006
44205,大分県,佐伯市,32.93936866197185,131.8726074859154
44206,大分県,臼杵市,33.083645484848475,131.74852556060608
44207,大分県,津久見市,33.07695765789475,131.86645565789468
44208,大分県,竹田市,32.96192187654319,131.33046690123462
44209,大分県,豊後高田市,33.56615672413793,131.4903758620689
44210,大分県,杵築市,33.44570295238095,131.5661775
44211,大分県,宇佐市,33.471920658227845,131.34068077637133
44212,大分県,豊後大野市,32.990347219696936,131.5191135227272
44213,大分県,由布市,33.20503127777778,131.44281937037036
44214,大分県,国東市,33.55405946666667,131.6660940133333
44322,大分県,東国東郡姫島村,33.727490807692305,131.66244707692312
44341,大分県,速見郡日出町,33.376980875,131.53231225
44461,大分県,玖珠郡九重町,33.21296409090908,131.1931059090909
44462,大分県,玖珠郡玖珠町,33.29484473333334,131.14673140000002
45201,宮崎県,宮崎市,31.906937439560412,131.4118797554945
45202,宮崎県,都城市,31.758940222222215,131.07011065740727
45203,宮崎県,延岡市,32.58099429836064,131.65617567868847
45204,宮崎県,日南市,31.598953369230767,131.37564088461542
45205,宮崎県,小林市,32.01253476470589,131.02865158823525
45206,宮崎県,日向市,32.41942235051546,131.6152790309278
45207,宮崎県,串間市,31.47570447619047,131.2439267619048
45208,宮崎県,西都市,32.11690659677419,131.38139970967742
45209,宮崎県,えびの市,32.046299600000005,130.80957713333333
45341,宮崎県,北諸県郡三股町,31.734428454545455,131.12754863636363
45361,宮崎県,西諸県郡高原町,31.929351750000002,131.00936525
45382,宮崎県,東諸県郡国富町,32.00644406250001,131.31864831249996
45383,宮崎県,東諸県郡綾町,32.021323,131.233115
45401,宮崎県,児湯郡高鍋町,32.128426166666664,131.514058
45402,宮崎県,児湯郡新富町,32.069340227272725,131.48654413636362
45403,宮崎県,児湯郡西米良村,32.232609000000004,131.16212857142858
45404,宮崎県,児湯郡木城町,32.20878140000001,131.4197636
45405,宮崎県,児湯郡川南町,32.1969175,131.512278
45406,宮崎県,児湯郡都農町,32.277334,131.504216
45421,宮崎県,東臼杵郡門川町,32.47735621311475,131.6523971311475
45429,宮崎県,東臼杵郡諸塚村,32.543521,131.3121755
45430,宮崎県,東臼杵郡椎葉村,32.4663575,131.15559825
45431,宮崎県,東臼杵郡美郷町,32.43942046153846,131.37560223076926
45441,宮崎県,西臼杵郡高千穂町,32.7459745,131.3060113
45442,宮崎県,西臼杵郡日之影町,32.66697025,131.40498625
45443,宮崎県,西臼杵郡五ヶ瀬町,32.662819666666664,131.20302
46201,鹿児島県,鹿児島市,31.57885766759003,130.53396081163422
46203,鹿児島県,鹿屋市,31.391163258426964,130.85021625842703
46204,鹿児島県,枕崎市,31.2789530487805,130.30479008536582
46206,鹿児島県,阿久根市,32.01830020833333,130.20706058333332
46208,鹿児島県,出水市,32.086228375000005,130.33399597499997
46210,鹿児島県,指宿市,31.226553804878037,130.6176211951219
46213,鹿児島県,西之表市,30.7232373125,131.00493406250004
46214,鹿児島県,垂水市,31.499669599999997,130.7250462
46215,鹿児島県,薩摩川内市,31.822846989473696,130.24315526315797
46216,鹿児島県,日置市,31.60871545833332,130.3811006458333
46217,鹿児島県,曽於市,31.637443272727275,130.99220706060606
46218,鹿児島県,霧島市,31.762730212389375,130.7625065929204
46219,鹿児島県,いちき串木野市,31.72144787878788,130.27443831818175
46220,鹿児島県,南さつま市,31.4114628,130.30698295000008
46221,鹿児島県,志布志市,31.509639611111115,131.07701655555556
46222,鹿児島県,奄美市,28.38085427160495,129.53112114814817
46223,鹿児島県,南九州市,31.356904733333337,130.4188589333333
46224,鹿児島県,伊佐市,32.047354972972954,130.6102832432432
46225,鹿児島県,姶良市,31.752454903846154,130.6165529423077
46303,鹿児島県,鹿児島郡三島村,30.810632000000002,130.21955233333333
46304,鹿児島県,鹿児島郡十島村,29.610492500000003,129.587783625
46392,鹿児島県,薩摩郡さつま町,31.92321632,130.46178336
46404,鹿児島県,出水郡長島町,32.18048263636364,130.15926554545453
46452,鹿児島県,姶良郡湧水町,31.980494750000002,130.7214629166667
46468,鹿児島県,曽於郡大崎町,31.446268700000008,131.00041679999998
46482,鹿児島県,肝属郡東串良町,31.3867074,130.9786916
46490,鹿児島県,肝属郡錦江町,31.219239199999997,130.8687432
46491,鹿児島県,肝属郡南大隅町,31.14067522222222,130.76834477777777
46492,鹿児島県,肝属郡肝付町,31.311602200000003,130.9756638
46501,鹿児島県,熊毛郡中種子町,30.54011457142857,130.95475957142853
46502,鹿児島県,熊毛郡南種子町,30.412426666666665,130.910136
46505,鹿児島県,熊毛郡屋久島町,30.334773555555557,130.51651822222217
46523,鹿児島県,大島郡大和村,28.338418454545458,129.3576668181818
46524,鹿児島県,大島郡宇検村,28.27092684615384,129.25180030769232
46525,鹿児島県,大島郡瀬戸内町,28.149810803921564,129.27534292156867
46527,鹿児島県,大島郡龍郷町,28.424076357142855,129.59032778571427
46529,鹿児島県,大島郡喜界町,28.323472387096775,129.9707632903226
46530,鹿児島県,大島郡徳之島町,27.7862224375,128.982921625
46531,鹿児島県,大島郡天城町,27.814670999999997,128.91185781818183
46532,鹿児島県,大島郡伊仙町,27.705130117647055,128.94224088235293
46533,鹿児島県,大島郡和泊町,27.3958287,128.6299919
46534,鹿児島県,大島郡知名町,27.362739700000002,128.57403479999996
46535,鹿児島県,大島郡与論町,27.042088333333336,128.43207199999998
47201,沖縄県,那覇市,26.213095251141564,127.69215325570778
47205,沖縄県,宜野湾市,26.272928499999995,127.75629874358972
47207,沖縄県,石垣市,24.396491730769228,124.18636553846153
47208,沖縄県,浦添市,26.249450493670878,127.71500826582277
47209,沖縄県,名護市,26.595774322222223,127.99556363333335
47210,沖縄県,糸満市,26.122395295454535,127.68069015909094
47211,沖縄県,沖縄市,26.337909356164378,127.81272635616442
47212,沖縄県,豊見城市,26.175652533333334,127.67848316666668
47213,沖縄県,うるま市,26.3740091686747,127.8662227228916
47214,沖縄県,宮古島市,24.7830904,125.2934714
47215,沖縄県,南城市,26.162836520833338,127.78320316666667
47301,沖縄県,国頭郡国頭村,26.763822750000003,128.22884265
47302,沖縄県,国頭郡大宜味村,26.673810124999992,128.13361049999995
47303,沖縄県,国頭郡東村,26.626081833333334,128.16943133333334
47306,沖縄県,国頭郡今帰仁村,26.68253957894737,127.9692677894737
47308,沖縄県,国頭郡本部町,26.668898111111115,127.8997305925926
47311,沖縄県,国頭郡恩納村,26.467722636363636,127.84157545454546
47313,沖縄県,国頭郡宜野座村,26.495649999999998,127.9651855
47314,沖縄県,国頭郡金武町,26.462495666666666,127.88313866666665
47315,沖縄県,国頭郡伊江村,26.72011,127.7835376
47324,沖縄県,中頭郡読谷村,26.39595790909091,127.74313459090912
47325,沖縄県,中頭郡嘉手納町,26.363460428571425,127.75848657142856
47326,沖縄県,中頭郡北谷町,26.31795361904762,127.76283342857141
47327,沖縄県,中頭郡北中城村,26.304243928571427,127.79876350000002
47328,沖縄県,中頭郡中城村,26.261088588235296,127.78862076470587
47329,沖縄県,中頭郡西原町,26.231292759999995,127.75950296000002
47348,沖縄県,島尻郡与那原町,26.2008945,127.75769475
47350,沖縄県,島尻郡南風原町,26.193372333333333,127.72969083333334
47353,沖縄県,島尻郡渡嘉敷村,26.19430733333333,127.38793533333335
47354,沖縄県,島尻郡座間味村,26.2170452,127.2966562
47355,沖縄県,島尻郡粟国村,26.587397999999997,127.23099200000001
47356,沖縄県,島尻郡渡名喜村,26.36692034090909,127.14645950000003
47357,沖縄県,島尻郡南大東村,25.841003666666666,131.2425145
47358,沖縄県,島尻郡北大東村,25.5758595,131.27343299999998
47359,沖縄県,島尻郡伊平屋村,27.0325534,127.95564019999999
47360,沖縄県,島尻郡伊是名村,26.9334568,127.938612
47361,沖縄県,島尻郡久米島町,26.407776074074075,126.8256994814815
47362,沖縄県,島尻郡八重瀬町,26.14162060869565,127.72623408695654
47375,沖縄県,宮古郡多良間村,24.689385333333334,124.69837133333334
47381,沖縄県,八重山郡竹富町,24.304386538461532,123.8787486923077
47382,沖縄県,八重山郡与那国町,24.455925,122.987678
